case_id,model,model_snapshot,provider,endpoint,condition,replicate_index,prompt_version_hash,temperature,timestamp,attempt_index,raw_response_text,parsed_score,parsed_verdict,parsed_confidence,parsed_rubric_market_potential,parsed_rubric_technical_feasibility,parsed_rubric_business_viability,parsed_reasoning,validity_flag
CASE_KS_001,models/Meta-Llama-3-8B-Instruct,models/Meta-Llama-3-8B-Instruct,vllm,http://localhost:8000/v1,C1,3,3bb65d16,0.0,2026-08-28T17:17:58.892544,1,"{
  ""score"": 6,
  ""verdict"": ""pass"",
  ""confidence"": 80,
  ""rubric_scores"": {
    ""market_potential"": 3,
    ""technical_feasibility"": 5,
    ""business_viability"": 2
  },
  ""reasoning"": ""While the idea has some appeal, it lacks a clear competitive advantage and scalability, making it difficult to justify investment. The focus on a single event series also limits the potential for long-term growth.""
}",6,pass,80,3,5,2,"While the idea has some appeal, it lacks a clear competitive advantage and scalability, making it difficult to justify investment. The focus on a single event series also limits the potential for long-term growth.",True
CASE_KS_001,models/Meta-Llama-3-8B-Instruct,models/Meta-Llama-3-8B-Instruct,vllm,http://localhost:8000/v1,C1,4,3bb65d16,0.0,2026-08-28T17:17:58.941980,1,"{
  ""score"": 6,
  ""verdict"": ""pass"",
  ""confidence"": 80,
  ""rubric_scores"": {
    ""market_potential"": 3,
    ""technical_feasibility"": 5,
    ""business_viability"": 2
  },
  ""reasoning"": ""While the idea has some appeal, it lacks a clear competitive advantage and scalability, making it difficult to justify investment. The focus on a single event series also limits the potential for long-term growth.""
}",6,pass,80,3,5,2,"While the idea has some appeal, it lacks a clear competitive advantage and scalability, making it difficult to justify investment. The focus on a single event series also limits the potential for long-term growth.",True
CASE_KS_001,models/Meta-Llama-3-8B-Instruct,models/Meta-Llama-3-8B-Instruct,vllm,http://localhost:8000/v1,C1,10,3bb65d16,0.0,2026-08-28T17:18:00.144128,1,"{
  ""score"": 6,
  ""verdict"": ""pass"",
  ""confidence"": 80,
  ""rubric_scores"": {
    ""market_potential"": 3,
    ""technical_feasibility"": 5,
    ""business_viability"": 2
  },
  ""reasoning"": ""While the idea has some appeal, it lacks a clear competitive advantage and scalability, making it difficult to justify investment. The focus on a single event series also limits the potential for long-term growth.""
}",6,pass,80,3,5,2,"While the idea has some appeal, it lacks a clear competitive advantage and scalability, making it difficult to justify investment. The focus on a single event series also limits the potential for long-term growth.",True
CASE_KS_001,models/Meta-Llama-3-8B-Instruct,models/Meta-Llama-3-8B-Instruct,vllm,http://localhost:8000/v1,C1,6,3bb65d16,0.0,2026-08-28T17:17:59.342211,1,"{
  ""score"": 6,
  ""verdict"": ""pass"",
  ""confidence"": 80,
  ""rubric_scores"": {
    ""market_potential"": 3,
    ""technical_feasibility"": 5,
    ""business_viability"": 2
  },
  ""reasoning"": ""While the idea has some appeal, it lacks a clear competitive advantage and scalability, making it difficult to justify investment. The focus on a single event series also limits the potential for long-term growth.""
}",6,pass,80,3,5,2,"While the idea has some appeal, it lacks a clear competitive advantage and scalability, making it difficult to justify investment. The focus on a single event series also limits the potential for long-term growth.",True
CASE_KS_001,models/Meta-Llama-3-8B-Instruct,models/Meta-Llama-3-8B-Instruct,vllm,http://localhost:8000/v1,C1,7,3bb65d16,0.0,2026-08-28T17:17:59.542036,1,"{
  ""score"": 6,
  ""verdict"": ""pass"",
  ""confidence"": 80,
  ""rubric_scores"": {
    ""market_potential"": 3,
    ""technical_feasibility"": 5,
    ""business_viability"": 2
  },
  ""reasoning"": ""While the idea has some appeal, it lacks a clear competitive advantage and scalability, making it difficult to justify investment. The focus on a single event series also limits the potential for long-term growth.""
}",6,pass,80,3,5,2,"While the idea has some appeal, it lacks a clear competitive advantage and scalability, making it difficult to justify investment. The focus on a single event series also limits the potential for long-term growth.",True
CASE_KS_001,models/Meta-Llama-3-8B-Instruct,models/Meta-Llama-3-8B-Instruct,vllm,http://localhost:8000/v1,C1,8,3bb65d16,0.0,2026-08-28T17:17:59.742068,1,"{
  ""score"": 6,
  ""verdict"": ""pass"",
  ""confidence"": 80,
  ""rubric_scores"": {
    ""market_potential"": 3,
    ""technical_feasibility"": 5,
    ""business_viability"": 2
  },
  ""reasoning"": ""While the idea has some appeal, it lacks a clear competitive advantage and scalability, making it difficult to justify investment. The focus on a single event series also limits the potential for long-term growth.""
}",6,pass,80,3,5,2,"While the idea has some appeal, it lacks a clear competitive advantage and scalability, making it difficult to justify investment. The focus on a single event series also limits the potential for long-term growth.",True
CASE_KS_001,models/Meta-Llama-3-8B-Instruct,models/Meta-Llama-3-8B-Instruct,vllm,http://localhost:8000/v1,C1,9,3bb65d16,0.0,2026-08-28T17:17:59.942892,1,"{
  ""score"": 6,
  ""verdict"": ""pass"",
  ""confidence"": 80,
  ""rubric_scores"": {
    ""market_potential"": 3,
    ""technical_feasibility"": 5,
    ""business_viability"": 2
  },
  ""reasoning"": ""While the idea has some appeal, it lacks a clear competitive advantage and scalability, making it difficult to justify investment. The focus on a single event series also limits the potential for long-term growth.""
}",6,pass,80,3,5,2,"While the idea has some appeal, it lacks a clear competitive advantage and scalability, making it difficult to justify investment. The focus on a single event series also limits the potential for long-term growth.",True
CASE_KS_001,models/Meta-Llama-3-8B-Instruct,models/Meta-Llama-3-8B-Instruct,vllm,http://localhost:8000/v1,C1,2,3bb65d16,0.0,2026-08-28T17:17:58.891302,1,"{
  ""score"": 6,
  ""verdict"": ""pass"",
  ""confidence"": 80,
  ""rubric_scores"": {
    ""market_potential"": 3,
    ""technical_feasibility"": 5,
    ""business_viability"": 2
  },
  ""reasoning"": ""While the idea has some appeal, it lacks a clear competitive advantage and scalability, making it difficult to justify investment. The focus on a single event series also limits the potential for long-term growth.""
}",6,pass,80,3,5,2,"While the idea has some appeal, it lacks a clear competitive advantage and scalability, making it difficult to justify investment. The focus on a single event series also limits the potential for long-term growth.",True
CASE_KS_001,models/Meta-Llama-3-8B-Instruct,models/Meta-Llama-3-8B-Instruct,vllm,http://localhost:8000/v1,C1,1,3bb65d16,0.0,2026-08-28T17:17:58.342725,1,"{
  ""score"": 6,
  ""verdict"": ""pass"",
  ""confidence"": 80,
  ""rubric_scores"": {
    ""market_potential"": 3,
    ""technical_feasibility"": 5,
    ""business_viability"": 2
  },
  ""reasoning"": ""While the idea has some appeal, it lacks a clear competitive advantage and scalability, making it difficult to justify investment. The focus on a single event series also limits the potential for long-term growth.""
}",6,pass,80,3,5,2,"While the idea has some appeal, it lacks a clear competitive advantage and scalability, making it difficult to justify investment. The focus on a single event series also limits the potential for long-term growth.",True
CASE_KS_001,models/Meta-Llama-3-8B-Instruct,models/Meta-Llama-3-8B-Instruct,vllm,http://localhost:8000/v1,C1,5,3bb65d16,0.0,2026-08-28T17:17:59.145099,1,"{
  ""score"": 6,
  ""verdict"": ""pass"",
  ""confidence"": 80,
  ""rubric_scores"": {
    ""market_potential"": 3,
    ""technical_feasibility"": 5,
    ""business_viability"": 2
  },
  ""reasoning"": ""While the idea has some appeal, it lacks a clear competitive advantage and scalability, making it difficult to justify investment. The focus on a single event series also limits the potential for long-term growth.""
}",6,pass,80,3,5,2,"While the idea has some appeal, it lacks a clear competitive advantage and scalability, making it difficult to justify investment. The focus on a single event series also limits the potential for long-term growth.",True
CASE_KS_002,models/Meta-Llama-3-8B-Instruct,models/Meta-Llama-3-8B-Instruct,vllm,http://localhost:8000/v1,C1,1,3bb65d16,0.0,2026-08-28T17:18:46.627937,1,"{
  ""score"": 6,
  ""verdict"": ""pass"",
  ""confidence"": 80,
  ""rubric_scores"": {
    ""market_potential"": 4,
    ""technical_feasibility"": 5,
    ""business_viability"": 2
  },
  ""reasoning"": ""While the idea has potential to create positive social impact, it may not be scalable or profitable enough to justify significant investment. The focus on a specific student group and local context limits its broader market potential.""
}",6,pass,80,4,5,2,"While the idea has potential to create positive social impact, it may not be scalable or profitable enough to justify significant investment. The focus on a specific student group and local context limits its broader market potential.",True
CASE_KS_002,models/Meta-Llama-3-8B-Instruct,models/Meta-Llama-3-8B-Instruct,vllm,http://localhost:8000/v1,C1,2,3bb65d16,0.0,2026-08-28T17:18:47.231420,1,"{
  ""score"": 6,
  ""verdict"": ""pass"",
  ""confidence"": 80,
  ""rubric_scores"": {
    ""market_potential"": 4,
    ""technical_feasibility"": 5,
    ""business_viability"": 2
  },
  ""reasoning"": ""While the idea has potential to create positive social impact, it may not be scalable or profitable enough to justify significant investment. The focus on a specific student group and limited scope may limit its growth potential.""
}",6,pass,80,4,5,2,"While the idea has potential to create positive social impact, it may not be scalable or profitable enough to justify significant investment. The focus on a specific student group and limited scope may limit its growth potential.",True
CASE_KS_002,models/Meta-Llama-3-8B-Instruct,models/Meta-Llama-3-8B-Instruct,vllm,http://localhost:8000/v1,C1,3,3bb65d16,0.0,2026-08-28T17:18:47.439565,1,"{
  ""score"": 6,
  ""verdict"": ""pass"",
  ""confidence"": 80,
  ""rubric_scores"": {
    ""market_potential"": 4,
    ""technical_feasibility"": 5,
    ""business_viability"": 2
  },
  ""reasoning"": ""While the idea has potential to create positive social impact, it may not be scalable or profitable enough to justify significant investment. The focus on a specific student group and limited scope may limit its growth potential.""
}",6,pass,80,4,5,2,"While the idea has potential to create positive social impact, it may not be scalable or profitable enough to justify significant investment. The focus on a specific student group and limited scope may limit its growth potential.",True
CASE_KS_002,models/Meta-Llama-3-8B-Instruct,models/Meta-Llama-3-8B-Instruct,vllm,http://localhost:8000/v1,C1,4,3bb65d16,0.0,2026-08-28T17:18:47.638695,1,"{
  ""score"": 6,
  ""verdict"": ""pass"",
  ""confidence"": 80,
  ""rubric_scores"": {
    ""market_potential"": 4,
    ""technical_feasibility"": 5,
    ""business_viability"": 2
  },
  ""reasoning"": ""While the idea has potential to create positive social impact, it may not be scalable or profitable enough to justify significant investment. The focus on a specific student group and limited scope may limit its growth potential.""
}",6,pass,80,4,5,2,"While the idea has potential to create positive social impact, it may not be scalable or profitable enough to justify significant investment. The focus on a specific student group and limited scope may limit its growth potential.",True
CASE_KS_002,models/Meta-Llama-3-8B-Instruct,models/Meta-Llama-3-8B-Instruct,vllm,http://localhost:8000/v1,C1,5,3bb65d16,0.0,2026-08-28T17:18:47.839389,1,"{
  ""score"": 6,
  ""verdict"": ""pass"",
  ""confidence"": 80,
  ""rubric_scores"": {
    ""market_potential"": 4,
    ""technical_feasibility"": 5,
    ""business_viability"": 2
  },
  ""reasoning"": ""While the idea has potential to create positive social impact, it may not be scalable or profitable enough to justify significant investment. The focus on a specific student group and limited scope may limit its growth potential.""
}",6,pass,80,4,5,2,"While the idea has potential to create positive social impact, it may not be scalable or profitable enough to justify significant investment. The focus on a specific student group and limited scope may limit its growth potential.",True
CASE_KS_002,models/Meta-Llama-3-8B-Instruct,models/Meta-Llama-3-8B-Instruct,vllm,http://localhost:8000/v1,C1,6,3bb65d16,0.0,2026-08-28T17:18:48.039472,1,"{
  ""score"": 6,
  ""verdict"": ""pass"",
  ""confidence"": 80,
  ""rubric_scores"": {
    ""market_potential"": 4,
    ""technical_feasibility"": 5,
    ""business_viability"": 2
  },
  ""reasoning"": ""While the idea has potential to create positive social impact, it may not be scalable or profitable enough to justify significant investment. The focus on a specific student group and limited scope may limit its growth potential.""
}",6,pass,80,4,5,2,"While the idea has potential to create positive social impact, it may not be scalable or profitable enough to justify significant investment. The focus on a specific student group and limited scope may limit its growth potential.",True
CASE_KS_002,models/Meta-Llama-3-8B-Instruct,models/Meta-Llama-3-8B-Instruct,vllm,http://localhost:8000/v1,C1,8,3bb65d16,0.0,2026-08-28T17:18:48.449749,1,"{
  ""score"": 6,
  ""verdict"": ""pass"",
  ""confidence"": 80,
  ""rubric_scores"": {
    ""market_potential"": 4,
    ""technical_feasibility"": 5,
    ""business_viability"": 2
  },
  ""reasoning"": ""While the idea has potential to create positive social impact, it may not be scalable or profitable enough to justify significant investment. The focus on a specific student group and limited scope may limit its growth potential.""
}",6,pass,80,4,5,2,"While the idea has potential to create positive social impact, it may not be scalable or profitable enough to justify significant investment. The focus on a specific student group and limited scope may limit its growth potential.",True
CASE_KS_002,models/Meta-Llama-3-8B-Instruct,models/Meta-Llama-3-8B-Instruct,vllm,http://localhost:8000/v1,C1,7,3bb65d16,0.0,2026-08-28T17:18:48.250603,1,"{
  ""score"": 6,
  ""verdict"": ""pass"",
  ""confidence"": 80,
  ""rubric_scores"": {
    ""market_potential"": 4,
    ""technical_feasibility"": 5,
    ""business_viability"": 2
  },
  ""reasoning"": ""While the idea has potential to create positive social impact, it may not be scalable or profitable enough to justify significant investment. The focus on a specific student group and limited scope may limit its growth potential.""
}",6,pass,80,4,5,2,"While the idea has potential to create positive social impact, it may not be scalable or profitable enough to justify significant investment. The focus on a specific student group and limited scope may limit its growth potential.",True
CASE_KS_002,models/Meta-Llama-3-8B-Instruct,models/Meta-Llama-3-8B-Instruct,vllm,http://localhost:8000/v1,C1,9,3bb65d16,0.0,2026-08-28T17:18:48.649303,1,"{
  ""score"": 6,
  ""verdict"": ""pass"",
  ""confidence"": 80,
  ""rubric_scores"": {
    ""market_potential"": 4,
    ""technical_feasibility"": 5,
    ""business_viability"": 2
  },
  ""reasoning"": ""While the idea has potential to create positive social impact, it may not be scalable or profitable enough to justify significant investment. The focus on a specific student group and limited scope may limit its growth potential.""
}",6,pass,80,4,5,2,"While the idea has potential to create positive social impact, it may not be scalable or profitable enough to justify significant investment. The focus on a specific student group and limited scope may limit its growth potential.",True
CASE_KS_002,models/Meta-Llama-3-8B-Instruct,models/Meta-Llama-3-8B-Instruct,vllm,http://localhost:8000/v1,C1,10,3bb65d16,0.0,2026-08-28T17:18:48.849454,1,"{
  ""score"": 6,
  ""verdict"": ""pass"",
  ""confidence"": 80,
  ""rubric_scores"": {
    ""market_potential"": 4,
    ""technical_feasibility"": 5,
    ""business_viability"": 2
  },
  ""reasoning"": ""While the idea has potential to create positive social impact, it may not be scalable or profitable enough to justify significant investment. The focus on a specific student group and limited scope may limit its growth potential.""
}",6,pass,80,4,5,2,"While the idea has potential to create positive social impact, it may not be scalable or profitable enough to justify significant investment. The focus on a specific student group and limited scope may limit its growth potential.",True
CASE_KS_003,models/Meta-Llama-3-8B-Instruct,models/Meta-Llama-3-8B-Instruct,vllm,http://localhost:8000/v1,C1,1,3bb65d16,0.0,2026-08-28T17:19:33.390615,1,"{
  ""score"": 6,
  ""verdict"": ""pass"",
  ""confidence"": 80,
  ""rubric_scores"": {
    ""market_potential"": 4,
    ""technical_feasibility"": 3,
    ""business_viability"": 2
  },
  ""reasoning"": ""While the idea is innovative and could spark interest in nuclear fusion, the market potential is limited due to the niche nature of the product and the high technical barriers to entry. The business viability is also uncertain, as the startup would need to navigate complex regulatory and safety issues.""
}",6,pass,80,4,3,2,"While the idea is innovative and could spark interest in nuclear fusion, the market potential is limited due to the niche nature of the product and the high technical barriers to entry. The business viability is also uncertain, as the startup would need to navigate complex regulatory and safety issues.",True
CASE_KS_003,models/Meta-Llama-3-8B-Instruct,models/Meta-Llama-3-8B-Instruct,vllm,http://localhost:8000/v1,C1,2,3bb65d16,0.0,2026-08-28T17:19:34.011236,1,"{
  ""score"": 6,
  ""verdict"": ""pass"",
  ""confidence"": 80,
  ""rubric_scores"": {
    ""market_potential"": 4,
    ""technical_feasibility"": 3,
    ""business_viability"": 2
  },
  ""reasoning"": ""While the idea is innovative and could spark interest in nuclear fusion, the market potential is limited due to the niche nature of the product and the high technical barriers to entry. The business viability is also uncertain, as the startup would need to navigate complex regulatory and safety issues.""
}",6,pass,80,4,3,2,"While the idea is innovative and could spark interest in nuclear fusion, the market potential is limited due to the niche nature of the product and the high technical barriers to entry. The business viability is also uncertain, as the startup would need to navigate complex regulatory and safety issues.",True
CASE_KS_003,models/Meta-Llama-3-8B-Instruct,models/Meta-Llama-3-8B-Instruct,vllm,http://localhost:8000/v1,C1,3,3bb65d16,0.0,2026-08-28T17:19:34.640063,1,"{
  ""score"": 6,
  ""verdict"": ""pass"",
  ""confidence"": 80,
  ""rubric_scores"": {
    ""market_potential"": 4,
    ""technical_feasibility"": 3,
    ""business_viability"": 2
  },
  ""reasoning"": ""While the idea is innovative and could spark interest in nuclear fusion, the market potential is limited due to the niche nature of the product and the high technical barriers to entry. The business viability is also uncertain, as the startup would need to navigate complex regulatory and safety issues.""
}",6,pass,80,4,3,2,"While the idea is innovative and could spark interest in nuclear fusion, the market potential is limited due to the niche nature of the product and the high technical barriers to entry. The business viability is also uncertain, as the startup would need to navigate complex regulatory and safety issues.",True
CASE_KS_003,models/Meta-Llama-3-8B-Instruct,models/Meta-Llama-3-8B-Instruct,vllm,http://localhost:8000/v1,C1,4,3bb65d16,0.0,2026-08-28T17:19:34.840044,1,"{
  ""score"": 6,
  ""verdict"": ""pass"",
  ""confidence"": 80,
  ""rubric_scores"": {
    ""market_potential"": 4,
    ""technical_feasibility"": 3,
    ""business_viability"": 2
  },
  ""reasoning"": ""While the idea is innovative and could spark interest in nuclear fusion, the market potential is limited due to the niche nature of the product and the high technical barriers to entry. The business viability is also uncertain, as the startup would need to navigate complex regulatory and safety issues.""
}",6,pass,80,4,3,2,"While the idea is innovative and could spark interest in nuclear fusion, the market potential is limited due to the niche nature of the product and the high technical barriers to entry. The business viability is also uncertain, as the startup would need to navigate complex regulatory and safety issues.",True
CASE_KS_003,models/Meta-Llama-3-8B-Instruct,models/Meta-Llama-3-8B-Instruct,vllm,http://localhost:8000/v1,C1,5,3bb65d16,0.0,2026-08-28T17:19:35.510356,1,"{
  ""score"": 6,
  ""verdict"": ""pass"",
  ""confidence"": 80,
  ""rubric_scores"": {
    ""market_potential"": 4,
    ""technical_feasibility"": 3,
    ""business_viability"": 2
  },
  ""reasoning"": ""While the idea is innovative and could spark interest in nuclear fusion, the market potential is limited due to the niche nature of the product and the high technical barriers to entry. The business viability is also uncertain, as the startup would need to navigate complex regulatory and safety issues.""
}",6,pass,80,4,3,2,"While the idea is innovative and could spark interest in nuclear fusion, the market potential is limited due to the niche nature of the product and the high technical barriers to entry. The business viability is also uncertain, as the startup would need to navigate complex regulatory and safety issues.",True
CASE_KS_003,models/Meta-Llama-3-8B-Instruct,models/Meta-Llama-3-8B-Instruct,vllm,http://localhost:8000/v1,C1,6,3bb65d16,0.0,2026-08-28T17:19:35.710526,1,"{
  ""score"": 6,
  ""verdict"": ""pass"",
  ""confidence"": 80,
  ""rubric_scores"": {
    ""market_potential"": 4,
    ""technical_feasibility"": 3,
    ""business_viability"": 2
  },
  ""reasoning"": ""While the idea is innovative and could spark interest in nuclear fusion, the market potential is limited due to the niche nature of the product and the high technical barriers to entry. The business viability is also uncertain, as the startup would need to navigate complex regulatory and safety issues.""
}",6,pass,80,4,3,2,"While the idea is innovative and could spark interest in nuclear fusion, the market potential is limited due to the niche nature of the product and the high technical barriers to entry. The business viability is also uncertain, as the startup would need to navigate complex regulatory and safety issues.",True
CASE_KS_003,models/Meta-Llama-3-8B-Instruct,models/Meta-Llama-3-8B-Instruct,vllm,http://localhost:8000/v1,C1,7,3bb65d16,0.0,2026-08-28T17:19:36.326097,1,"{
  ""score"": 6,
  ""verdict"": ""pass"",
  ""confidence"": 80,
  ""rubric_scores"": {
    ""market_potential"": 4,
    ""technical_feasibility"": 3,
    ""business_viability"": 2
  },
  ""reasoning"": ""While the idea is innovative and could spark interest in nuclear fusion, the market potential is limited due to the niche nature of the product and the high technical barriers to entry. The business viability is also uncertain, as the startup would need to navigate complex regulatory and safety issues.""
}",6,pass,80,4,3,2,"While the idea is innovative and could spark interest in nuclear fusion, the market potential is limited due to the niche nature of the product and the high technical barriers to entry. The business viability is also uncertain, as the startup would need to navigate complex regulatory and safety issues.",True
CASE_KS_003,models/Meta-Llama-3-8B-Instruct,models/Meta-Llama-3-8B-Instruct,vllm,http://localhost:8000/v1,C1,8,3bb65d16,0.0,2026-08-28T17:19:36.527162,1,"{
  ""score"": 6,
  ""verdict"": ""pass"",
  ""confidence"": 80,
  ""rubric_scores"": {
    ""market_potential"": 4,
    ""technical_feasibility"": 3,
    ""business_viability"": 2
  },
  ""reasoning"": ""While the idea is innovative and could spark interest in nuclear fusion, the market potential is limited due to the niche nature of the product and the high technical barriers to entry. The business viability is also uncertain, as the startup would need to navigate complex regulatory and safety issues.""
}",6,pass,80,4,3,2,"While the idea is innovative and could spark interest in nuclear fusion, the market potential is limited due to the niche nature of the product and the high technical barriers to entry. The business viability is also uncertain, as the startup would need to navigate complex regulatory and safety issues.",True
CASE_KS_003,models/Meta-Llama-3-8B-Instruct,models/Meta-Llama-3-8B-Instruct,vllm,http://localhost:8000/v1,C1,9,3bb65d16,0.0,2026-08-28T17:19:37.146665,1,"{
  ""score"": 6,
  ""verdict"": ""pass"",
  ""confidence"": 80,
  ""rubric_scores"": {
    ""market_potential"": 4,
    ""technical_feasibility"": 3,
    ""business_viability"": 2
  },
  ""reasoning"": ""While the idea is innovative and could spark interest in nuclear fusion, the market potential is limited due to the niche nature of the product and the high technical barriers to entry. The business viability is also uncertain, as the startup would need to navigate complex regulatory and safety issues.""
}",6,pass,80,4,3,2,"While the idea is innovative and could spark interest in nuclear fusion, the market potential is limited due to the niche nature of the product and the high technical barriers to entry. The business viability is also uncertain, as the startup would need to navigate complex regulatory and safety issues.",True
CASE_KS_003,models/Meta-Llama-3-8B-Instruct,models/Meta-Llama-3-8B-Instruct,vllm,http://localhost:8000/v1,C1,10,3bb65d16,0.0,2026-08-28T17:19:37.348860,1,"{
  ""score"": 6,
  ""verdict"": ""pass"",
  ""confidence"": 80,
  ""rubric_scores"": {
    ""market_potential"": 4,
    ""technical_feasibility"": 3,
    ""business_viability"": 2
  },
  ""reasoning"": ""While the idea is innovative and could spark interest in nuclear fusion, the market potential is limited due to the niche nature of the product and the high technical barriers to entry. The business viability is also uncertain, as the startup would need to navigate complex regulatory and safety issues.""
}",6,pass,80,4,3,2,"While the idea is innovative and could spark interest in nuclear fusion, the market potential is limited due to the niche nature of the product and the high technical barriers to entry. The business viability is also uncertain, as the startup would need to navigate complex regulatory and safety issues.",True
CASE_KS_004,models/Meta-Llama-3-8B-Instruct,models/Meta-Llama-3-8B-Instruct,vllm,http://localhost:8000/v1,C1,1,3bb65d16,0.0,2026-08-28T17:20:26.031988,1,"{
  ""score"": 7,
  ""verdict"": ""invest"",
  ""confidence"": 80,
  ""rubric_scores"": {
    ""market_potential"": 4,
    ""technical_feasibility"": 3,
    ""business_viability"": 4
  },
  ""reasoning"": ""IVIOU's unique combination of video and e-commerce has the potential to disrupt traditional online marketplaces, and its simplicity and user-friendliness make it an attractive investment opportunity.""
}",7,invest,80,4,3,4,"IVIOU's unique combination of video and e-commerce has the potential to disrupt traditional online marketplaces, and its simplicity and user-friendliness make it an attractive investment opportunity.",True
CASE_KS_004,models/Meta-Llama-3-8B-Instruct,models/Meta-Llama-3-8B-Instruct,vllm,http://localhost:8000/v1,C1,2,3bb65d16,0.0,2026-08-28T17:20:26.662708,1,"{
  ""score"": 7,
  ""verdict"": ""invest"",
  ""confidence"": 80,
  ""rubric_scores"": {
    ""market_potential"": 4,
    ""technical_feasibility"": 3,
    ""business_viability"": 4
  },
  ""reasoning"": ""IVIOU's unique combination of video and e-commerce has the potential to disrupt traditional online marketplaces, and its simplicity and user-friendliness make it an attractive investment opportunity.""
}",7,invest,80,4,3,4,"IVIOU's unique combination of video and e-commerce has the potential to disrupt traditional online marketplaces, and its simplicity and user-friendliness make it an attractive investment opportunity.",True
CASE_KS_004,models/Meta-Llama-3-8B-Instruct,models/Meta-Llama-3-8B-Instruct,vllm,http://localhost:8000/v1,C1,3,3bb65d16,0.0,2026-08-28T17:20:27.748994,1,"{
  ""score"": 7,
  ""verdict"": ""invest"",
  ""confidence"": 80,
  ""rubric_scores"": {
    ""market_potential"": 4,
    ""technical_feasibility"": 3,
    ""business_viability"": 4
  },
  ""reasoning"": ""IVIOU's unique combination of video and e-commerce has the potential to disrupt traditional online marketplaces, and its simplicity and user-friendliness make it an attractive investment opportunity.""
}",7,invest,80,4,3,4,"IVIOU's unique combination of video and e-commerce has the potential to disrupt traditional online marketplaces, and its simplicity and user-friendliness make it an attractive investment opportunity.",True
CASE_KS_004,models/Meta-Llama-3-8B-Instruct,models/Meta-Llama-3-8B-Instruct,vllm,http://localhost:8000/v1,C1,4,3bb65d16,0.0,2026-08-28T17:20:27.950026,1,"{
  ""score"": 7,
  ""verdict"": ""invest"",
  ""confidence"": 80,
  ""rubric_scores"": {
    ""market_potential"": 4,
    ""technical_feasibility"": 3,
    ""business_viability"": 4
  },
  ""reasoning"": ""IVIOU's unique combination of video and e-commerce has the potential to disrupt traditional online marketplaces, and its simplicity and user-friendliness make it an attractive investment opportunity.""
}",7,invest,80,4,3,4,"IVIOU's unique combination of video and e-commerce has the potential to disrupt traditional online marketplaces, and its simplicity and user-friendliness make it an attractive investment opportunity.",True
CASE_KS_004,models/Meta-Llama-3-8B-Instruct,models/Meta-Llama-3-8B-Instruct,vllm,http://localhost:8000/v1,C1,5,3bb65d16,0.0,2026-08-28T17:20:29.014431,1,"{
  ""score"": 7,
  ""verdict"": ""invest"",
  ""confidence"": 80,
  ""rubric_scores"": {
    ""market_potential"": 4,
    ""technical_feasibility"": 3,
    ""business_viability"": 4
  },
  ""reasoning"": ""IVIOU's unique combination of video and e-commerce has the potential to disrupt traditional online marketplaces, and its simplicity and user-friendliness make it an attractive investment opportunity.""
}",7,invest,80,4,3,4,"IVIOU's unique combination of video and e-commerce has the potential to disrupt traditional online marketplaces, and its simplicity and user-friendliness make it an attractive investment opportunity.",True
CASE_KS_004,models/Meta-Llama-3-8B-Instruct,models/Meta-Llama-3-8B-Instruct,vllm,http://localhost:8000/v1,C1,6,3bb65d16,0.0,2026-08-28T17:20:29.217161,1,"{
  ""score"": 7,
  ""verdict"": ""invest"",
  ""confidence"": 80,
  ""rubric_scores"": {
    ""market_potential"": 4,
    ""technical_feasibility"": 3,
    ""business_viability"": 4
  },
  ""reasoning"": ""IVIOU's unique combination of video and e-commerce has the potential to disrupt traditional online marketplaces, and its simplicity and user-friendliness make it an attractive investment opportunity.""
}",7,invest,80,4,3,4,"IVIOU's unique combination of video and e-commerce has the potential to disrupt traditional online marketplaces, and its simplicity and user-friendliness make it an attractive investment opportunity.",True
CASE_KS_004,models/Meta-Llama-3-8B-Instruct,models/Meta-Llama-3-8B-Instruct,vllm,http://localhost:8000/v1,C1,7,3bb65d16,0.0,2026-08-28T17:20:30.271433,1,"{
  ""score"": 7,
  ""verdict"": ""invest"",
  ""confidence"": 80,
  ""rubric_scores"": {
    ""market_potential"": 4,
    ""technical_feasibility"": 3,
    ""business_viability"": 4
  },
  ""reasoning"": ""IVIOU's unique combination of video and e-commerce has the potential to disrupt traditional online marketplaces, and its simplicity and user-friendliness make it an attractive investment opportunity.""
}",7,invest,80,4,3,4,"IVIOU's unique combination of video and e-commerce has the potential to disrupt traditional online marketplaces, and its simplicity and user-friendliness make it an attractive investment opportunity.",True
CASE_KS_004,models/Meta-Llama-3-8B-Instruct,models/Meta-Llama-3-8B-Instruct,vllm,http://localhost:8000/v1,C1,8,3bb65d16,0.0,2026-08-28T17:20:30.892560,1,"{
  ""score"": 7,
  ""verdict"": ""invest"",
  ""confidence"": 80,
  ""rubric_scores"": {
    ""market_potential"": 4,
    ""technical_feasibility"": 3,
    ""business_viability"": 4
  },
  ""reasoning"": ""IVIOU's unique combination of video and e-commerce has the potential to disrupt traditional online marketplaces, and its simplicity and user-friendliness make it an attractive investment opportunity.""
}",7,invest,80,4,3,4,"IVIOU's unique combination of video and e-commerce has the potential to disrupt traditional online marketplaces, and its simplicity and user-friendliness make it an attractive investment opportunity.",True
CASE_KS_004,models/Meta-Llama-3-8B-Instruct,models/Meta-Llama-3-8B-Instruct,vllm,http://localhost:8000/v1,C1,9,3bb65d16,0.0,2026-08-28T17:20:31.516134,1,"{
  ""score"": 7,
  ""verdict"": ""invest"",
  ""confidence"": 80,
  ""rubric_scores"": {
    ""market_potential"": 4,
    ""technical_feasibility"": 3,
    ""business_viability"": 4
  },
  ""reasoning"": ""IVIOU's unique combination of video and e-commerce has the potential to disrupt traditional online marketplaces, and its simplicity and user-friendliness make it an attractive investment opportunity.""
}",7,invest,80,4,3,4,"IVIOU's unique combination of video and e-commerce has the potential to disrupt traditional online marketplaces, and its simplicity and user-friendliness make it an attractive investment opportunity.",True
CASE_KS_004,models/Meta-Llama-3-8B-Instruct,models/Meta-Llama-3-8B-Instruct,vllm,http://localhost:8000/v1,C1,10,3bb65d16,0.0,2026-08-28T17:20:32.159766,1,"{
  ""score"": 7,
  ""verdict"": ""invest"",
  ""confidence"": 80,
  ""rubric_scores"": {
    ""market_potential"": 4,
    ""technical_feasibility"": 3,
    ""business_viability"": 4
  },
  ""reasoning"": ""IVIOU's unique combination of video and e-commerce has the potential to disrupt traditional online marketplaces, and its simplicity and user-friendliness make it an attractive investment opportunity.""
}",7,invest,80,4,3,4,"IVIOU's unique combination of video and e-commerce has the potential to disrupt traditional online marketplaces, and its simplicity and user-friendliness make it an attractive investment opportunity.",True
CASE_KS_005,models/Meta-Llama-3-8B-Instruct,models/Meta-Llama-3-8B-Instruct,vllm,http://localhost:8000/v1,C1,1,3bb65d16,0.0,2026-08-28T17:21:11.249811,1,"{
  ""score"": 8,
  ""verdict"": ""invest"",
  ""confidence"": 80,
  ""rubric_scores"": {
    ""market_potential"": 4,
    ""technical_feasibility"": 4,
    ""business_viability"": 3
  },
  ""reasoning"": ""The idea has strong potential in the growing market of curated video content, with a unique focus on non-fiction storytelling and art. While there are some technical and business viability challenges, I believe the team can overcome them with the right guidance and support.""
}",8,invest,80,4,4,3,"The idea has strong potential in the growing market of curated video content, with a unique focus on non-fiction storytelling and art. While there are some technical and business viability challenges, I believe the team can overcome them with the right guidance and support.",True
CASE_KS_005,models/Meta-Llama-3-8B-Instruct,models/Meta-Llama-3-8B-Instruct,vllm,http://localhost:8000/v1,C1,2,3bb65d16,0.0,2026-08-28T17:21:11.873431,1,"{
  ""score"": 8,
  ""verdict"": ""invest"",
  ""confidence"": 80,
  ""rubric_scores"": {
    ""market_potential"": 4,
    ""technical_feasibility"": 4,
    ""business_viability"": 3
  },
  ""reasoning"": ""The idea has strong potential in the growing market of curated video content, with a unique focus on non-fiction storytelling and art. While there are some technical and business viability challenges, I believe the team can overcome them with the right guidance and support.""
}",8,invest,80,4,4,3,"The idea has strong potential in the growing market of curated video content, with a unique focus on non-fiction storytelling and art. While there are some technical and business viability challenges, I believe the team can overcome them with the right guidance and support.",True
CASE_KS_005,models/Meta-Llama-3-8B-Instruct,models/Meta-Llama-3-8B-Instruct,vllm,http://localhost:8000/v1,C1,3,3bb65d16,0.0,2026-08-28T17:21:13.380813,1,"{
  ""score"": 8,
  ""verdict"": ""invest"",
  ""confidence"": 80,
  ""rubric_scores"": {
    ""market_potential"": 4,
    ""technical_feasibility"": 4,
    ""business_viability"": 3
  },
  ""reasoning"": ""The idea has strong potential in the growing market of curated video content, with a unique focus on non-fiction storytelling and art. While there are some technical and business viability challenges, I believe the team can overcome them with the right guidance and support.""
}",8,invest,80,4,4,3,"The idea has strong potential in the growing market of curated video content, with a unique focus on non-fiction storytelling and art. While there are some technical and business viability challenges, I believe the team can overcome them with the right guidance and support.",True
CASE_KS_005,models/Meta-Llama-3-8B-Instruct,models/Meta-Llama-3-8B-Instruct,vllm,http://localhost:8000/v1,C1,4,3bb65d16,0.0,2026-08-28T17:21:13.582944,1,"{
  ""score"": 8,
  ""verdict"": ""invest"",
  ""confidence"": 80,
  ""rubric_scores"": {
    ""market_potential"": 4,
    ""technical_feasibility"": 4,
    ""business_viability"": 3
  },
  ""reasoning"": ""The idea has strong potential in the growing market of curated video content, with a unique focus on non-fiction storytelling and art. While there are some technical and business viability challenges, I believe the team can overcome them with the right guidance and support.""
}",8,invest,80,4,4,3,"The idea has strong potential in the growing market of curated video content, with a unique focus on non-fiction storytelling and art. While there are some technical and business viability challenges, I believe the team can overcome them with the right guidance and support.",True
CASE_KS_005,models/Meta-Llama-3-8B-Instruct,models/Meta-Llama-3-8B-Instruct,vllm,http://localhost:8000/v1,C1,5,3bb65d16,0.0,2026-08-28T17:21:15.052289,1,"{
  ""score"": 8,
  ""verdict"": ""invest"",
  ""confidence"": 80,
  ""rubric_scores"": {
    ""market_potential"": 4,
    ""technical_feasibility"": 4,
    ""business_viability"": 3
  },
  ""reasoning"": ""The idea has strong potential in the growing market of curated video content, with a unique focus on non-fiction storytelling and art. While there are some technical and business viability challenges, I believe the team can overcome them with the right guidance and support.""
}",8,invest,80,4,4,3,"The idea has strong potential in the growing market of curated video content, with a unique focus on non-fiction storytelling and art. While there are some technical and business viability challenges, I believe the team can overcome them with the right guidance and support.",True
CASE_KS_005,models/Meta-Llama-3-8B-Instruct,models/Meta-Llama-3-8B-Instruct,vllm,http://localhost:8000/v1,C1,6,3bb65d16,0.0,2026-08-28T17:21:15.253063,1,"{
  ""score"": 8,
  ""verdict"": ""invest"",
  ""confidence"": 80,
  ""rubric_scores"": {
    ""market_potential"": 4,
    ""technical_feasibility"": 4,
    ""business_viability"": 3
  },
  ""reasoning"": ""The idea has strong potential in the growing market of curated video content, with a unique focus on non-fiction storytelling and art. While there are some technical and business viability challenges, I believe the team can overcome them with the right guidance and support.""
}",8,invest,80,4,4,3,"The idea has strong potential in the growing market of curated video content, with a unique focus on non-fiction storytelling and art. While there are some technical and business viability challenges, I believe the team can overcome them with the right guidance and support.",True
CASE_KS_005,models/Meta-Llama-3-8B-Instruct,models/Meta-Llama-3-8B-Instruct,vllm,http://localhost:8000/v1,C1,8,3bb65d16,0.0,2026-08-28T17:21:17.354369,1,"{
  ""score"": 8,
  ""verdict"": ""invest"",
  ""confidence"": 80,
  ""rubric_scores"": {
    ""market_potential"": 4,
    ""technical_feasibility"": 4,
    ""business_viability"": 3
  },
  ""reasoning"": ""The idea has strong potential in the growing market for niche video content and curated platforms. With a clear focus on non-fiction storytelling and art, telegraph21 can attract a dedicated audience and provide a unique distribution channel for filmmakers.""
}",8,invest,80,4,4,3,"The idea has strong potential in the growing market for niche video content and curated platforms. With a clear focus on non-fiction storytelling and art, telegraph21 can attract a dedicated audience and provide a unique distribution channel for filmmakers.",True
CASE_KS_005,models/Meta-Llama-3-8B-Instruct,models/Meta-Llama-3-8B-Instruct,vllm,http://localhost:8000/v1,C1,7,3bb65d16,0.0,2026-08-28T17:21:16.732791,1,"{
  ""score"": 8,
  ""verdict"": ""invest"",
  ""confidence"": 80,
  ""rubric_scores"": {
    ""market_potential"": 4,
    ""technical_feasibility"": 4,
    ""business_viability"": 3
  },
  ""reasoning"": ""The idea has strong potential in the growing market of curated video content, with a unique focus on non-fiction storytelling and art. While there are some technical and business viability challenges, I believe the team can overcome them with the right guidance and support.""
}",8,invest,80,4,4,3,"The idea has strong potential in the growing market of curated video content, with a unique focus on non-fiction storytelling and art. While there are some technical and business viability challenges, I believe the team can overcome them with the right guidance and support.",True
CASE_KS_005,models/Meta-Llama-3-8B-Instruct,models/Meta-Llama-3-8B-Instruct,vllm,http://localhost:8000/v1,C1,10,3bb65d16,0.0,2026-08-28T17:21:19.046026,1,"{
  ""score"": 8,
  ""verdict"": ""invest"",
  ""confidence"": 80,
  ""rubric_scores"": {
    ""market_potential"": 4,
    ""technical_feasibility"": 4,
    ""business_viability"": 3
  },
  ""reasoning"": ""The idea has strong potential in the growing market for niche video content and curated platforms. With a clear focus on non-fiction storytelling and art, telegraph21 can attract a dedicated audience and provide a unique distribution channel for filmmakers.""
}",8,invest,80,4,4,3,"The idea has strong potential in the growing market for niche video content and curated platforms. With a clear focus on non-fiction storytelling and art, telegraph21 can attract a dedicated audience and provide a unique distribution channel for filmmakers.",True
CASE_KS_005,models/Meta-Llama-3-8B-Instruct,models/Meta-Llama-3-8B-Instruct,vllm,http://localhost:8000/v1,C1,9,3bb65d16,0.0,2026-08-28T17:21:18.410590,1,"{
  ""score"": 8,
  ""verdict"": ""invest"",
  ""confidence"": 80,
  ""rubric_scores"": {
    ""market_potential"": 4,
    ""technical_feasibility"": 4,
    ""business_viability"": 3
  },
  ""reasoning"": ""The idea has strong potential in the growing market of curated video content, with a unique focus on non-fiction storytelling and art. While there are some technical and business viability challenges, I believe the team can overcome them with the right investment and guidance.""
}",8,invest,80,4,4,3,"The idea has strong potential in the growing market of curated video content, with a unique focus on non-fiction storytelling and art. While there are some technical and business viability challenges, I believe the team can overcome them with the right investment and guidance.",True
CASE_KS_006,models/Meta-Llama-3-8B-Instruct,models/Meta-Llama-3-8B-Instruct,vllm,http://localhost:8000/v1,C1,1,3bb65d16,0.0,2026-08-28T17:22:01.996310,1,"{
  ""score"": 7,
  ""verdict"": ""invest"",
  ""confidence"": 80,
  ""rubric_scores"": {
    ""market_potential"": 4,
    ""technical_feasibility"": 3,
    ""business_viability"": 4
  },
  ""reasoning"": ""While the idea of a handmade word clock is unique and visually appealing, I believe it has the potential to resonate with a niche market. With careful execution, Like Clockwork could establish a strong brand and generate revenue through custom orders and limited-edition runs.""
}",7,invest,80,4,3,4,"While the idea of a handmade word clock is unique and visually appealing, I believe it has the potential to resonate with a niche market. With careful execution, Like Clockwork could establish a strong brand and generate revenue through custom orders and limited-edition runs.",True
CASE_KS_006,models/Meta-Llama-3-8B-Instruct,models/Meta-Llama-3-8B-Instruct,vllm,http://localhost:8000/v1,C1,2,3bb65d16,0.0,2026-08-28T17:22:02.629945,1,"{
  ""score"": 7,
  ""verdict"": ""invest"",
  ""confidence"": 80,
  ""rubric_scores"": {
    ""market_potential"": 4,
    ""technical_feasibility"": 3,
    ""business_viability"": 4
  },
  ""reasoning"": ""While the idea of a handmade word clock is unique and visually appealing, I believe it has the potential to resonate with a niche market. With careful execution, Like Clockwork could establish a strong brand and generate revenue through custom orders and limited-edition runs.""
}",7,invest,80,4,3,4,"While the idea of a handmade word clock is unique and visually appealing, I believe it has the potential to resonate with a niche market. With careful execution, Like Clockwork could establish a strong brand and generate revenue through custom orders and limited-edition runs.",True
CASE_KS_006,models/Meta-Llama-3-8B-Instruct,models/Meta-Llama-3-8B-Instruct,vllm,http://localhost:8000/v1,C1,3,3bb65d16,0.0,2026-08-28T17:22:04.586932,1,"{
  ""score"": 7,
  ""verdict"": ""invest"",
  ""confidence"": 80,
  ""rubric_scores"": {
    ""market_potential"": 4,
    ""technical_feasibility"": 3,
    ""business_viability"": 4
  },
  ""reasoning"": ""While the idea of a handmade word clock is unique and visually appealing, I believe it has the potential to resonate with a niche market. With careful execution, Like Clockwork could establish a strong brand and generate revenue through custom orders and limited-edition runs.""
}",7,invest,80,4,3,4,"While the idea of a handmade word clock is unique and visually appealing, I believe it has the potential to resonate with a niche market. With careful execution, Like Clockwork could establish a strong brand and generate revenue through custom orders and limited-edition runs.",True
CASE_KS_006,models/Meta-Llama-3-8B-Instruct,models/Meta-Llama-3-8B-Instruct,vllm,http://localhost:8000/v1,C1,4,3bb65d16,0.0,2026-08-28T17:22:04.787258,1,"{
  ""score"": 7,
  ""verdict"": ""invest"",
  ""confidence"": 80,
  ""rubric_scores"": {
    ""market_potential"": 4,
    ""technical_feasibility"": 3,
    ""business_viability"": 4
  },
  ""reasoning"": ""While the idea of a handmade word clock is unique and visually appealing, I believe it has the potential to resonate with a niche market. With careful execution, Like Clockwork could establish a strong brand and generate revenue through custom orders and limited-edition runs.""
}",7,invest,80,4,3,4,"While the idea of a handmade word clock is unique and visually appealing, I believe it has the potential to resonate with a niche market. With careful execution, Like Clockwork could establish a strong brand and generate revenue through custom orders and limited-edition runs.",True
CASE_KS_006,models/Meta-Llama-3-8B-Instruct,models/Meta-Llama-3-8B-Instruct,vllm,http://localhost:8000/v1,C1,5,3bb65d16,0.0,2026-08-28T17:22:06.679050,1,"{
  ""score"": 7,
  ""verdict"": ""invest"",
  ""confidence"": 80,
  ""rubric_scores"": {
    ""market_potential"": 4,
    ""technical_feasibility"": 3,
    ""business_viability"": 4
  },
  ""reasoning"": ""While the idea of a handmade word clock is unique and visually appealing, I believe it has the potential to resonate with a niche market. With careful execution, Like Clockwork could establish a strong brand and generate revenue through custom orders and limited-edition runs.""
}",7,invest,80,4,3,4,"While the idea of a handmade word clock is unique and visually appealing, I believe it has the potential to resonate with a niche market. With careful execution, Like Clockwork could establish a strong brand and generate revenue through custom orders and limited-edition runs.",True
CASE_KS_006,models/Meta-Llama-3-8B-Instruct,models/Meta-Llama-3-8B-Instruct,vllm,http://localhost:8000/v1,C1,6,3bb65d16,0.0,2026-08-28T17:22:06.883023,1,"{
  ""score"": 7,
  ""verdict"": ""invest"",
  ""confidence"": 80,
  ""rubric_scores"": {
    ""market_potential"": 4,
    ""technical_feasibility"": 3,
    ""business_viability"": 4
  },
  ""reasoning"": ""While the idea of a handmade word clock is unique and visually appealing, I believe it has the potential to resonate with a niche market. With careful execution, Like Clockwork could establish a strong brand and generate revenue through custom orders and limited-edition runs.""
}",7,invest,80,4,3,4,"While the idea of a handmade word clock is unique and visually appealing, I believe it has the potential to resonate with a niche market. With careful execution, Like Clockwork could establish a strong brand and generate revenue through custom orders and limited-edition runs.",True
CASE_KS_006,models/Meta-Llama-3-8B-Instruct,models/Meta-Llama-3-8B-Instruct,vllm,http://localhost:8000/v1,C1,7,3bb65d16,0.0,2026-08-28T17:22:07.501883,1,"{
  ""score"": 7,
  ""verdict"": ""invest"",
  ""confidence"": 80,
  ""rubric_scores"": {
    ""market_potential"": 4,
    ""technical_feasibility"": 3,
    ""business_viability"": 4
  },
  ""reasoning"": ""While the idea of a handmade word clock is unique and visually appealing, I believe it has the potential to resonate with a niche market. With careful execution, Like Clockwork could establish a strong brand and generate revenue through custom orders and limited-edition runs.""
}",7,invest,80,4,3,4,"While the idea of a handmade word clock is unique and visually appealing, I believe it has the potential to resonate with a niche market. With careful execution, Like Clockwork could establish a strong brand and generate revenue through custom orders and limited-edition runs.",True
CASE_KS_006,models/Meta-Llama-3-8B-Instruct,models/Meta-Llama-3-8B-Instruct,vllm,http://localhost:8000/v1,C1,8,3bb65d16,0.0,2026-08-28T17:22:08.967307,1,"{
  ""score"": 7,
  ""verdict"": ""invest"",
  ""confidence"": 80,
  ""rubric_scores"": {
    ""market_potential"": 4,
    ""technical_feasibility"": 3,
    ""business_viability"": 4
  },
  ""reasoning"": ""While the idea of a handmade word clock is unique and visually appealing, I believe it has the potential to resonate with a niche market. With careful execution, Like Clockwork could establish a strong brand and generate revenue through custom orders and limited-edition runs.""
}",7,invest,80,4,3,4,"While the idea of a handmade word clock is unique and visually appealing, I believe it has the potential to resonate with a niche market. With careful execution, Like Clockwork could establish a strong brand and generate revenue through custom orders and limited-edition runs.",True
CASE_KS_006,models/Meta-Llama-3-8B-Instruct,models/Meta-Llama-3-8B-Instruct,vllm,http://localhost:8000/v1,C1,9,3bb65d16,0.0,2026-08-28T17:22:09.591976,1,"{
  ""score"": 7,
  ""verdict"": ""invest"",
  ""confidence"": 80,
  ""rubric_scores"": {
    ""market_potential"": 4,
    ""technical_feasibility"": 3,
    ""business_viability"": 4
  },
  ""reasoning"": ""While the idea of a handmade word clock is unique and visually appealing, I believe it has the potential to resonate with a niche market. With careful execution, Like Clockwork could establish a strong brand and generate revenue through custom orders and limited-edition runs.""
}",7,invest,80,4,3,4,"While the idea of a handmade word clock is unique and visually appealing, I believe it has the potential to resonate with a niche market. With careful execution, Like Clockwork could establish a strong brand and generate revenue through custom orders and limited-edition runs.",True
CASE_KS_006,models/Meta-Llama-3-8B-Instruct,models/Meta-Llama-3-8B-Instruct,vllm,http://localhost:8000/v1,C1,10,3bb65d16,0.0,2026-08-28T17:22:11.061635,1,"{
  ""score"": 7,
  ""verdict"": ""invest"",
  ""confidence"": 80,
  ""rubric_scores"": {
    ""market_potential"": 4,
    ""technical_feasibility"": 3,
    ""business_viability"": 4
  },
  ""reasoning"": ""While the idea of a handmade word clock is unique and visually appealing, I believe it has the potential to resonate with a niche market. With careful execution, Like Clockwork could establish a strong brand and generate revenue through custom orders and limited-edition runs.""
}",7,invest,80,4,3,4,"While the idea of a handmade word clock is unique and visually appealing, I believe it has the potential to resonate with a niche market. With careful execution, Like Clockwork could establish a strong brand and generate revenue through custom orders and limited-edition runs.",True
CASE_KS_007,models/Meta-Llama-3-8B-Instruct,models/Meta-Llama-3-8B-Instruct,vllm,http://localhost:8000/v1,C1,1,3bb65d16,0.0,2026-08-28T17:22:53.609381,1,"{
  ""score"": 7,
  ""verdict"": ""invest"",
  ""confidence"": 80,
  ""rubric_scores"": {
    ""market_potential"": 4,
    ""technical_feasibility"": 4,
    ""business_viability"": 3
  },
  ""reasoning"": ""While the idea is not revolutionary, it addresses a specific pain point in the fitness industry, and the data-driven insights could provide a unique selling proposition. With a solid technical foundation and a clear target market, I believe this app has the potential to gain traction.""
}",7,invest,80,4,4,3,"While the idea is not revolutionary, it addresses a specific pain point in the fitness industry, and the data-driven insights could provide a unique selling proposition. With a solid technical foundation and a clear target market, I believe this app has the potential to gain traction.",True
CASE_KS_007,models/Meta-Llama-3-8B-Instruct,models/Meta-Llama-3-8B-Instruct,vllm,http://localhost:8000/v1,C1,2,3bb65d16,0.0,2026-08-28T17:22:54.237966,1,"{
  ""score"": 7,
  ""verdict"": ""invest"",
  ""confidence"": 80,
  ""rubric_scores"": {
    ""market_potential"": 4,
    ""technical_feasibility"": 4,
    ""business_viability"": 3
  },
  ""reasoning"": ""While the idea is not revolutionary, it addresses a specific pain point in the fitness industry, and the data-driven insights could provide a unique selling proposition. With a solid technical foundation and a clear target market, I believe this app has the potential to gain traction.""
}",7,invest,80,4,4,3,"While the idea is not revolutionary, it addresses a specific pain point in the fitness industry, and the data-driven insights could provide a unique selling proposition. With a solid technical foundation and a clear target market, I believe this app has the potential to gain traction.",True
CASE_KS_007,models/Meta-Llama-3-8B-Instruct,models/Meta-Llama-3-8B-Instruct,vllm,http://localhost:8000/v1,C1,3,3bb65d16,0.0,2026-08-28T17:22:56.625016,1,"{
  ""score"": 7,
  ""verdict"": ""invest"",
  ""confidence"": 80,
  ""rubric_scores"": {
    ""market_potential"": 4,
    ""technical_feasibility"": 4,
    ""business_viability"": 3
  },
  ""reasoning"": ""While the idea is not revolutionary, it addresses a specific pain point in the fitness industry, and the data-driven insights could provide a unique selling proposition. With a solid technical foundation and a clear target market, I believe this app has the potential to gain traction.""
}",7,invest,80,4,4,3,"While the idea is not revolutionary, it addresses a specific pain point in the fitness industry, and the data-driven insights could provide a unique selling proposition. With a solid technical foundation and a clear target market, I believe this app has the potential to gain traction.",True
CASE_KS_007,models/Meta-Llama-3-8B-Instruct,models/Meta-Llama-3-8B-Instruct,vllm,http://localhost:8000/v1,C1,4,3bb65d16,0.0,2026-08-28T17:22:56.825454,1,"{
  ""score"": 7,
  ""verdict"": ""invest"",
  ""confidence"": 80,
  ""rubric_scores"": {
    ""market_potential"": 4,
    ""technical_feasibility"": 4,
    ""business_viability"": 3
  },
  ""reasoning"": ""While the idea is not revolutionary, it addresses a specific pain point in the fitness industry, and the data-driven insights could provide a unique selling proposition. With a solid technical foundation and a clear target market, I believe this app has the potential to gain traction.""
}",7,invest,80,4,4,3,"While the idea is not revolutionary, it addresses a specific pain point in the fitness industry, and the data-driven insights could provide a unique selling proposition. With a solid technical foundation and a clear target market, I believe this app has the potential to gain traction.",True
CASE_KS_007,models/Meta-Llama-3-8B-Instruct,models/Meta-Llama-3-8B-Instruct,vllm,http://localhost:8000/v1,C1,5,3bb65d16,0.0,2026-08-28T17:22:59.192625,1,"{
  ""score"": 7,
  ""verdict"": ""invest"",
  ""confidence"": 80,
  ""rubric_scores"": {
    ""market_potential"": 4,
    ""technical_feasibility"": 4,
    ""business_viability"": 3
  },
  ""reasoning"": ""While the idea is not revolutionary, it addresses a specific pain point in the fitness industry, and the data-driven insights could provide a unique selling proposition. With a solid technical foundation and a clear target market, I believe this app has the potential to gain traction.""
}",7,invest,80,4,4,3,"While the idea is not revolutionary, it addresses a specific pain point in the fitness industry, and the data-driven insights could provide a unique selling proposition. With a solid technical foundation and a clear target market, I believe this app has the potential to gain traction.",True
CASE_KS_007,models/Meta-Llama-3-8B-Instruct,models/Meta-Llama-3-8B-Instruct,vllm,http://localhost:8000/v1,C1,6,3bb65d16,0.0,2026-08-28T17:22:59.392221,1,"{
  ""score"": 7,
  ""verdict"": ""invest"",
  ""confidence"": 80,
  ""rubric_scores"": {
    ""market_potential"": 4,
    ""technical_feasibility"": 4,
    ""business_viability"": 3
  },
  ""reasoning"": ""While the idea is not revolutionary, it addresses a specific pain point in the fitness industry, and the data-driven insights could provide a unique selling proposition. With a solid technical foundation and a clear target market, I believe this app has the potential to gain traction.""
}",7,invest,80,4,4,3,"While the idea is not revolutionary, it addresses a specific pain point in the fitness industry, and the data-driven insights could provide a unique selling proposition. With a solid technical foundation and a clear target market, I believe this app has the potential to gain traction.",True
CASE_KS_007,models/Meta-Llama-3-8B-Instruct,models/Meta-Llama-3-8B-Instruct,vllm,http://localhost:8000/v1,C1,7,3bb65d16,0.0,2026-08-28T17:23:00.419716,1,"{
  ""score"": 7,
  ""verdict"": ""invest"",
  ""confidence"": 80,
  ""rubric_scores"": {
    ""market_potential"": 4,
    ""technical_feasibility"": 4,
    ""business_viability"": 3
  },
  ""reasoning"": ""While the idea is not revolutionary, it addresses a specific pain point in the fitness industry, and the data-driven insights could provide a unique selling proposition. With a solid technical foundation and a clear target market, I believe this app has the potential to gain traction.""
}",7,invest,80,4,4,3,"While the idea is not revolutionary, it addresses a specific pain point in the fitness industry, and the data-driven insights could provide a unique selling proposition. With a solid technical foundation and a clear target market, I believe this app has the potential to gain traction.",True
CASE_KS_007,models/Meta-Llama-3-8B-Instruct,models/Meta-Llama-3-8B-Instruct,vllm,http://localhost:8000/v1,C1,8,3bb65d16,0.0,2026-08-28T17:23:01.913996,1,"{
  ""score"": 7,
  ""verdict"": ""invest"",
  ""confidence"": 80,
  ""rubric_scores"": {
    ""market_potential"": 4,
    ""technical_feasibility"": 4,
    ""business_viability"": 3
  },
  ""reasoning"": ""While the idea is not revolutionary, it addresses a specific pain point in the fitness industry, and the data-driven insights could provide a unique selling proposition. With a solid technical foundation and a clear target market, I believe this app has the potential to gain traction.""
}",7,invest,80,4,4,3,"While the idea is not revolutionary, it addresses a specific pain point in the fitness industry, and the data-driven insights could provide a unique selling proposition. With a solid technical foundation and a clear target market, I believe this app has the potential to gain traction.",True
CASE_KS_007,models/Meta-Llama-3-8B-Instruct,models/Meta-Llama-3-8B-Instruct,vllm,http://localhost:8000/v1,C1,9,3bb65d16,0.0,2026-08-28T17:23:02.963072,1,"{
  ""score"": 7,
  ""verdict"": ""invest"",
  ""confidence"": 80,
  ""rubric_scores"": {
    ""market_potential"": 4,
    ""technical_feasibility"": 4,
    ""business_viability"": 3
  },
  ""reasoning"": ""While the idea is not revolutionary, it addresses a specific pain point in the fitness industry, and the data-driven insights could provide a unique selling proposition. With a solid technical foundation and a clear target market, I believe this app has the potential to gain traction.""
}",7,invest,80,4,4,3,"While the idea is not revolutionary, it addresses a specific pain point in the fitness industry, and the data-driven insights could provide a unique selling proposition. With a solid technical foundation and a clear target market, I believe this app has the potential to gain traction.",True
CASE_KS_007,models/Meta-Llama-3-8B-Instruct,models/Meta-Llama-3-8B-Instruct,vllm,http://localhost:8000/v1,C1,10,3bb65d16,0.0,2026-08-28T17:23:04.442889,1,"{
  ""score"": 7,
  ""verdict"": ""invest"",
  ""confidence"": 80,
  ""rubric_scores"": {
    ""market_potential"": 4,
    ""technical_feasibility"": 4,
    ""business_viability"": 3
  },
  ""reasoning"": ""While the idea is not revolutionary, it addresses a specific pain point in the fitness industry, and the data-driven insights could provide a unique selling proposition. With a solid technical foundation and a clear target market, I believe this app has the potential to gain traction.""
}",7,invest,80,4,4,3,"While the idea is not revolutionary, it addresses a specific pain point in the fitness industry, and the data-driven insights could provide a unique selling proposition. With a solid technical foundation and a clear target market, I believe this app has the potential to gain traction.",True
CASE_KS_008,models/Meta-Llama-3-8B-Instruct,models/Meta-Llama-3-8B-Instruct,vllm,http://localhost:8000/v1,C1,1,3bb65d16,0.0,2026-08-28T17:23:45.744906,1,"{
  ""score"": 7,
  ""verdict"": ""invest"",
  ""confidence"": 80,
  ""rubric_scores"": {
    ""market_potential"": 4,
    ""technical_feasibility"": 3,
    ""business_viability"": 4
  },
  ""reasoning"": ""ValetSmartz addresses a specific pain point for urban professionals, and the on-demand model has proven successful in other industries. With careful execution, this app has the potential to disrupt the traditional valet parking industry.""
}",7,invest,80,4,3,4,"ValetSmartz addresses a specific pain point for urban professionals, and the on-demand model has proven successful in other industries. With careful execution, this app has the potential to disrupt the traditional valet parking industry.",True
CASE_KS_008,models/Meta-Llama-3-8B-Instruct,models/Meta-Llama-3-8B-Instruct,vllm,http://localhost:8000/v1,C1,2,3bb65d16,0.0,2026-08-28T17:23:46.802988,1,"{
  ""score"": 7,
  ""verdict"": ""invest"",
  ""confidence"": 80,
  ""rubric_scores"": {
    ""market_potential"": 4,
    ""technical_feasibility"": 3,
    ""business_viability"": 4
  },
  ""reasoning"": ""ValetSmartz addresses a specific pain point for urban professionals, and the on-demand model has proven successful in other industries. With careful execution, this app has the potential to disrupt the traditional valet parking industry.""
}",7,invest,80,4,3,4,"ValetSmartz addresses a specific pain point for urban professionals, and the on-demand model has proven successful in other industries. With careful execution, this app has the potential to disrupt the traditional valet parking industry.",True
CASE_KS_008,models/Meta-Llama-3-8B-Instruct,models/Meta-Llama-3-8B-Instruct,vllm,http://localhost:8000/v1,C1,3,3bb65d16,0.0,2026-08-28T17:23:49.190508,1,"{
  ""score"": 7,
  ""verdict"": ""invest"",
  ""confidence"": 80,
  ""rubric_scores"": {
    ""market_potential"": 4,
    ""technical_feasibility"": 3,
    ""business_viability"": 4
  },
  ""reasoning"": ""ValetSmartz addresses a specific pain point for urban professionals, and the on-demand model has proven successful in other industries. With careful execution, this app has the potential to disrupt the traditional valet parking industry.""
}",7,invest,80,4,3,4,"ValetSmartz addresses a specific pain point for urban professionals, and the on-demand model has proven successful in other industries. With careful execution, this app has the potential to disrupt the traditional valet parking industry.",True
CASE_KS_008,models/Meta-Llama-3-8B-Instruct,models/Meta-Llama-3-8B-Instruct,vllm,http://localhost:8000/v1,C1,4,3bb65d16,0.0,2026-08-28T17:23:49.391027,1,"{
  ""score"": 7,
  ""verdict"": ""invest"",
  ""confidence"": 80,
  ""rubric_scores"": {
    ""market_potential"": 4,
    ""technical_feasibility"": 3,
    ""business_viability"": 4
  },
  ""reasoning"": ""ValetSmartz addresses a specific pain point for urban professionals, and the on-demand model has proven successful in other industries. With careful execution, this app has the potential to disrupt the traditional valet parking industry.""
}",7,invest,80,4,3,4,"ValetSmartz addresses a specific pain point for urban professionals, and the on-demand model has proven successful in other industries. With careful execution, this app has the potential to disrupt the traditional valet parking industry.",True
CASE_KS_008,models/Meta-Llama-3-8B-Instruct,models/Meta-Llama-3-8B-Instruct,vllm,http://localhost:8000/v1,C1,5,3bb65d16,0.0,2026-08-28T17:23:52.158017,1,"{
  ""score"": 7,
  ""verdict"": ""invest"",
  ""confidence"": 80,
  ""rubric_scores"": {
    ""market_potential"": 4,
    ""technical_feasibility"": 3,
    ""business_viability"": 4
  },
  ""reasoning"": ""ValetSmartz addresses a specific pain point for urban professionals, and the on-demand model has proven successful in other industries. With careful execution, this app has the potential to disrupt the traditional valet parking industry.""
}",7,invest,80,4,3,4,"ValetSmartz addresses a specific pain point for urban professionals, and the on-demand model has proven successful in other industries. With careful execution, this app has the potential to disrupt the traditional valet parking industry.",True
CASE_KS_008,models/Meta-Llama-3-8B-Instruct,models/Meta-Llama-3-8B-Instruct,vllm,http://localhost:8000/v1,C1,6,3bb65d16,0.0,2026-08-28T17:23:52.358952,1,"{
  ""score"": 7,
  ""verdict"": ""invest"",
  ""confidence"": 80,
  ""rubric_scores"": {
    ""market_potential"": 4,
    ""technical_feasibility"": 3,
    ""business_viability"": 4
  },
  ""reasoning"": ""ValetSmartz addresses a specific pain point for urban professionals, and the on-demand model has proven successful in other industries. With careful execution, this app has the potential to disrupt the traditional valet parking industry.""
}",7,invest,80,4,3,4,"ValetSmartz addresses a specific pain point for urban professionals, and the on-demand model has proven successful in other industries. With careful execution, this app has the potential to disrupt the traditional valet parking industry.",True
CASE_KS_008,models/Meta-Llama-3-8B-Instruct,models/Meta-Llama-3-8B-Instruct,vllm,http://localhost:8000/v1,C1,7,3bb65d16,0.0,2026-08-28T17:23:53.823821,1,"{
  ""score"": 7,
  ""verdict"": ""invest"",
  ""confidence"": 80,
  ""rubric_scores"": {
    ""market_potential"": 4,
    ""technical_feasibility"": 3,
    ""business_viability"": 4
  },
  ""reasoning"": ""ValetSmartz addresses a specific pain point for urban professionals, and the on-demand model has proven successful in other industries. With careful execution, this app has the potential to disrupt the traditional valet parking industry.""
}",7,invest,80,4,3,4,"ValetSmartz addresses a specific pain point for urban professionals, and the on-demand model has proven successful in other industries. With careful execution, this app has the potential to disrupt the traditional valet parking industry.",True
CASE_KS_008,models/Meta-Llama-3-8B-Instruct,models/Meta-Llama-3-8B-Instruct,vllm,http://localhost:8000/v1,C1,8,3bb65d16,0.0,2026-08-28T17:23:55.309399,1,"{
  ""score"": 7,
  ""verdict"": ""invest"",
  ""confidence"": 80,
  ""rubric_scores"": {
    ""market_potential"": 4,
    ""technical_feasibility"": 3,
    ""business_viability"": 4
  },
  ""reasoning"": ""ValetSmartz addresses a specific pain point for urban professionals, and the on-demand model has proven successful in other industries. With careful execution, this app has the potential to disrupt the traditional valet parking industry.""
}",7,invest,80,4,3,4,"ValetSmartz addresses a specific pain point for urban professionals, and the on-demand model has proven successful in other industries. With careful execution, this app has the potential to disrupt the traditional valet parking industry.",True
CASE_KS_008,models/Meta-Llama-3-8B-Instruct,models/Meta-Llama-3-8B-Instruct,vllm,http://localhost:8000/v1,C1,9,3bb65d16,0.0,2026-08-28T17:23:56.793610,1,"{
  ""score"": 7,
  ""verdict"": ""invest"",
  ""confidence"": 80,
  ""rubric_scores"": {
    ""market_potential"": 4,
    ""technical_feasibility"": 3,
    ""business_viability"": 4
  },
  ""reasoning"": ""ValetSmartz addresses a specific pain point for urban professionals, and the on-demand model has proven successful in other industries. With careful execution, this app has the potential to disrupt the traditional valet parking industry.""
}",7,invest,80,4,3,4,"ValetSmartz addresses a specific pain point for urban professionals, and the on-demand model has proven successful in other industries. With careful execution, this app has the potential to disrupt the traditional valet parking industry.",True
CASE_KS_008,models/Meta-Llama-3-8B-Instruct,models/Meta-Llama-3-8B-Instruct,vllm,http://localhost:8000/v1,C1,10,3bb65d16,0.0,2026-08-28T17:23:58.273961,1,"{
  ""score"": 7,
  ""verdict"": ""invest"",
  ""confidence"": 80,
  ""rubric_scores"": {
    ""market_potential"": 4,
    ""technical_feasibility"": 3,
    ""business_viability"": 4
  },
  ""reasoning"": ""ValetSmartz addresses a specific pain point for urban professionals, and the on-demand model has proven successful in other industries. With careful execution, this app has the potential to disrupt the traditional valet parking industry.""
}",7,invest,80,4,3,4,"ValetSmartz addresses a specific pain point for urban professionals, and the on-demand model has proven successful in other industries. With careful execution, this app has the potential to disrupt the traditional valet parking industry.",True
CASE_KS_009,models/Meta-Llama-3-8B-Instruct,models/Meta-Llama-3-8B-Instruct,vllm,http://localhost:8000/v1,C1,1,3bb65d16,0.0,2026-08-28T17:24:34.001125,1,"{
  ""score"": 8,
  ""verdict"": ""invest"",
  ""confidence"": 80,
  ""rubric_scores"": {
    ""market_potential"": 5,
    ""technical_feasibility"": 4,
    ""business_viability"": 4
  },
  ""reasoning"": ""The idea has significant market potential, as DUI deaths are a major public health concern. While there are some technical and business viability challenges, the concept is feasible and has a clear path to profitability.""
}",8,invest,80,5,4,4,"The idea has significant market potential, as DUI deaths are a major public health concern. While there are some technical and business viability challenges, the concept is feasible and has a clear path to profitability.",True
CASE_KS_009,models/Meta-Llama-3-8B-Instruct,models/Meta-Llama-3-8B-Instruct,vllm,http://localhost:8000/v1,C1,2,3bb65d16,0.0,2026-08-28T17:24:35.052055,1,"{
  ""score"": 8,
  ""verdict"": ""invest"",
  ""confidence"": 80,
  ""rubric_scores"": {
    ""market_potential"": 5,
    ""technical_feasibility"": 4,
    ""business_viability"": 4
  },
  ""reasoning"": ""The idea has significant market potential, as DUI deaths are a major public health concern. While there are some technical and business viability challenges, the concept is feasible and has a clear path to profitability.""
}",8,invest,80,5,4,4,"The idea has significant market potential, as DUI deaths are a major public health concern. While there are some technical and business viability challenges, the concept is feasible and has a clear path to profitability.",True
CASE_KS_009,models/Meta-Llama-3-8B-Instruct,models/Meta-Llama-3-8B-Instruct,vllm,http://localhost:8000/v1,C1,3,3bb65d16,0.0,2026-08-28T17:24:37.852026,1,"{
  ""score"": 8,
  ""verdict"": ""invest"",
  ""confidence"": 80,
  ""rubric_scores"": {
    ""market_potential"": 5,
    ""technical_feasibility"": 4,
    ""business_viability"": 4
  },
  ""reasoning"": ""The idea has significant market potential, as DUI deaths are a major public health concern. While there are some technical and business viability challenges, the concept is feasible and has a clear path to profitability.""
}",8,invest,80,5,4,4,"The idea has significant market potential, as DUI deaths are a major public health concern. While there are some technical and business viability challenges, the concept is feasible and has a clear path to profitability.",True
CASE_KS_009,models/Meta-Llama-3-8B-Instruct,models/Meta-Llama-3-8B-Instruct,vllm,http://localhost:8000/v1,C1,4,3bb65d16,0.0,2026-08-28T17:24:38.054008,1,"{
  ""score"": 8,
  ""verdict"": ""invest"",
  ""confidence"": 80,
  ""rubric_scores"": {
    ""market_potential"": 5,
    ""technical_feasibility"": 4,
    ""business_viability"": 4
  },
  ""reasoning"": ""The idea has significant market potential, as DUI deaths are a major public health concern. While there are some technical and business viability challenges, the concept is feasible and has a clear path to profitability.""
}",8,invest,80,5,4,4,"The idea has significant market potential, as DUI deaths are a major public health concern. While there are some technical and business viability challenges, the concept is feasible and has a clear path to profitability.",True
CASE_KS_009,models/Meta-Llama-3-8B-Instruct,models/Meta-Llama-3-8B-Instruct,vllm,http://localhost:8000/v1,C1,5,3bb65d16,0.0,2026-08-28T17:24:41.230023,1,"{
  ""score"": 8,
  ""verdict"": ""invest"",
  ""confidence"": 80,
  ""rubric_scores"": {
    ""market_potential"": 5,
    ""technical_feasibility"": 4,
    ""business_viability"": 4
  },
  ""reasoning"": ""The idea has significant market potential, as DUI deaths are a major public health concern. While there are some technical and business viability challenges, the concept is feasible and has a clear path to profitability.""
}",8,invest,80,5,4,4,"The idea has significant market potential, as DUI deaths are a major public health concern. While there are some technical and business viability challenges, the concept is feasible and has a clear path to profitability.",True
CASE_KS_009,models/Meta-Llama-3-8B-Instruct,models/Meta-Llama-3-8B-Instruct,vllm,http://localhost:8000/v1,C1,6,3bb65d16,0.0,2026-08-28T17:24:41.430786,1,"{
  ""score"": 8,
  ""verdict"": ""invest"",
  ""confidence"": 80,
  ""rubric_scores"": {
    ""market_potential"": 5,
    ""technical_feasibility"": 4,
    ""business_viability"": 4
  },
  ""reasoning"": ""The idea has significant market potential, as DUI deaths are a major public health concern. While there are some technical and business viability challenges, the concept is feasible and has a clear path to profitability.""
}",8,invest,80,5,4,4,"The idea has significant market potential, as DUI deaths are a major public health concern. While there are some technical and business viability challenges, the concept is feasible and has a clear path to profitability.",True
CASE_KS_009,models/Meta-Llama-3-8B-Instruct,models/Meta-Llama-3-8B-Instruct,vllm,http://localhost:8000/v1,C1,7,3bb65d16,0.0,2026-08-28T17:24:43.329608,1,"{
  ""score"": 8,
  ""verdict"": ""invest"",
  ""confidence"": 80,
  ""rubric_scores"": {
    ""market_potential"": 5,
    ""technical_feasibility"": 4,
    ""business_viability"": 4
  },
  ""reasoning"": ""The idea has significant market potential, as DUI deaths are a major public health concern. While there are some technical and business viability challenges, the concept is feasible and has a clear path to profitability.""
}",8,invest,80,5,4,4,"The idea has significant market potential, as DUI deaths are a major public health concern. While there are some technical and business viability challenges, the concept is feasible and has a clear path to profitability.",True
CASE_KS_009,models/Meta-Llama-3-8B-Instruct,models/Meta-Llama-3-8B-Instruct,vllm,http://localhost:8000/v1,C1,8,3bb65d16,0.0,2026-08-28T17:24:44.814023,1,"{
  ""score"": 8,
  ""verdict"": ""invest"",
  ""confidence"": 80,
  ""rubric_scores"": {
    ""market_potential"": 5,
    ""technical_feasibility"": 4,
    ""business_viability"": 4
  },
  ""reasoning"": ""The idea has significant market potential, as DUI deaths are a major public health concern. While there are some technical and business viability challenges, the concept is feasible and has a clear path to profitability.""
}",8,invest,80,5,4,4,"The idea has significant market potential, as DUI deaths are a major public health concern. While there are some technical and business viability challenges, the concept is feasible and has a clear path to profitability.",True
CASE_KS_009,models/Meta-Llama-3-8B-Instruct,models/Meta-Llama-3-8B-Instruct,vllm,http://localhost:8000/v1,C1,9,3bb65d16,0.0,2026-08-28T17:24:46.691703,1,"{
  ""score"": 8,
  ""verdict"": ""invest"",
  ""confidence"": 80,
  ""rubric_scores"": {
    ""market_potential"": 5,
    ""technical_feasibility"": 4,
    ""business_viability"": 4
  },
  ""reasoning"": ""The idea has significant market potential, as DUI deaths are a major public health concern. While there are some technical and business viability challenges, the concept is feasible and has a clear path to profitability.""
}",8,invest,80,5,4,4,"The idea has significant market potential, as DUI deaths are a major public health concern. While there are some technical and business viability challenges, the concept is feasible and has a clear path to profitability.",True
CASE_KS_009,models/Meta-Llama-3-8B-Instruct,models/Meta-Llama-3-8B-Instruct,vllm,http://localhost:8000/v1,C1,10,3bb65d16,0.0,2026-08-28T17:24:48.172291,1,"{
  ""score"": 8,
  ""verdict"": ""invest"",
  ""confidence"": 80,
  ""rubric_scores"": {
    ""market_potential"": 5,
    ""technical_feasibility"": 4,
    ""business_viability"": 4
  },
  ""reasoning"": ""The idea has significant market potential, as DUI deaths are a major public health concern. While there are some technical and business viability challenges, the concept is feasible and has a clear path to profitability.""
}",8,invest,80,5,4,4,"The idea has significant market potential, as DUI deaths are a major public health concern. While there are some technical and business viability challenges, the concept is feasible and has a clear path to profitability.",True
CASE_KS_010,models/Meta-Llama-3-8B-Instruct,models/Meta-Llama-3-8B-Instruct,vllm,http://localhost:8000/v1,C1,1,3bb65d16,0.0,2026-08-28T17:25:20.479474,1,"{
  ""score"": 6,
  ""verdict"": ""pass"",
  ""confidence"": 80,
  ""rubric_scores"": {
    ""market_potential"": 3,
    ""technical_feasibility"": 5,
    ""business_viability"": 2
  },
  ""reasoning"": ""While the idea has potential for community building and sustainability, it lacks a clear business model and scalability, making it a niche project rather than a scalable business.""
}",6,pass,80,3,5,2,"While the idea has potential for community building and sustainability, it lacks a clear business model and scalability, making it a niche project rather than a scalable business.",True
CASE_KS_010,models/Meta-Llama-3-8B-Instruct,models/Meta-Llama-3-8B-Instruct,vllm,http://localhost:8000/v1,C1,2,3bb65d16,0.0,2026-08-28T17:25:21.543478,1,"{
  ""score"": 6,
  ""verdict"": ""pass"",
  ""confidence"": 80,
  ""rubric_scores"": {
    ""market_potential"": 3,
    ""technical_feasibility"": 5,
    ""business_viability"": 2
  },
  ""reasoning"": ""While the idea has potential for community building and sustainability, it lacks a clear business model and scalability, making it a niche project rather than a scalable business.""
}",6,pass,80,3,5,2,"While the idea has potential for community building and sustainability, it lacks a clear business model and scalability, making it a niche project rather than a scalable business.",True
CASE_KS_010,models/Meta-Llama-3-8B-Instruct,models/Meta-Llama-3-8B-Instruct,vllm,http://localhost:8000/v1,C1,3,3bb65d16,0.0,2026-08-28T17:25:24.769020,1,"{
  ""score"": 6,
  ""verdict"": ""pass"",
  ""confidence"": 80,
  ""rubric_scores"": {
    ""market_potential"": 3,
    ""technical_feasibility"": 5,
    ""business_viability"": 2
  },
  ""reasoning"": ""While the idea has potential for community building and sustainability, it lacks a clear business model and scalability, making it a niche project rather than a scalable business.""
}",6,pass,80,3,5,2,"While the idea has potential for community building and sustainability, it lacks a clear business model and scalability, making it a niche project rather than a scalable business.",True
CASE_KS_010,models/Meta-Llama-3-8B-Instruct,models/Meta-Llama-3-8B-Instruct,vllm,http://localhost:8000/v1,C1,4,3bb65d16,0.0,2026-08-28T17:25:24.973693,1,"{
  ""score"": 6,
  ""verdict"": ""pass"",
  ""confidence"": 80,
  ""rubric_scores"": {
    ""market_potential"": 3,
    ""technical_feasibility"": 5,
    ""business_viability"": 2
  },
  ""reasoning"": ""While the idea has potential for community building and sustainability, it lacks a clear business model and scalability, making it a niche project rather than a scalable business.""
}",6,pass,80,3,5,2,"While the idea has potential for community building and sustainability, it lacks a clear business model and scalability, making it a niche project rather than a scalable business.",True
CASE_KS_010,models/Meta-Llama-3-8B-Instruct,models/Meta-Llama-3-8B-Instruct,vllm,http://localhost:8000/v1,C1,5,3bb65d16,0.0,2026-08-28T17:25:28.568989,1,"{
  ""score"": 6,
  ""verdict"": ""pass"",
  ""confidence"": 80,
  ""rubric_scores"": {
    ""market_potential"": 3,
    ""technical_feasibility"": 5,
    ""business_viability"": 2
  },
  ""reasoning"": ""While the idea has potential for community building and sustainability, it lacks a clear business model and scalability, making it a niche project rather than a scalable business.""
}",6,pass,80,3,5,2,"While the idea has potential for community building and sustainability, it lacks a clear business model and scalability, making it a niche project rather than a scalable business.",True
CASE_KS_010,models/Meta-Llama-3-8B-Instruct,models/Meta-Llama-3-8B-Instruct,vllm,http://localhost:8000/v1,C1,6,3bb65d16,0.0,2026-08-28T17:25:28.770181,1,"{
  ""score"": 6,
  ""verdict"": ""pass"",
  ""confidence"": 80,
  ""rubric_scores"": {
    ""market_potential"": 3,
    ""technical_feasibility"": 5,
    ""business_viability"": 2
  },
  ""reasoning"": ""While the idea has potential for community building and sustainability, it lacks a clear business model and scalability, making it a niche project rather than a scalable business.""
}",6,pass,80,3,5,2,"While the idea has potential for community building and sustainability, it lacks a clear business model and scalability, making it a niche project rather than a scalable business.",True
CASE_KS_010,models/Meta-Llama-3-8B-Instruct,models/Meta-Llama-3-8B-Instruct,vllm,http://localhost:8000/v1,C1,7,3bb65d16,0.0,2026-08-28T17:25:31.102646,1,"{
  ""score"": 6,
  ""verdict"": ""pass"",
  ""confidence"": 80,
  ""rubric_scores"": {
    ""market_potential"": 3,
    ""technical_feasibility"": 5,
    ""business_viability"": 2
  },
  ""reasoning"": ""While the idea has potential for community building and sustainability, it lacks a clear business model and scalability, making it a niche project rather than a scalable business.""
}",6,pass,80,3,5,2,"While the idea has potential for community building and sustainability, it lacks a clear business model and scalability, making it a niche project rather than a scalable business.",True
CASE_KS_010,models/Meta-Llama-3-8B-Instruct,models/Meta-Llama-3-8B-Instruct,vllm,http://localhost:8000/v1,C1,8,3bb65d16,0.0,2026-08-28T17:25:32.564828,1,"{
  ""score"": 6,
  ""verdict"": ""pass"",
  ""confidence"": 80,
  ""rubric_scores"": {
    ""market_potential"": 3,
    ""technical_feasibility"": 5,
    ""business_viability"": 2
  },
  ""reasoning"": ""While the idea has potential for community building and sustainability, it lacks a clear business model and scalability, making it a niche project rather than a scalable business.""
}",6,pass,80,3,5,2,"While the idea has potential for community building and sustainability, it lacks a clear business model and scalability, making it a niche project rather than a scalable business.",True
CASE_KS_010,models/Meta-Llama-3-8B-Instruct,models/Meta-Llama-3-8B-Instruct,vllm,http://localhost:8000/v1,C1,9,3bb65d16,0.0,2026-08-28T17:25:34.892133,1,"{
  ""score"": 6,
  ""verdict"": ""pass"",
  ""confidence"": 80,
  ""rubric_scores"": {
    ""market_potential"": 3,
    ""technical_feasibility"": 5,
    ""business_viability"": 2
  },
  ""reasoning"": ""While the idea has potential for community building and sustainability, it lacks a clear business model and scalability, making it a niche project rather than a scalable business.""
}",6,pass,80,3,5,2,"While the idea has potential for community building and sustainability, it lacks a clear business model and scalability, making it a niche project rather than a scalable business.",True
CASE_KS_010,models/Meta-Llama-3-8B-Instruct,models/Meta-Llama-3-8B-Instruct,vllm,http://localhost:8000/v1,C1,10,3bb65d16,0.0,2026-08-28T17:25:36.371026,1,"{
  ""score"": 6,
  ""verdict"": ""pass"",
  ""confidence"": 80,
  ""rubric_scores"": {
    ""market_potential"": 3,
    ""technical_feasibility"": 5,
    ""business_viability"": 2
  },
  ""reasoning"": ""While the idea has potential for community building and sustainability, it lacks a clear business model and scalability, making it a niche project rather than a scalable business.""
}",6,pass,80,3,5,2,"While the idea has potential for community building and sustainability, it lacks a clear business model and scalability, making it a niche project rather than a scalable business.",True
CASE_KS_011,models/Meta-Llama-3-8B-Instruct,models/Meta-Llama-3-8B-Instruct,vllm,http://localhost:8000/v1,C1,1,3bb65d16,0.0,2026-08-28T17:26:03.561957,1,"{
  ""score"": 6,
  ""verdict"": ""pass"",
  ""confidence"": 80,
  ""rubric_scores"": {
    ""market_potential"": 4,
    ""technical_feasibility"": 3,
    ""business_viability"": 2
  },
  ""reasoning"": ""While the idea of expanding a hackerspace has potential, the market potential is limited to a specific niche audience, and the technical feasibility is relatively low as it's more of a physical space expansion. The business viability is also uncertain, as it's unclear how the new space will be monetized.""
}",6,pass,80,4,3,2,"While the idea of expanding a hackerspace has potential, the market potential is limited to a specific niche audience, and the technical feasibility is relatively low as it's more of a physical space expansion. The business viability is also uncertain, as it's unclear how the new space will be monetized.",True
CASE_KS_011,models/Meta-Llama-3-8B-Instruct,models/Meta-Llama-3-8B-Instruct,vllm,http://localhost:8000/v1,C1,2,3bb65d16,0.0,2026-08-28T17:26:04.624529,1,"{
  ""score"": 6,
  ""verdict"": ""pass"",
  ""confidence"": 80,
  ""rubric_scores"": {
    ""market_potential"": 4,
    ""technical_feasibility"": 3,
    ""business_viability"": 2
  },
  ""reasoning"": ""While the idea of expanding a hackerspace has potential, the market potential is limited to a specific niche audience, and the technical feasibility is relatively low as it's more of a physical space expansion. The business viability is also uncertain, as it's unclear how the new space will be monetized.""
}",6,pass,80,4,3,2,"While the idea of expanding a hackerspace has potential, the market potential is limited to a specific niche audience, and the technical feasibility is relatively low as it's more of a physical space expansion. The business viability is also uncertain, as it's unclear how the new space will be monetized.",True
CASE_KS_011,models/Meta-Llama-3-8B-Instruct,models/Meta-Llama-3-8B-Instruct,vllm,http://localhost:8000/v1,C1,3,3bb65d16,0.0,2026-08-28T17:26:08.264279,1,"{
  ""score"": 6,
  ""verdict"": ""pass"",
  ""confidence"": 80,
  ""rubric_scores"": {
    ""market_potential"": 4,
    ""technical_feasibility"": 3,
    ""business_viability"": 2
  },
  ""reasoning"": ""While the idea of expanding a hackerspace has potential, the market potential is limited to a specific niche audience, and the technical feasibility is relatively low as it's more of a physical space expansion. The business viability is also uncertain, as it's unclear how the new space will be monetized.""
}",6,pass,80,4,3,2,"While the idea of expanding a hackerspace has potential, the market potential is limited to a specific niche audience, and the technical feasibility is relatively low as it's more of a physical space expansion. The business viability is also uncertain, as it's unclear how the new space will be monetized.",True
CASE_KS_011,models/Meta-Llama-3-8B-Instruct,models/Meta-Llama-3-8B-Instruct,vllm,http://localhost:8000/v1,C1,4,3bb65d16,0.0,2026-08-28T17:26:08.465499,1,"{
  ""score"": 6,
  ""verdict"": ""pass"",
  ""confidence"": 80,
  ""rubric_scores"": {
    ""market_potential"": 4,
    ""technical_feasibility"": 3,
    ""business_viability"": 2
  },
  ""reasoning"": ""While the idea of expanding a hackerspace has potential, the market potential is limited to a specific niche audience, and the technical feasibility is relatively low as it's more of a physical space expansion. The business viability is also uncertain, as it's unclear how the new space will be monetized.""
}",6,pass,80,4,3,2,"While the idea of expanding a hackerspace has potential, the market potential is limited to a specific niche audience, and the technical feasibility is relatively low as it's more of a physical space expansion. The business viability is also uncertain, as it's unclear how the new space will be monetized.",True
CASE_KS_011,models/Meta-Llama-3-8B-Instruct,models/Meta-Llama-3-8B-Instruct,vllm,http://localhost:8000/v1,C1,7,3bb65d16,0.0,2026-08-28T17:26:15.446703,1,"{
  ""score"": 6,
  ""verdict"": ""pass"",
  ""confidence"": 80,
  ""rubric_scores"": {
    ""market_potential"": 4,
    ""technical_feasibility"": 3,
    ""business_viability"": 4
  },
  ""reasoning"": ""While the idea has a clear niche and growing community, the market potential is limited to a specific geographic area and may not scale beyond that. The technical feasibility is relatively low, as it's more of a physical expansion than a new product or service.""
}",6,pass,80,4,3,4,"While the idea has a clear niche and growing community, the market potential is limited to a specific geographic area and may not scale beyond that. The technical feasibility is relatively low, as it's more of a physical expansion than a new product or service.",True
CASE_KS_011,models/Meta-Llama-3-8B-Instruct,models/Meta-Llama-3-8B-Instruct,vllm,http://localhost:8000/v1,C1,5,3bb65d16,0.0,2026-08-28T17:26:12.499993,1,"{
  ""score"": 6,
  ""verdict"": ""pass"",
  ""confidence"": 80,
  ""rubric_scores"": {
    ""market_potential"": 4,
    ""technical_feasibility"": 3,
    ""business_viability"": 2
  },
  ""reasoning"": ""While the idea of expanding a hackerspace has potential, the market potential is limited to a specific niche audience, and the technical feasibility is relatively low as it's more of a physical space expansion. The business viability is also uncertain, as it's unclear how the new space will be monetized.""
}",6,pass,80,4,3,2,"While the idea of expanding a hackerspace has potential, the market potential is limited to a specific niche audience, and the technical feasibility is relatively low as it's more of a physical space expansion. The business viability is also uncertain, as it's unclear how the new space will be monetized.",True
CASE_KS_011,models/Meta-Llama-3-8B-Instruct,models/Meta-Llama-3-8B-Instruct,vllm,http://localhost:8000/v1,C1,6,3bb65d16,0.0,2026-08-28T17:26:12.701994,1,"{
  ""score"": 6,
  ""verdict"": ""pass"",
  ""confidence"": 80,
  ""rubric_scores"": {
    ""market_potential"": 4,
    ""technical_feasibility"": 3,
    ""business_viability"": 2
  },
  ""reasoning"": ""While the idea of expanding a hackerspace has potential, the market potential is limited to a specific niche audience, and the technical feasibility is relatively low as it's more of a physical space expansion. The business viability is also uncertain, as it's unclear how the new space will be monetized.""
}",6,pass,80,4,3,2,"While the idea of expanding a hackerspace has potential, the market potential is limited to a specific niche audience, and the technical feasibility is relatively low as it's more of a physical space expansion. The business viability is also uncertain, as it's unclear how the new space will be monetized.",True
CASE_KS_011,models/Meta-Llama-3-8B-Instruct,models/Meta-Llama-3-8B-Instruct,vllm,http://localhost:8000/v1,C1,8,3bb65d16,0.0,2026-08-28T17:26:16.927249,1,"{
  ""score"": 6,
  ""verdict"": ""pass"",
  ""confidence"": 80,
  ""rubric_scores"": {
    ""market_potential"": 4,
    ""technical_feasibility"": 3,
    ""business_viability"": 2
  },
  ""reasoning"": ""While the idea of expanding a hackerspace has potential, the market potential is limited to a specific niche audience, and the technical feasibility is relatively low as it's more of a physical space expansion. The business viability is also uncertain, as it's unclear how the new space will be monetized.""
}",6,pass,80,4,3,2,"While the idea of expanding a hackerspace has potential, the market potential is limited to a specific niche audience, and the technical feasibility is relatively low as it's more of a physical space expansion. The business viability is also uncertain, as it's unclear how the new space will be monetized.",True
CASE_KS_011,models/Meta-Llama-3-8B-Instruct,models/Meta-Llama-3-8B-Instruct,vllm,http://localhost:8000/v1,C1,9,3bb65d16,0.0,2026-08-28T17:26:19.667995,1,"{
  ""score"": 6,
  ""verdict"": ""pass"",
  ""confidence"": 80,
  ""rubric_scores"": {
    ""market_potential"": 4,
    ""technical_feasibility"": 3,
    ""business_viability"": 2
  },
  ""reasoning"": ""While the idea of expanding a hackerspace has potential, the market potential is limited to a specific niche audience, and the technical feasibility is relatively low as it's more of a physical space expansion. The business viability is also uncertain, as it's unclear how the new space will be monetized.""
}",6,pass,80,4,3,2,"While the idea of expanding a hackerspace has potential, the market potential is limited to a specific niche audience, and the technical feasibility is relatively low as it's more of a physical space expansion. The business viability is also uncertain, as it's unclear how the new space will be monetized.",True
CASE_KS_011,models/Meta-Llama-3-8B-Instruct,models/Meta-Llama-3-8B-Instruct,vllm,http://localhost:8000/v1,C1,10,3bb65d16,0.0,2026-08-28T17:26:21.147126,1,"{
  ""score"": 6,
  ""verdict"": ""pass"",
  ""confidence"": 80,
  ""rubric_scores"": {
    ""market_potential"": 4,
    ""technical_feasibility"": 3,
    ""business_viability"": 2
  },
  ""reasoning"": ""While the idea of expanding a hackerspace has potential, the market potential is limited to a specific niche audience, and the technical feasibility is relatively low as it's more of a physical space expansion. The business viability is also uncertain, as it's unclear how the new space will be monetized.""
}",6,pass,80,4,3,2,"While the idea of expanding a hackerspace has potential, the market potential is limited to a specific niche audience, and the technical feasibility is relatively low as it's more of a physical space expansion. The business viability is also uncertain, as it's unclear how the new space will be monetized.",True
CASE_KS_012,models/Meta-Llama-3-8B-Instruct,models/Meta-Llama-3-8B-Instruct,vllm,http://localhost:8000/v1,C1,1,3bb65d16,0.0,2026-08-28T17:26:58.630925,1,"{
  ""score"": 8,
  ""verdict"": ""invest"",
  ""confidence"": 80,
  ""rubric_scores"": {
    ""market_potential"": 4,
    ""technical_feasibility"": 4,
    ""business_viability"": 3
  },
  ""reasoning"": ""The idea has a strong emotional appeal, leveraging nostalgia and addressing a specific pain point for people with motor disabilities. With a clear technical path forward, the potential for a successful product is high.""
}",8,invest,80,4,4,3,"The idea has a strong emotional appeal, leveraging nostalgia and addressing a specific pain point for people with motor disabilities. With a clear technical path forward, the potential for a successful product is high.",True
CASE_KS_012,models/Meta-Llama-3-8B-Instruct,models/Meta-Llama-3-8B-Instruct,vllm,http://localhost:8000/v1,C1,2,3bb65d16,0.0,2026-08-28T17:26:59.689965,1,"{
  ""score"": 8,
  ""verdict"": ""invest"",
  ""confidence"": 80,
  ""rubric_scores"": {
    ""market_potential"": 4,
    ""technical_feasibility"": 4,
    ""business_viability"": 3
  },
  ""reasoning"": ""The idea has a strong emotional appeal, leveraging nostalgia and addressing a specific pain point for people with motor disabilities. With a clear technical path forward, the potential for a successful product is high.""
}",8,invest,80,4,4,3,"The idea has a strong emotional appeal, leveraging nostalgia and addressing a specific pain point for people with motor disabilities. With a clear technical path forward, the potential for a successful product is high.",True
CASE_KS_012,models/Meta-Llama-3-8B-Instruct,models/Meta-Llama-3-8B-Instruct,vllm,http://localhost:8000/v1,C1,3,3bb65d16,0.0,2026-08-28T17:27:03.788006,1,"{
  ""score"": 8,
  ""verdict"": ""invest"",
  ""confidence"": 80,
  ""rubric_scores"": {
    ""market_potential"": 4,
    ""technical_feasibility"": 4,
    ""business_viability"": 3
  },
  ""reasoning"": ""The idea has a strong emotional appeal, leveraging nostalgia and addressing a specific pain point for people with motor disabilities. With a clear technical path forward, the potential for a successful product is high.""
}",8,invest,80,4,4,3,"The idea has a strong emotional appeal, leveraging nostalgia and addressing a specific pain point for people with motor disabilities. With a clear technical path forward, the potential for a successful product is high.",True
CASE_KS_012,models/Meta-Llama-3-8B-Instruct,models/Meta-Llama-3-8B-Instruct,vllm,http://localhost:8000/v1,C1,4,3bb65d16,0.0,2026-08-28T17:27:03.988752,1,"{
  ""score"": 8,
  ""verdict"": ""invest"",
  ""confidence"": 80,
  ""rubric_scores"": {
    ""market_potential"": 4,
    ""technical_feasibility"": 4,
    ""business_viability"": 3
  },
  ""reasoning"": ""The idea has a strong emotional appeal, leveraging nostalgia and addressing a specific pain point for people with motor disabilities. With a clear technical path forward, the potential for a successful product is high.""
}",8,invest,80,4,4,3,"The idea has a strong emotional appeal, leveraging nostalgia and addressing a specific pain point for people with motor disabilities. With a clear technical path forward, the potential for a successful product is high.",True
CASE_KS_012,models/Meta-Llama-3-8B-Instruct,models/Meta-Llama-3-8B-Instruct,vllm,http://localhost:8000/v1,C1,5,3bb65d16,0.0,2026-08-28T17:27:07.612718,1,"{
  ""score"": 8,
  ""verdict"": ""invest"",
  ""confidence"": 80,
  ""rubric_scores"": {
    ""market_potential"": 4,
    ""technical_feasibility"": 4,
    ""business_viability"": 3
  },
  ""reasoning"": ""The idea has a strong emotional appeal, leveraging nostalgia and addressing a specific pain point for people with motor disabilities. With a clear technical path forward, the potential for a successful product is high.""
}",8,invest,80,4,4,3,"The idea has a strong emotional appeal, leveraging nostalgia and addressing a specific pain point for people with motor disabilities. With a clear technical path forward, the potential for a successful product is high.",True
CASE_KS_012,models/Meta-Llama-3-8B-Instruct,models/Meta-Llama-3-8B-Instruct,vllm,http://localhost:8000/v1,C1,6,3bb65d16,0.0,2026-08-28T17:27:08.665103,1,"{
  ""score"": 8,
  ""verdict"": ""invest"",
  ""confidence"": 80,
  ""rubric_scores"": {
    ""market_potential"": 4,
    ""technical_feasibility"": 4,
    ""business_viability"": 3
  },
  ""reasoning"": ""The idea has a strong emotional appeal, leveraging nostalgia and addressing a specific pain point for people with motor disabilities. With a clear technical path forward, the potential for a successful product is high.""
}",8,invest,80,4,4,3,"The idea has a strong emotional appeal, leveraging nostalgia and addressing a specific pain point for people with motor disabilities. With a clear technical path forward, the potential for a successful product is high.",True
CASE_KS_012,models/Meta-Llama-3-8B-Instruct,models/Meta-Llama-3-8B-Instruct,vllm,http://localhost:8000/v1,C1,7,3bb65d16,0.0,2026-08-28T17:27:08.866454,1,"{
  ""score"": 8,
  ""verdict"": ""invest"",
  ""confidence"": 80,
  ""rubric_scores"": {
    ""market_potential"": 4,
    ""technical_feasibility"": 4,
    ""business_viability"": 3
  },
  ""reasoning"": ""The idea has a strong emotional appeal, leveraging nostalgia and addressing a specific pain point for people with motor disabilities. With a clear technical path forward, the potential for a successful product is high.""
}",8,invest,80,4,4,3,"The idea has a strong emotional appeal, leveraging nostalgia and addressing a specific pain point for people with motor disabilities. With a clear technical path forward, the potential for a successful product is high.",True
CASE_KS_012,models/Meta-Llama-3-8B-Instruct,models/Meta-Llama-3-8B-Instruct,vllm,http://localhost:8000/v1,C1,8,3bb65d16,0.0,2026-08-28T17:27:13.317033,1,"{
  ""score"": 8,
  ""verdict"": ""invest"",
  ""confidence"": 80,
  ""rubric_scores"": {
    ""market_potential"": 4,
    ""technical_feasibility"": 4,
    ""business_viability"": 3
  },
  ""reasoning"": ""The idea has a strong emotional appeal, leveraging nostalgia and addressing a specific pain point for people with motor disabilities. With a clear technical path forward, the potential for a successful product is high.""
}",8,invest,80,4,4,3,"The idea has a strong emotional appeal, leveraging nostalgia and addressing a specific pain point for people with motor disabilities. With a clear technical path forward, the potential for a successful product is high.",True
CASE_KS_012,models/Meta-Llama-3-8B-Instruct,models/Meta-Llama-3-8B-Instruct,vllm,http://localhost:8000/v1,C1,9,3bb65d16,0.0,2026-08-28T17:27:16.510019,1,"{
  ""score"": 8,
  ""verdict"": ""invest"",
  ""confidence"": 80,
  ""rubric_scores"": {
    ""market_potential"": 4,
    ""technical_feasibility"": 4,
    ""business_viability"": 3
  },
  ""reasoning"": ""The idea has a strong emotional appeal, leveraging nostalgia and addressing a specific pain point for people with motor disabilities. With a clear technical path forward, the potential for a successful product is high.""
}",8,invest,80,4,4,3,"The idea has a strong emotional appeal, leveraging nostalgia and addressing a specific pain point for people with motor disabilities. With a clear technical path forward, the potential for a successful product is high.",True
CASE_KS_012,models/Meta-Llama-3-8B-Instruct,models/Meta-Llama-3-8B-Instruct,vllm,http://localhost:8000/v1,C1,10,3bb65d16,0.0,2026-08-28T17:27:17.978994,1,"{
  ""score"": 8,
  ""verdict"": ""invest"",
  ""confidence"": 80,
  ""rubric_scores"": {
    ""market_potential"": 4,
    ""technical_feasibility"": 4,
    ""business_viability"": 3
  },
  ""reasoning"": ""The idea has a strong emotional appeal, leveraging nostalgia and addressing a specific pain point for people with motor disabilities. With a clear technical path forward, the potential for a successful product is high.""
}",8,invest,80,4,4,3,"The idea has a strong emotional appeal, leveraging nostalgia and addressing a specific pain point for people with motor disabilities. With a clear technical path forward, the potential for a successful product is high.",True
CASE_KS_013,models/Meta-Llama-3-8B-Instruct,models/Meta-Llama-3-8B-Instruct,vllm,http://localhost:8000/v1,C1,1,3bb65d16,0.0,2026-08-28T17:27:44.789028,1,"{
  ""score"": 7,
  ""verdict"": ""invest"",
  ""confidence"": 80,
  ""rubric_scores"": {
    ""market_potential"": 4,
    ""technical_feasibility"": 3,
    ""business_viability"": 4
  },
  ""reasoning"": ""While the idea is not revolutionary, the gamification element and interactive experience could attract a loyal user base. With a clear understanding of the target market and a solid plan for monetization, TattooTree has the potential to become a successful niche player.""
}",7,invest,80,4,3,4,"While the idea is not revolutionary, the gamification element and interactive experience could attract a loyal user base. With a clear understanding of the target market and a solid plan for monetization, TattooTree has the potential to become a successful niche player.",True
CASE_KS_013,models/Meta-Llama-3-8B-Instruct,models/Meta-Llama-3-8B-Instruct,vllm,http://localhost:8000/v1,C1,2,3bb65d16,0.0,2026-08-28T17:27:45.842993,1,"{
  ""score"": 7,
  ""verdict"": ""invest"",
  ""confidence"": 80,
  ""rubric_scores"": {
    ""market_potential"": 4,
    ""technical_feasibility"": 3,
    ""business_viability"": 4
  },
  ""reasoning"": ""While the idea is not revolutionary, it has the potential to tap into the growing tattoo culture and capitalize on the popularity of gamified experiences. With a clear value proposition and a well-designed user interface, TattooTree could attract a loyal user base and generate revenue through commission-based sales.""
}",7,invest,80,4,3,4,"While the idea is not revolutionary, it has the potential to tap into the growing tattoo culture and capitalize on the popularity of gamified experiences. With a clear value proposition and a well-designed user interface, TattooTree could attract a loyal user base and generate revenue through commission-based sales.",True
CASE_KS_013,models/Meta-Llama-3-8B-Instruct,models/Meta-Llama-3-8B-Instruct,vllm,http://localhost:8000/v1,C1,3,3bb65d16,0.0,2026-08-28T17:27:50.650380,1,"{
  ""score"": 7,
  ""verdict"": ""invest"",
  ""confidence"": 80,
  ""rubric_scores"": {
    ""market_potential"": 4,
    ""technical_feasibility"": 3,
    ""business_viability"": 4
  },
  ""reasoning"": ""While the idea is not revolutionary, it has the potential to tap into the growing tattoo culture and capitalize on the popularity of gamified experiences. With a clear value proposition and a well-designed user interface, TattooTree could attract a loyal user base and generate revenue through commission-based sales.""
}",7,invest,80,4,3,4,"While the idea is not revolutionary, it has the potential to tap into the growing tattoo culture and capitalize on the popularity of gamified experiences. With a clear value proposition and a well-designed user interface, TattooTree could attract a loyal user base and generate revenue through commission-based sales.",True
CASE_KS_013,models/Meta-Llama-3-8B-Instruct,models/Meta-Llama-3-8B-Instruct,vllm,http://localhost:8000/v1,C1,4,3bb65d16,0.0,2026-08-28T17:27:50.855497,1,"{
  ""score"": 7,
  ""verdict"": ""invest"",
  ""confidence"": 80,
  ""rubric_scores"": {
    ""market_potential"": 4,
    ""technical_feasibility"": 3,
    ""business_viability"": 4
  },
  ""reasoning"": ""While the idea is not revolutionary, it has the potential to tap into the growing tattoo culture and capitalize on the popularity of gamified experiences. With a clear value proposition and a well-designed user interface, TattooTree could attract a loyal user base and generate revenue through commission-based sales.""
}",7,invest,80,4,3,4,"While the idea is not revolutionary, it has the potential to tap into the growing tattoo culture and capitalize on the popularity of gamified experiences. With a clear value proposition and a well-designed user interface, TattooTree could attract a loyal user base and generate revenue through commission-based sales.",True
CASE_KS_013,models/Meta-Llama-3-8B-Instruct,models/Meta-Llama-3-8B-Instruct,vllm,http://localhost:8000/v1,C1,5,3bb65d16,0.0,2026-08-28T17:27:54.896079,1,"{
  ""score"": 7,
  ""verdict"": ""invest"",
  ""confidence"": 80,
  ""rubric_scores"": {
    ""market_potential"": 4,
    ""technical_feasibility"": 3,
    ""business_viability"": 4
  },
  ""reasoning"": ""While the idea is not revolutionary, the gamification element and interactive experience could attract a loyal user base. With a clear understanding of the target market and a solid plan for monetization, TattooTree has the potential to become a successful niche player.""
}",7,invest,80,4,3,4,"While the idea is not revolutionary, the gamification element and interactive experience could attract a loyal user base. With a clear understanding of the target market and a solid plan for monetization, TattooTree has the potential to become a successful niche player.",True
CASE_KS_013,models/Meta-Llama-3-8B-Instruct,models/Meta-Llama-3-8B-Instruct,vllm,http://localhost:8000/v1,C1,6,3bb65d16,0.0,2026-08-28T17:27:55.955016,1,"{
  ""score"": 7,
  ""verdict"": ""invest"",
  ""confidence"": 80,
  ""rubric_scores"": {
    ""market_potential"": 4,
    ""technical_feasibility"": 3,
    ""business_viability"": 4
  },
  ""reasoning"": ""While the idea is not revolutionary, the gamification element and interactive experience could attract a loyal user base. With a clear understanding of the target market and a solid plan for monetization, TattooTree has the potential to become a successful niche player.""
}",7,invest,80,4,3,4,"While the idea is not revolutionary, the gamification element and interactive experience could attract a loyal user base. With a clear understanding of the target market and a solid plan for monetization, TattooTree has the potential to become a successful niche player.",True
CASE_KS_013,models/Meta-Llama-3-8B-Instruct,models/Meta-Llama-3-8B-Instruct,vllm,http://localhost:8000/v1,C1,7,3bb65d16,0.0,2026-08-28T17:27:56.588517,1,"{
  ""score"": 7,
  ""verdict"": ""invest"",
  ""confidence"": 80,
  ""rubric_scores"": {
    ""market_potential"": 4,
    ""technical_feasibility"": 3,
    ""business_viability"": 4
  },
  ""reasoning"": ""While the idea is not revolutionary, the gamification element and interactive experience could attract a loyal user base. With a clear understanding of the target market and a solid plan for monetization, TattooTree has the potential to become a successful niche player.""
}",7,invest,80,4,3,4,"While the idea is not revolutionary, the gamification element and interactive experience could attract a loyal user base. With a clear understanding of the target market and a solid plan for monetization, TattooTree has the potential to become a successful niche player.",True
CASE_KS_013,models/Meta-Llama-3-8B-Instruct,models/Meta-Llama-3-8B-Instruct,vllm,http://localhost:8000/v1,C1,8,3bb65d16,0.0,2026-08-28T17:28:01.048021,1,"{
  ""score"": 7,
  ""verdict"": ""invest"",
  ""confidence"": 80,
  ""rubric_scores"": {
    ""market_potential"": 4,
    ""technical_feasibility"": 3,
    ""business_viability"": 4
  },
  ""reasoning"": ""While the idea is not revolutionary, the gamification element and interactive experience could attract a loyal user base. With a clear understanding of the target market and a solid plan for monetization, TattooTree has the potential to become a successful niche player.""
}",7,invest,80,4,3,4,"While the idea is not revolutionary, the gamification element and interactive experience could attract a loyal user base. With a clear understanding of the target market and a solid plan for monetization, TattooTree has the potential to become a successful niche player.",True
CASE_KS_013,models/Meta-Llama-3-8B-Instruct,models/Meta-Llama-3-8B-Instruct,vllm,http://localhost:8000/v1,C1,9,3bb65d16,0.0,2026-08-28T17:28:04.663931,1,"{
  ""score"": 8,
  ""verdict"": ""invest"",
  ""confidence"": 80,
  ""rubric_scores"": {
    ""market_potential"": 4,
    ""technical_feasibility"": 4,
    ""business_viability"": 3
  },
  ""reasoning"": ""While the idea is not revolutionary, the gamification element and interactive experience have the potential to make the tattoo discovery process more engaging and enjoyable. With a clear target market and a feasible technical approach, I believe TattooTree has a good chance of success.""
}",8,invest,80,4,4,3,"While the idea is not revolutionary, the gamification element and interactive experience have the potential to make the tattoo discovery process more engaging and enjoyable. With a clear target market and a feasible technical approach, I believe TattooTree has a good chance of success.",True
CASE_KS_013,models/Meta-Llama-3-8B-Instruct,models/Meta-Llama-3-8B-Instruct,vllm,http://localhost:8000/v1,C1,10,3bb65d16,0.0,2026-08-28T17:28:06.144998,1,"{
  ""score"": 7,
  ""verdict"": ""invest"",
  ""confidence"": 80,
  ""rubric_scores"": {
    ""market_potential"": 4,
    ""technical_feasibility"": 3,
    ""business_viability"": 4
  },
  ""reasoning"": ""While the idea is not revolutionary, the gamification element and interactive experience could attract a loyal user base. With a clear understanding of the target market and a solid plan for monetization, TattooTree has the potential to become a successful niche player.""
}",7,invest,80,4,3,4,"While the idea is not revolutionary, the gamification element and interactive experience could attract a loyal user base. With a clear understanding of the target market and a solid plan for monetization, TattooTree has the potential to become a successful niche player.",True
CASE_KS_014,models/Meta-Llama-3-8B-Instruct,models/Meta-Llama-3-8B-Instruct,vllm,http://localhost:8000/v1,C1,1,3bb65d16,0.0,2026-08-28T17:28:35.969821,1,"{
  ""score"": 7,
  ""verdict"": ""invest"",
  ""confidence"": 80,
  ""rubric_scores"": {
    ""market_potential"": 4,
    ""technical_feasibility"": 3,
    ""business_viability"": 4
  },
  ""reasoning"": ""The idea has a clear market need and a unique value proposition, with potential to disrupt the traditional power storage and automotive industries. However, technical feasibility and business viability assessments are necessary to validate the concept.""
}",7,invest,80,4,3,4,"The idea has a clear market need and a unique value proposition, with potential to disrupt the traditional power storage and automotive industries. However, technical feasibility and business viability assessments are necessary to validate the concept.",True
CASE_KS_014,models/Meta-Llama-3-8B-Instruct,models/Meta-Llama-3-8B-Instruct,vllm,http://localhost:8000/v1,C1,2,3bb65d16,0.0,2026-08-28T17:28:40.063822,1,"{
  ""score"": 7,
  ""verdict"": ""invest"",
  ""confidence"": 80,
  ""rubric_scores"": {
    ""market_potential"": 4,
    ""technical_feasibility"": 3,
    ""business_viability"": 4
  },
  ""reasoning"": ""The idea has a clear market need and a unique value proposition, with potential to disrupt the traditional power storage and automotive industries. However, technical feasibility and business viability assessments are necessary to validate the concept.""
}",7,invest,80,4,3,4,"The idea has a clear market need and a unique value proposition, with potential to disrupt the traditional power storage and automotive industries. However, technical feasibility and business viability assessments are necessary to validate the concept.",True
CASE_KS_014,models/Meta-Llama-3-8B-Instruct,models/Meta-Llama-3-8B-Instruct,vllm,http://localhost:8000/v1,C1,3,3bb65d16,0.0,2026-08-28T17:28:44.977084,1,"{
  ""score"": 7,
  ""verdict"": ""invest"",
  ""confidence"": 80,
  ""rubric_scores"": {
    ""market_potential"": 4,
    ""technical_feasibility"": 3,
    ""business_viability"": 4
  },
  ""reasoning"": ""The idea has a clear market need and a unique value proposition, with potential to disrupt the traditional power bank and automotive accessory markets. However, technical feasibility and business viability will depend on the execution and competitive landscape.""
}",7,invest,80,4,3,4,"The idea has a clear market need and a unique value proposition, with potential to disrupt the traditional power bank and automotive accessory markets. However, technical feasibility and business viability will depend on the execution and competitive landscape.",True
CASE_KS_014,models/Meta-Llama-3-8B-Instruct,models/Meta-Llama-3-8B-Instruct,vllm,http://localhost:8000/v1,C1,4,3bb65d16,0.0,2026-08-28T17:28:45.179036,1,"{
  ""score"": 7,
  ""verdict"": ""invest"",
  ""confidence"": 80,
  ""rubric_scores"": {
    ""market_potential"": 4,
    ""technical_feasibility"": 3,
    ""business_viability"": 4
  },
  ""reasoning"": ""The idea has a clear market need and a unique value proposition, with potential to disrupt the traditional power bank and automotive accessory markets. However, technical feasibility and business viability will depend on the execution and competitive landscape.""
}",7,invest,80,4,3,4,"The idea has a clear market need and a unique value proposition, with potential to disrupt the traditional power bank and automotive accessory markets. However, technical feasibility and business viability will depend on the execution and competitive landscape.",True
CASE_KS_014,models/Meta-Llama-3-8B-Instruct,models/Meta-Llama-3-8B-Instruct,vllm,http://localhost:8000/v1,C1,5,3bb65d16,0.0,2026-08-28T17:28:46.651829,1,"{
  ""score"": 7,
  ""verdict"": ""invest"",
  ""confidence"": 80,
  ""rubric_scores"": {
    ""market_potential"": 4,
    ""technical_feasibility"": 3,
    ""business_viability"": 4
  },
  ""reasoning"": ""The idea has a clear market need and a unique value proposition, with potential to disrupt the traditional power storage and automotive industries. However, technical feasibility and business viability assessments are necessary to validate the concept.""
}",7,invest,80,4,3,4,"The idea has a clear market need and a unique value proposition, with potential to disrupt the traditional power storage and automotive industries. However, technical feasibility and business viability assessments are necessary to validate the concept.",True
CASE_KS_014,models/Meta-Llama-3-8B-Instruct,models/Meta-Llama-3-8B-Instruct,vllm,http://localhost:8000/v1,C1,6,3bb65d16,0.0,2026-08-28T17:28:47.703901,1,"{
  ""score"": 7,
  ""verdict"": ""invest"",
  ""confidence"": 80,
  ""rubric_scores"": {
    ""market_potential"": 4,
    ""technical_feasibility"": 3,
    ""business_viability"": 4
  },
  ""reasoning"": ""The idea has a clear market need and a unique value proposition, with potential to disrupt the traditional power bank and automotive accessory markets. However, technical feasibility and business viability will depend on the execution and competitive landscape.""
}",7,invest,80,4,3,4,"The idea has a clear market need and a unique value proposition, with potential to disrupt the traditional power bank and automotive accessory markets. However, technical feasibility and business viability will depend on the execution and competitive landscape.",True
CASE_KS_014,models/Meta-Llama-3-8B-Instruct,models/Meta-Llama-3-8B-Instruct,vllm,http://localhost:8000/v1,C1,7,3bb65d16,0.0,2026-08-28T17:28:48.751813,1,"{
  ""score"": 7,
  ""verdict"": ""invest"",
  ""confidence"": 80,
  ""rubric_scores"": {
    ""market_potential"": 4,
    ""technical_feasibility"": 3,
    ""business_viability"": 4
  },
  ""reasoning"": ""The idea has a clear market need and a unique value proposition, with potential to disrupt the traditional power bank and automotive accessory markets. However, technical feasibility and business viability will depend on the execution and competitive landscape.""
}",7,invest,80,4,3,4,"The idea has a clear market need and a unique value proposition, with potential to disrupt the traditional power bank and automotive accessory markets. However, technical feasibility and business viability will depend on the execution and competitive landscape.",True
CASE_KS_014,models/Meta-Llama-3-8B-Instruct,models/Meta-Llama-3-8B-Instruct,vllm,http://localhost:8000/v1,C1,8,3bb65d16,0.0,2026-08-28T17:28:53.211347,1,"{
  ""score"": 7,
  ""verdict"": ""invest"",
  ""confidence"": 80,
  ""rubric_scores"": {
    ""market_potential"": 4,
    ""technical_feasibility"": 3,
    ""business_viability"": 4
  },
  ""reasoning"": ""The idea has a clear market need and a unique value proposition, with potential to disrupt the traditional power bank and automotive accessory markets. However, technical feasibility and business viability will depend on the execution and competitive landscape.""
}",7,invest,80,4,3,4,"The idea has a clear market need and a unique value proposition, with potential to disrupt the traditional power bank and automotive accessory markets. However, technical feasibility and business viability will depend on the execution and competitive landscape.",True
CASE_KS_014,models/Meta-Llama-3-8B-Instruct,models/Meta-Llama-3-8B-Instruct,vllm,http://localhost:8000/v1,C1,9,3bb65d16,0.0,2026-08-28T17:28:57.687600,1,"{
  ""score"": 7,
  ""verdict"": ""invest"",
  ""confidence"": 80,
  ""rubric_scores"": {
    ""market_potential"": 4,
    ""technical_feasibility"": 3,
    ""business_viability"": 4
  },
  ""reasoning"": ""The idea has a clear market need and a unique value proposition, with potential to disrupt the traditional power storage and automotive industries. However, technical feasibility and business viability assessments are necessary to validate the concept.""
}",7,invest,80,4,3,4,"The idea has a clear market need and a unique value proposition, with potential to disrupt the traditional power storage and automotive industries. However, technical feasibility and business viability assessments are necessary to validate the concept.",True
CASE_KS_014,models/Meta-Llama-3-8B-Instruct,models/Meta-Llama-3-8B-Instruct,vllm,http://localhost:8000/v1,C1,10,3bb65d16,0.0,2026-08-28T17:28:58.737986,1,"{
  ""score"": 7,
  ""verdict"": ""invest"",
  ""confidence"": 80,
  ""rubric_scores"": {
    ""market_potential"": 4,
    ""technical_feasibility"": 3,
    ""business_viability"": 4
  },
  ""reasoning"": ""The idea has a clear market need and a unique value proposition, with potential to disrupt the traditional power bank and automotive accessory markets. However, technical feasibility and business viability will depend on the execution and competitive landscape.""
}",7,invest,80,4,3,4,"The idea has a clear market need and a unique value proposition, with potential to disrupt the traditional power bank and automotive accessory markets. However, technical feasibility and business viability will depend on the execution and competitive landscape.",True
CASE_KS_015,models/Meta-Llama-3-8B-Instruct,models/Meta-Llama-3-8B-Instruct,vllm,http://localhost:8000/v1,C1,1,3bb65d16,0.0,2026-08-28T17:29:22.983144,1,"{
  ""score"": 8,
  ""verdict"": ""invest"",
  ""confidence"": 80,
  ""rubric_scores"": {
    ""market_potential"": 4,
    ""technical_feasibility"": 5,
    ""business_viability"": 3
  },
  ""reasoning"": ""I'm investing in Noon Design Studio because the natural dye market has significant growth potential, and the team's innovative technology addresses a critical need for sustainable and high-quality materials. With the right execution, this startup can disrupt the traditional textile industry.""
}",8,invest,80,4,5,3,"I'm investing in Noon Design Studio because the natural dye market has significant growth potential, and the team's innovative technology addresses a critical need for sustainable and high-quality materials. With the right execution, this startup can disrupt the traditional textile industry.",True
CASE_KS_015,models/Meta-Llama-3-8B-Instruct,models/Meta-Llama-3-8B-Instruct,vllm,http://localhost:8000/v1,C1,2,3bb65d16,0.0,2026-08-28T17:29:27.352028,1,"{
  ""score"": 8,
  ""verdict"": ""invest"",
  ""confidence"": 80,
  ""rubric_scores"": {
    ""market_potential"": 4,
    ""technical_feasibility"": 5,
    ""business_viability"": 3
  },
  ""reasoning"": ""I'm investing in Noon Design Studio because the natural dye market has significant growth potential, and the team's innovative technology addresses a critical need for sustainable and high-quality materials. With the right execution, this startup can disrupt the traditional textile industry.""
}",8,invest,80,4,5,3,"I'm investing in Noon Design Studio because the natural dye market has significant growth potential, and the team's innovative technology addresses a critical need for sustainable and high-quality materials. With the right execution, this startup can disrupt the traditional textile industry.",True
CASE_KS_015,models/Meta-Llama-3-8B-Instruct,models/Meta-Llama-3-8B-Instruct,vllm,http://localhost:8000/v1,C1,3,3bb65d16,0.0,2026-08-28T17:29:33.558276,1,"{
  ""score"": 8,
  ""verdict"": ""invest"",
  ""confidence"": 80,
  ""rubric_scores"": {
    ""market_potential"": 4,
    ""technical_feasibility"": 5,
    ""business_viability"": 3
  },
  ""reasoning"": ""I'm investing in Noon Design Studio because the natural dye market has significant growth potential, and the team's innovative technology addresses a pressing need for sustainable and unique fabrics. With the right execution, this startup can capitalize on the growing demand for eco-friendly products.""
}",8,invest,80,4,5,3,"I'm investing in Noon Design Studio because the natural dye market has significant growth potential, and the team's innovative technology addresses a pressing need for sustainable and unique fabrics. With the right execution, this startup can capitalize on the growing demand for eco-friendly products.",True
CASE_KS_015,models/Meta-Llama-3-8B-Instruct,models/Meta-Llama-3-8B-Instruct,vllm,http://localhost:8000/v1,C1,4,3bb65d16,0.0,2026-08-28T17:29:33.762407,1,"{
  ""score"": 8,
  ""verdict"": ""invest"",
  ""confidence"": 80,
  ""rubric_scores"": {
    ""market_potential"": 4,
    ""technical_feasibility"": 5,
    ""business_viability"": 3
  },
  ""reasoning"": ""I'm investing in Noon Design Studio because the natural dye market has significant growth potential, and the team's innovative technology addresses a pressing need for sustainable and unique fabrics. With the right execution, this startup can capitalize on the growing demand for eco-friendly products.""
}",8,invest,80,4,5,3,"I'm investing in Noon Design Studio because the natural dye market has significant growth potential, and the team's innovative technology addresses a pressing need for sustainable and unique fabrics. With the right execution, this startup can capitalize on the growing demand for eco-friendly products.",True
CASE_KS_015,models/Meta-Llama-3-8B-Instruct,models/Meta-Llama-3-8B-Instruct,vllm,http://localhost:8000/v1,C1,5,3bb65d16,0.0,2026-08-28T17:29:34.812091,1,"{
  ""score"": 8,
  ""verdict"": ""invest"",
  ""confidence"": 80,
  ""rubric_scores"": {
    ""market_potential"": 4,
    ""technical_feasibility"": 5,
    ""business_viability"": 3
  },
  ""reasoning"": ""I'm investing in Noon Design Studio because the natural dye market has significant growth potential, and the team's innovative technology addresses a pressing need for sustainable and unique fabrics. With the right execution, this startup can capitalize on the growing demand for eco-friendly products.""
}",8,invest,80,4,5,3,"I'm investing in Noon Design Studio because the natural dye market has significant growth potential, and the team's innovative technology addresses a pressing need for sustainable and unique fabrics. With the right execution, this startup can capitalize on the growing demand for eco-friendly products.",True
CASE_KS_015,models/Meta-Llama-3-8B-Instruct,models/Meta-Llama-3-8B-Instruct,vllm,http://localhost:8000/v1,C1,6,3bb65d16,0.0,2026-08-28T17:29:36.728916,1,"{
  ""score"": 8,
  ""verdict"": ""invest"",
  ""confidence"": 80,
  ""rubric_scores"": {
    ""market_potential"": 4,
    ""technical_feasibility"": 5,
    ""business_viability"": 3
  },
  ""reasoning"": ""I'm investing in Noon Design Studio because the natural dye market has significant growth potential, and the team's innovative technology addresses a critical need for sustainable and high-quality materials. With the right execution, this startup can disrupt the traditional textile industry.""
}",8,invest,80,4,5,3,"I'm investing in Noon Design Studio because the natural dye market has significant growth potential, and the team's innovative technology addresses a critical need for sustainable and high-quality materials. With the right execution, this startup can disrupt the traditional textile industry.",True
CASE_KS_015,models/Meta-Llama-3-8B-Instruct,models/Meta-Llama-3-8B-Instruct,vllm,http://localhost:8000/v1,C1,7,3bb65d16,0.0,2026-08-28T17:29:38.213989,1,"{
  ""score"": 8,
  ""verdict"": ""invest"",
  ""confidence"": 80,
  ""rubric_scores"": {
    ""market_potential"": 4,
    ""technical_feasibility"": 5,
    ""business_viability"": 3
  },
  ""reasoning"": ""I'm investing in Noon Design Studio because the natural dye market has significant growth potential, and the team's innovative technology addresses a pressing need for sustainable and unique fabrics. With the right execution, this startup can capitalize on the growing demand for eco-friendly products.""
}",8,invest,80,4,5,3,"I'm investing in Noon Design Studio because the natural dye market has significant growth potential, and the team's innovative technology addresses a pressing need for sustainable and unique fabrics. With the right execution, this startup can capitalize on the growing demand for eco-friendly products.",True
CASE_KS_015,models/Meta-Llama-3-8B-Instruct,models/Meta-Llama-3-8B-Instruct,vllm,http://localhost:8000/v1,C1,8,3bb65d16,0.0,2026-08-28T17:29:42.690022,1,"{
  ""score"": 8,
  ""verdict"": ""invest"",
  ""confidence"": 80,
  ""rubric_scores"": {
    ""market_potential"": 4,
    ""technical_feasibility"": 5,
    ""business_viability"": 3
  },
  ""reasoning"": ""I'm investing in Noon Design Studio because the natural dye market has significant growth potential, and the team's innovative technology addresses a pressing need for sustainable and unique fabrics. With the right execution, this startup can capitalize on the growing demand for eco-friendly products.""
}",8,invest,80,4,5,3,"I'm investing in Noon Design Studio because the natural dye market has significant growth potential, and the team's innovative technology addresses a pressing need for sustainable and unique fabrics. With the right execution, this startup can capitalize on the growing demand for eco-friendly products.",True
CASE_KS_015,models/Meta-Llama-3-8B-Instruct,models/Meta-Llama-3-8B-Instruct,vllm,http://localhost:8000/v1,C1,9,3bb65d16,0.0,2026-08-28T17:29:46.747699,1,"{
  ""score"": 8,
  ""verdict"": ""invest"",
  ""confidence"": 80,
  ""rubric_scores"": {
    ""market_potential"": 4,
    ""technical_feasibility"": 5,
    ""business_viability"": 3
  },
  ""reasoning"": ""I'm investing in Noon Design Studio because the natural dye market has significant growth potential, and the team's innovative technology addresses a critical need for sustainable and high-quality materials. With the right execution, this startup can capture a significant share of the market.""
}",8,invest,80,4,5,3,"I'm investing in Noon Design Studio because the natural dye market has significant growth potential, and the team's innovative technology addresses a critical need for sustainable and high-quality materials. With the right execution, this startup can capture a significant share of the market.",True
CASE_KS_015,models/Meta-Llama-3-8B-Instruct,models/Meta-Llama-3-8B-Instruct,vllm,http://localhost:8000/v1,C1,10,3bb65d16,0.0,2026-08-28T17:29:48.649046,1,"{
  ""score"": 8,
  ""verdict"": ""invest"",
  ""confidence"": 80,
  ""rubric_scores"": {
    ""market_potential"": 4,
    ""technical_feasibility"": 5,
    ""business_viability"": 3
  },
  ""reasoning"": ""I'm investing in Noon Design Studio because the natural dye market has significant growth potential, and the team's innovative technology addresses a pressing need for sustainable and unique fabrics. With the right execution, this startup can capitalize on the growing demand for eco-friendly products.""
}",8,invest,80,4,5,3,"I'm investing in Noon Design Studio because the natural dye market has significant growth potential, and the team's innovative technology addresses a pressing need for sustainable and unique fabrics. With the right execution, this startup can capitalize on the growing demand for eco-friendly products.",True
CASE_KS_016,models/Meta-Llama-3-8B-Instruct,models/Meta-Llama-3-8B-Instruct,vllm,http://localhost:8000/v1,C1,1,3bb65d16,0.0,2026-08-28T17:30:13.789944,1,"{
  ""score"": 8,
  ""verdict"": ""invest"",
  ""confidence"": 80,
  ""rubric_scores"": {
    ""market_potential"": 4,
    ""technical_feasibility"": 5,
    ""business_viability"": 3
  },
  ""reasoning"": ""The idea has strong potential in the music industry, leveraging the iPad's platform for innovative musical expression. While there are some technical and business viability concerns, the potential for disruption and growth outweighs these risks.""
}",8,invest,80,4,5,3,"The idea has strong potential in the music industry, leveraging the iPad's platform for innovative musical expression. While there are some technical and business viability concerns, the potential for disruption and growth outweighs these risks.",True
CASE_KS_016,models/Meta-Llama-3-8B-Instruct,models/Meta-Llama-3-8B-Instruct,vllm,http://localhost:8000/v1,C1,2,3bb65d16,0.0,2026-08-28T17:30:17.884640,1,"{
  ""score"": 8,
  ""verdict"": ""invest"",
  ""confidence"": 80,
  ""rubric_scores"": {
    ""market_potential"": 4,
    ""technical_feasibility"": 5,
    ""business_viability"": 3
  },
  ""reasoning"": ""The idea has strong potential in the music industry, leveraging the iPad's platform for innovative musical expression. While there are some technical and business viability concerns, the potential for disruption and growth outweighs these risks.""
}",8,invest,80,4,5,3,"The idea has strong potential in the music industry, leveraging the iPad's platform for innovative musical expression. While there are some technical and business viability concerns, the potential for disruption and growth outweighs these risks.",True
CASE_KS_016,models/Meta-Llama-3-8B-Instruct,models/Meta-Llama-3-8B-Instruct,vllm,http://localhost:8000/v1,C1,3,3bb65d16,0.0,2026-08-28T17:30:25.807998,1,"{
  ""score"": 8,
  ""verdict"": ""invest"",
  ""confidence"": 80,
  ""rubric_scores"": {
    ""market_potential"": 4,
    ""technical_feasibility"": 5,
    ""business_viability"": 3
  },
  ""reasoning"": ""The idea has strong potential in the music industry, leveraging the iPad's platform for innovative musical expression. While there's a risk of competition from established MIDI controllers, the unique customization aspect could differentiate this product.""
}",8,invest,80,4,5,3,"The idea has strong potential in the music industry, leveraging the iPad's platform for innovative musical expression. While there's a risk of competition from established MIDI controllers, the unique customization aspect could differentiate this product.",True
CASE_KS_016,models/Meta-Llama-3-8B-Instruct,models/Meta-Llama-3-8B-Instruct,vllm,http://localhost:8000/v1,C1,4,3bb65d16,0.0,2026-08-28T17:30:26.009803,1,"{
  ""score"": 8,
  ""verdict"": ""invest"",
  ""confidence"": 80,
  ""rubric_scores"": {
    ""market_potential"": 4,
    ""technical_feasibility"": 5,
    ""business_viability"": 3
  },
  ""reasoning"": ""The idea has strong potential in the music industry, leveraging the iPad's platform for innovative musical expression. While there's a risk of competition from established MIDI controllers, the unique customization aspect could differentiate this product.""
}",8,invest,80,4,5,3,"The idea has strong potential in the music industry, leveraging the iPad's platform for innovative musical expression. While there's a risk of competition from established MIDI controllers, the unique customization aspect could differentiate this product.",True
CASE_KS_016,models/Meta-Llama-3-8B-Instruct,models/Meta-Llama-3-8B-Instruct,vllm,http://localhost:8000/v1,C1,5,3bb65d16,0.0,2026-08-28T17:30:27.481006,1,"{
  ""score"": 8,
  ""verdict"": ""invest"",
  ""confidence"": 80,
  ""rubric_scores"": {
    ""market_potential"": 4,
    ""technical_feasibility"": 5,
    ""business_viability"": 3
  },
  ""reasoning"": ""The idea has strong potential in the music industry, leveraging the iPad's platform for innovative musical expression. While there's a risk of competition from established MIDI controllers, the unique customization aspect could differentiate this product.""
}",8,invest,80,4,5,3,"The idea has strong potential in the music industry, leveraging the iPad's platform for innovative musical expression. While there's a risk of competition from established MIDI controllers, the unique customization aspect could differentiate this product.",True
CASE_KS_016,models/Meta-Llama-3-8B-Instruct,models/Meta-Llama-3-8B-Instruct,vllm,http://localhost:8000/v1,C1,6,3bb65d16,0.0,2026-08-28T17:30:28.129027,1,"{
  ""score"": 8,
  ""verdict"": ""invest"",
  ""confidence"": 80,
  ""rubric_scores"": {
    ""market_potential"": 4,
    ""technical_feasibility"": 5,
    ""business_viability"": 3
  },
  ""reasoning"": ""The idea has strong potential in the music industry, leveraging the iPad's platform for innovative musical expression. While there's a risk of competition from established MIDI controllers, the unique customization aspect could differentiate this product.""
}",8,invest,80,4,5,3,"The idea has strong potential in the music industry, leveraging the iPad's platform for innovative musical expression. While there's a risk of competition from established MIDI controllers, the unique customization aspect could differentiate this product.",True
CASE_KS_016,models/Meta-Llama-3-8B-Instruct,models/Meta-Llama-3-8B-Instruct,vllm,http://localhost:8000/v1,C1,7,3bb65d16,0.0,2026-08-28T17:30:31.343996,1,"{
  ""score"": 8,
  ""verdict"": ""invest"",
  ""confidence"": 80,
  ""rubric_scores"": {
    ""market_potential"": 4,
    ""technical_feasibility"": 5,
    ""business_viability"": 3
  },
  ""reasoning"": ""The idea has strong potential in the music industry, leveraging the iPad's platform for innovative musical expression. While there are some technical and business viability concerns, the potential for disruption and growth outweighs these risks.""
}",8,invest,80,4,5,3,"The idea has strong potential in the music industry, leveraging the iPad's platform for innovative musical expression. While there are some technical and business viability concerns, the potential for disruption and growth outweighs these risks.",True
CASE_KS_016,models/Meta-Llama-3-8B-Instruct,models/Meta-Llama-3-8B-Instruct,vllm,http://localhost:8000/v1,C1,8,3bb65d16,0.0,2026-08-28T17:30:35.827709,1,"{
  ""score"": 8,
  ""verdict"": ""invest"",
  ""confidence"": 80,
  ""rubric_scores"": {
    ""market_potential"": 4,
    ""technical_feasibility"": 5,
    ""business_viability"": 3
  },
  ""reasoning"": ""The idea has strong potential in the music industry, leveraging the iPad's platform for innovative musical expression. While there's a risk of competition from established MIDI controllers, the unique customization aspect could differentiate this product.""
}",8,invest,80,4,5,3,"The idea has strong potential in the music industry, leveraging the iPad's platform for innovative musical expression. While there's a risk of competition from established MIDI controllers, the unique customization aspect could differentiate this product.",True
CASE_KS_016,models/Meta-Llama-3-8B-Instruct,models/Meta-Llama-3-8B-Instruct,vllm,http://localhost:8000/v1,C1,9,3bb65d16,0.0,2026-08-28T17:30:39.885979,1,"{
  ""score"": 8,
  ""verdict"": ""invest"",
  ""confidence"": 80,
  ""rubric_scores"": {
    ""market_potential"": 4,
    ""technical_feasibility"": 5,
    ""business_viability"": 3
  },
  ""reasoning"": ""The idea has strong potential in the music industry, leveraging the iPad's platform for innovative musical expression. While there's a risk of competition from established MIDI controllers, the unique customization aspect could differentiate this product.""
}",8,invest,80,4,5,3,"The idea has strong potential in the music industry, leveraging the iPad's platform for innovative musical expression. While there's a risk of competition from established MIDI controllers, the unique customization aspect could differentiate this product.",True
CASE_KS_016,models/Meta-Llama-3-8B-Instruct,models/Meta-Llama-3-8B-Instruct,vllm,http://localhost:8000/v1,C1,10,3bb65d16,0.0,2026-08-28T17:30:42.212027,1,"{
  ""score"": 8,
  ""verdict"": ""invest"",
  ""confidence"": 80,
  ""rubric_scores"": {
    ""market_potential"": 4,
    ""technical_feasibility"": 5,
    ""business_viability"": 3
  },
  ""reasoning"": ""The idea has strong potential in the music industry, leveraging the iPad's platform for innovative musical expression. While there's a risk of competition from established MIDI controllers, the unique customization aspect could differentiate this product.""
}",8,invest,80,4,5,3,"The idea has strong potential in the music industry, leveraging the iPad's platform for innovative musical expression. While there's a risk of competition from established MIDI controllers, the unique customization aspect could differentiate this product.",True
CASE_KS_017,models/Meta-Llama-3-8B-Instruct,models/Meta-Llama-3-8B-Instruct,vllm,http://localhost:8000/v1,C1,1,3bb65d16,0.0,2026-08-28T17:31:01.378643,1,"{
  ""score"": 7,
  ""verdict"": ""invest"",
  ""confidence"": 80,
  ""rubric_scores"": {
    ""market_potential"": 4,
    ""technical_feasibility"": 3,
    ""business_viability"": 4
  },
  ""reasoning"": ""While the idea is innovative and addresses a specific healthcare need, it requires further development to ensure technical feasibility and scalability. With a clear market need and potential for impact, I'm willing to take a calculated risk and invest.""
}",7,invest,80,4,3,4,"While the idea is innovative and addresses a specific healthcare need, it requires further development to ensure technical feasibility and scalability. With a clear market need and potential for impact, I'm willing to take a calculated risk and invest.",True
CASE_KS_017,models/Meta-Llama-3-8B-Instruct,models/Meta-Llama-3-8B-Instruct,vllm,http://localhost:8000/v1,C1,2,3bb65d16,0.0,2026-08-28T17:31:05.470903,1,"{
  ""score"": 7,
  ""verdict"": ""invest"",
  ""confidence"": 80,
  ""rubric_scores"": {
    ""market_potential"": 4,
    ""technical_feasibility"": 3,
    ""business_viability"": 4
  },
  ""reasoning"": ""While the idea is innovative and addresses a specific healthcare need, it requires further development to ensure technical feasibility and scalability. With a clear market need and potential for impact, I'm willing to take a calculated risk and invest.""
}",7,invest,80,4,3,4,"While the idea is innovative and addresses a specific healthcare need, it requires further development to ensure technical feasibility and scalability. With a clear market need and potential for impact, I'm willing to take a calculated risk and invest.",True
CASE_KS_017,models/Meta-Llama-3-8B-Instruct,models/Meta-Llama-3-8B-Instruct,vllm,http://localhost:8000/v1,C1,3,3bb65d16,0.0,2026-08-28T17:31:13.809186,1,"{
  ""score"": 7,
  ""verdict"": ""invest"",
  ""confidence"": 80,
  ""rubric_scores"": {
    ""market_potential"": 4,
    ""technical_feasibility"": 3,
    ""business_viability"": 4
  },
  ""reasoning"": ""While the idea is innovative and addresses a specific healthcare need, it requires further development to ensure technical feasibility and scalability. With a clear market need and potential for impact, I'm willing to take a calculated risk and invest.""
}",7,invest,80,4,3,4,"While the idea is innovative and addresses a specific healthcare need, it requires further development to ensure technical feasibility and scalability. With a clear market need and potential for impact, I'm willing to take a calculated risk and invest.",True
CASE_KS_017,models/Meta-Llama-3-8B-Instruct,models/Meta-Llama-3-8B-Instruct,vllm,http://localhost:8000/v1,C1,4,3bb65d16,0.0,2026-08-28T17:31:14.011004,1,"{
  ""score"": 7,
  ""verdict"": ""invest"",
  ""confidence"": 80,
  ""rubric_scores"": {
    ""market_potential"": 4,
    ""technical_feasibility"": 3,
    ""business_viability"": 4
  },
  ""reasoning"": ""While the idea is innovative and addresses a specific healthcare need, it requires further development to ensure technical feasibility and scalability. With a clear market need and potential for impact, I'm willing to take a calculated risk and invest.""
}",7,invest,80,4,3,4,"While the idea is innovative and addresses a specific healthcare need, it requires further development to ensure technical feasibility and scalability. With a clear market need and potential for impact, I'm willing to take a calculated risk and invest.",True
CASE_KS_017,models/Meta-Llama-3-8B-Instruct,models/Meta-Llama-3-8B-Instruct,vllm,http://localhost:8000/v1,C1,5,3bb65d16,0.0,2026-08-28T17:31:15.906945,1,"{
  ""score"": 7,
  ""verdict"": ""invest"",
  ""confidence"": 80,
  ""rubric_scores"": {
    ""market_potential"": 4,
    ""technical_feasibility"": 3,
    ""business_viability"": 4
  },
  ""reasoning"": ""While the idea is innovative and addresses a specific healthcare need, it requires further development to ensure technical feasibility and scalability. With a clear market need and potential for impact, I'm willing to take a calculated risk and invest.""
}",7,invest,80,4,3,4,"While the idea is innovative and addresses a specific healthcare need, it requires further development to ensure technical feasibility and scalability. With a clear market need and potential for impact, I'm willing to take a calculated risk and invest.",True
CASE_KS_017,models/Meta-Llama-3-8B-Instruct,models/Meta-Llama-3-8B-Instruct,vllm,http://localhost:8000/v1,C1,6,3bb65d16,0.0,2026-08-28T17:31:16.534620,1,"{
  ""score"": 7,
  ""verdict"": ""invest"",
  ""confidence"": 80,
  ""rubric_scores"": {
    ""market_potential"": 4,
    ""technical_feasibility"": 3,
    ""business_viability"": 4
  },
  ""reasoning"": ""While the idea is innovative and addresses a specific healthcare need, it requires further development to ensure technical feasibility and scalability. With a clear market need and potential for impact, I'm willing to take a calculated risk and invest.""
}",7,invest,80,4,3,4,"While the idea is innovative and addresses a specific healthcare need, it requires further development to ensure technical feasibility and scalability. With a clear market need and potential for impact, I'm willing to take a calculated risk and invest.",True
CASE_KS_017,models/Meta-Llama-3-8B-Instruct,models/Meta-Llama-3-8B-Instruct,vllm,http://localhost:8000/v1,C1,7,3bb65d16,0.0,2026-08-28T17:31:20.135996,1,"{
  ""score"": 7,
  ""verdict"": ""invest"",
  ""confidence"": 80,
  ""rubric_scores"": {
    ""market_potential"": 4,
    ""technical_feasibility"": 3,
    ""business_viability"": 4
  },
  ""reasoning"": ""While the idea is innovative and addresses a specific healthcare need, it requires further development to ensure technical feasibility and scalability. With a clear market need and potential for impact, I'm willing to take a calculated risk and invest.""
}",7,invest,80,4,3,4,"While the idea is innovative and addresses a specific healthcare need, it requires further development to ensure technical feasibility and scalability. With a clear market need and potential for impact, I'm willing to take a calculated risk and invest.",True
CASE_KS_017,models/Meta-Llama-3-8B-Instruct,models/Meta-Llama-3-8B-Instruct,vllm,http://localhost:8000/v1,C1,8,3bb65d16,0.0,2026-08-28T17:31:24.602010,1,"{
  ""score"": 7,
  ""verdict"": ""invest"",
  ""confidence"": 80,
  ""rubric_scores"": {
    ""market_potential"": 4,
    ""technical_feasibility"": 3,
    ""business_viability"": 4
  },
  ""reasoning"": ""While the idea is innovative and addresses a specific healthcare need, it requires further development to ensure technical feasibility and scalability. With a clear market need and potential for impact, I'm willing to take a calculated risk and invest.""
}",7,invest,80,4,3,4,"While the idea is innovative and addresses a specific healthcare need, it requires further development to ensure technical feasibility and scalability. With a clear market need and potential for impact, I'm willing to take a calculated risk and invest.",True
CASE_KS_017,models/Meta-Llama-3-8B-Instruct,models/Meta-Llama-3-8B-Instruct,vllm,http://localhost:8000/v1,C1,9,3bb65d16,0.0,2026-08-28T17:31:29.071025,1,"{
  ""score"": 7,
  ""verdict"": ""invest"",
  ""confidence"": 80,
  ""rubric_scores"": {
    ""market_potential"": 4,
    ""technical_feasibility"": 3,
    ""business_viability"": 4
  },
  ""reasoning"": ""While the idea is innovative and addresses a specific healthcare need, it requires further development to ensure technical feasibility and scalability. With a clear market need and potential for impact, I'm willing to take a calculated risk and invest.""
}",7,invest,80,4,3,4,"While the idea is innovative and addresses a specific healthcare need, it requires further development to ensure technical feasibility and scalability. With a clear market need and potential for impact, I'm willing to take a calculated risk and invest.",True
CASE_KS_017,models/Meta-Llama-3-8B-Instruct,models/Meta-Llama-3-8B-Instruct,vllm,http://localhost:8000/v1,C1,10,3bb65d16,0.0,2026-08-28T17:31:31.396520,1,"{
  ""score"": 7,
  ""verdict"": ""invest"",
  ""confidence"": 80,
  ""rubric_scores"": {
    ""market_potential"": 4,
    ""technical_feasibility"": 3,
    ""business_viability"": 4
  },
  ""reasoning"": ""While the idea is innovative and addresses a specific healthcare need, it requires further development to ensure technical feasibility and scalability. With a clear market need and potential for impact, I'm willing to take a calculated risk and invest.""
}",7,invest,80,4,3,4,"While the idea is innovative and addresses a specific healthcare need, it requires further development to ensure technical feasibility and scalability. With a clear market need and potential for impact, I'm willing to take a calculated risk and invest.",True
CASE_KS_018,models/Meta-Llama-3-8B-Instruct,models/Meta-Llama-3-8B-Instruct,vllm,http://localhost:8000/v1,C1,1,3bb65d16,0.0,2026-08-28T17:31:50.113020,1,"{
  ""score"": 7,
  ""verdict"": ""invest"",
  ""confidence"": 80,
  ""rubric_scores"": {
    ""market_potential"": 4,
    ""technical_feasibility"": 3,
    ""business_viability"": 4
  },
  ""reasoning"": ""While the idea is not revolutionary, it has the potential to create a unique and engaging social space for the school community. With proper execution, it could also generate revenue through sponsorships and events.""
}",7,invest,80,4,3,4,"While the idea is not revolutionary, it has the potential to create a unique and engaging social space for the school community. With proper execution, it could also generate revenue through sponsorships and events.",True
CASE_KS_018,models/Meta-Llama-3-8B-Instruct,models/Meta-Llama-3-8B-Instruct,vllm,http://localhost:8000/v1,C1,2,3bb65d16,0.0,2026-08-28T17:31:54.205749,1,"{
  ""score"": 7,
  ""verdict"": ""invest"",
  ""confidence"": 80,
  ""rubric_scores"": {
    ""market_potential"": 4,
    ""technical_feasibility"": 3,
    ""business_viability"": 4
  },
  ""reasoning"": ""While the idea is not revolutionary, it has the potential to create a unique and engaging social space for the school community. With proper execution, it could also generate revenue through sponsorships and events.""
}",7,invest,80,4,3,4,"While the idea is not revolutionary, it has the potential to create a unique and engaging social space for the school community. With proper execution, it could also generate revenue through sponsorships and events.",True
CASE_KS_018,models/Meta-Llama-3-8B-Instruct,models/Meta-Llama-3-8B-Instruct,vllm,http://localhost:8000/v1,C1,3,3bb65d16,0.0,2026-08-28T17:32:02.980029,1,"{
  ""score"": 7,
  ""verdict"": ""invest"",
  ""confidence"": 80,
  ""rubric_scores"": {
    ""market_potential"": 4,
    ""technical_feasibility"": 3,
    ""business_viability"": 4
  },
  ""reasoning"": ""While the idea is not revolutionary, it has the potential to create a unique and engaging social space for the school community. With proper execution, it could also generate revenue through sponsorships and events.""
}",7,invest,80,4,3,4,"While the idea is not revolutionary, it has the potential to create a unique and engaging social space for the school community. With proper execution, it could also generate revenue through sponsorships and events.",True
CASE_KS_018,models/Meta-Llama-3-8B-Instruct,models/Meta-Llama-3-8B-Instruct,vllm,http://localhost:8000/v1,C1,4,3bb65d16,0.0,2026-08-28T17:32:03.181425,1,"{
  ""score"": 7,
  ""verdict"": ""invest"",
  ""confidence"": 80,
  ""rubric_scores"": {
    ""market_potential"": 4,
    ""technical_feasibility"": 3,
    ""business_viability"": 4
  },
  ""reasoning"": ""While the idea is not revolutionary, it has the potential to create a unique and engaging social space for the school community. With proper execution, it could also generate revenue through sponsorships and events.""
}",7,invest,80,4,3,4,"While the idea is not revolutionary, it has the potential to create a unique and engaging social space for the school community. With proper execution, it could also generate revenue through sponsorships and events.",True
CASE_KS_018,models/Meta-Llama-3-8B-Instruct,models/Meta-Llama-3-8B-Instruct,vllm,http://localhost:8000/v1,C1,5,3bb65d16,0.0,2026-08-28T17:32:05.535099,1,"{
  ""score"": 7,
  ""verdict"": ""invest"",
  ""confidence"": 80,
  ""rubric_scores"": {
    ""market_potential"": 4,
    ""technical_feasibility"": 3,
    ""business_viability"": 4
  },
  ""reasoning"": ""While the idea is not revolutionary, it has the potential to create a unique and engaging social space for the school community. With proper execution, it could also generate revenue through sponsorships and events.""
}",7,invest,80,4,3,4,"While the idea is not revolutionary, it has the potential to create a unique and engaging social space for the school community. With proper execution, it could also generate revenue through sponsorships and events.",True
CASE_KS_018,models/Meta-Llama-3-8B-Instruct,models/Meta-Llama-3-8B-Instruct,vllm,http://localhost:8000/v1,C1,6,3bb65d16,0.0,2026-08-28T17:32:06.175172,1,"{
  ""score"": 7,
  ""verdict"": ""invest"",
  ""confidence"": 80,
  ""rubric_scores"": {
    ""market_potential"": 4,
    ""technical_feasibility"": 3,
    ""business_viability"": 4
  },
  ""reasoning"": ""While the idea is not revolutionary, it has the potential to create a unique and engaging social space for the school community. With proper execution, it could also generate revenue through sponsorships and events.""
}",7,invest,80,4,3,4,"While the idea is not revolutionary, it has the potential to create a unique and engaging social space for the school community. With proper execution, it could also generate revenue through sponsorships and events.",True
CASE_KS_018,models/Meta-Llama-3-8B-Instruct,models/Meta-Llama-3-8B-Instruct,vllm,http://localhost:8000/v1,C1,7,3bb65d16,0.0,2026-08-28T17:32:10.228200,1,"{
  ""score"": 7,
  ""verdict"": ""invest"",
  ""confidence"": 80,
  ""rubric_scores"": {
    ""market_potential"": 4,
    ""technical_feasibility"": 3,
    ""business_viability"": 4
  },
  ""reasoning"": ""While the idea is not revolutionary, it has the potential to create a unique and engaging social space for the school community. With proper execution, it could also generate revenue through sponsorships and events.""
}",7,invest,80,4,3,4,"While the idea is not revolutionary, it has the potential to create a unique and engaging social space for the school community. With proper execution, it could also generate revenue through sponsorships and events.",True
CASE_KS_018,models/Meta-Llama-3-8B-Instruct,models/Meta-Llama-3-8B-Instruct,vllm,http://localhost:8000/v1,C1,8,3bb65d16,0.0,2026-08-28T17:32:14.721037,1,"{
  ""score"": 7,
  ""verdict"": ""invest"",
  ""confidence"": 80,
  ""rubric_scores"": {
    ""market_potential"": 4,
    ""technical_feasibility"": 3,
    ""business_viability"": 4
  },
  ""reasoning"": ""While the idea is not revolutionary, it has the potential to create a unique and engaging social space for the school community. With proper execution, it could also generate revenue through sponsorships and events.""
}",7,invest,80,4,3,4,"While the idea is not revolutionary, it has the potential to create a unique and engaging social space for the school community. With proper execution, it could also generate revenue through sponsorships and events.",True
CASE_KS_018,models/Meta-Llama-3-8B-Instruct,models/Meta-Llama-3-8B-Instruct,vllm,http://localhost:8000/v1,C1,9,3bb65d16,0.0,2026-08-28T17:32:19.625195,1,"{
  ""score"": 7,
  ""verdict"": ""invest"",
  ""confidence"": 80,
  ""rubric_scores"": {
    ""market_potential"": 4,
    ""technical_feasibility"": 3,
    ""business_viability"": 4
  },
  ""reasoning"": ""While the idea is not revolutionary, it has the potential to create a unique and engaging social space for the school community. With proper execution, it could also generate revenue through sponsorships and events.""
}",7,invest,80,4,3,4,"While the idea is not revolutionary, it has the potential to create a unique and engaging social space for the school community. With proper execution, it could also generate revenue through sponsorships and events.",True
CASE_KS_018,models/Meta-Llama-3-8B-Instruct,models/Meta-Llama-3-8B-Instruct,vllm,http://localhost:8000/v1,C1,10,3bb65d16,0.0,2026-08-28T17:32:21.966741,1,"{
  ""score"": 7,
  ""verdict"": ""invest"",
  ""confidence"": 80,
  ""rubric_scores"": {
    ""market_potential"": 4,
    ""technical_feasibility"": 3,
    ""business_viability"": 4
  },
  ""reasoning"": ""While the idea is not revolutionary, it has the potential to create a unique and engaging social space for the school community. With proper execution, it could also generate revenue through sponsorships and events.""
}",7,invest,80,4,3,4,"While the idea is not revolutionary, it has the potential to create a unique and engaging social space for the school community. With proper execution, it could also generate revenue through sponsorships and events.",True
CASE_KS_019,models/Meta-Llama-3-8B-Instruct,models/Meta-Llama-3-8B-Instruct,vllm,http://localhost:8000/v1,C1,1,3bb65d16,0.0,2026-08-28T17:32:36.851766,1,"{
  ""score"": 8,
  ""verdict"": ""invest"",
  ""confidence"": 80,
  ""rubric_scores"": {
    ""market_potential"": 4,
    ""technical_feasibility"": 4,
    ""business_viability"": 3
  },
  ""reasoning"": ""I'm investing because Pinz has the potential to disrupt traditional social media and messaging apps by providing a unique, location-based communication platform. With a clear value proposition and a relatively simple technical implementation, I believe Pinz can gain traction and scale.""
}",8,invest,80,4,4,3,"I'm investing because Pinz has the potential to disrupt traditional social media and messaging apps by providing a unique, location-based communication platform. With a clear value proposition and a relatively simple technical implementation, I believe Pinz can gain traction and scale.",True
CASE_KS_019,models/Meta-Llama-3-8B-Instruct,models/Meta-Llama-3-8B-Instruct,vllm,http://localhost:8000/v1,C1,2,3bb65d16,0.0,2026-08-28T17:32:41.223706,1,"{
  ""score"": 8,
  ""verdict"": ""invest"",
  ""confidence"": 80,
  ""rubric_scores"": {
    ""market_potential"": 4,
    ""technical_feasibility"": 4,
    ""business_viability"": 3
  },
  ""reasoning"": ""I'm investing because Pinz has the potential to disrupt traditional social media and messaging apps by providing a unique, location-based communication platform. With a clear value proposition and a relatively simple technical implementation, I believe Pinz can gain traction and scale.""
}",8,invest,80,4,4,3,"I'm investing because Pinz has the potential to disrupt traditional social media and messaging apps by providing a unique, location-based communication platform. With a clear value proposition and a relatively simple technical implementation, I believe Pinz can gain traction and scale.",True
CASE_KS_019,models/Meta-Llama-3-8B-Instruct,models/Meta-Llama-3-8B-Instruct,vllm,http://localhost:8000/v1,C1,3,3bb65d16,0.0,2026-08-28T17:32:50.423683,1,"{
  ""score"": 8,
  ""verdict"": ""invest"",
  ""confidence"": 80,
  ""rubric_scores"": {
    ""market_potential"": 4,
    ""technical_feasibility"": 4,
    ""business_viability"": 3
  },
  ""reasoning"": ""The idea has strong potential for spontaneous local interactions, leveraging the power of proximity. While there are some technical and business viability concerns, the potential for user engagement and revenue streams is promising.""
}",8,invest,80,4,4,3,"The idea has strong potential for spontaneous local interactions, leveraging the power of proximity. While there are some technical and business viability concerns, the potential for user engagement and revenue streams is promising.",True
CASE_KS_019,models/Meta-Llama-3-8B-Instruct,models/Meta-Llama-3-8B-Instruct,vllm,http://localhost:8000/v1,C1,4,3bb65d16,0.0,2026-08-28T17:32:50.624824,1,"{
  ""score"": 8,
  ""verdict"": ""invest"",
  ""confidence"": 80,
  ""rubric_scores"": {
    ""market_potential"": 4,
    ""technical_feasibility"": 4,
    ""business_viability"": 3
  },
  ""reasoning"": ""The idea has strong potential for spontaneous local interactions, leveraging the power of proximity. While there are some technical and business viability concerns, the potential for user engagement and revenue streams is promising.""
}",8,invest,80,4,4,3,"The idea has strong potential for spontaneous local interactions, leveraging the power of proximity. While there are some technical and business viability concerns, the potential for user engagement and revenue streams is promising.",True
CASE_KS_019,models/Meta-Llama-3-8B-Instruct,models/Meta-Llama-3-8B-Instruct,vllm,http://localhost:8000/v1,C1,5,3bb65d16,0.0,2026-08-28T17:32:53.389296,1,"{
  ""score"": 8,
  ""verdict"": ""invest"",
  ""confidence"": 80,
  ""rubric_scores"": {
    ""market_potential"": 4,
    ""technical_feasibility"": 4,
    ""business_viability"": 3
  },
  ""reasoning"": ""I'm investing because Pinz has the potential to disrupt traditional social media and messaging apps by providing a unique, location-based communication platform. With a clear value proposition and a relatively simple technical implementation, I believe Pinz can gain traction and scale.""
}",8,invest,80,4,4,3,"I'm investing because Pinz has the potential to disrupt traditional social media and messaging apps by providing a unique, location-based communication platform. With a clear value proposition and a relatively simple technical implementation, I believe Pinz can gain traction and scale.",True
CASE_KS_019,models/Meta-Llama-3-8B-Instruct,models/Meta-Llama-3-8B-Instruct,vllm,http://localhost:8000/v1,C1,6,3bb65d16,0.0,2026-08-28T17:32:54.015011,1,"{
  ""score"": 8,
  ""verdict"": ""invest"",
  ""confidence"": 80,
  ""rubric_scores"": {
    ""market_potential"": 4,
    ""technical_feasibility"": 4,
    ""business_viability"": 3
  },
  ""reasoning"": ""I'm investing because Pinz has the potential to disrupt traditional social media and messaging apps by providing a unique, location-based communication platform. With a clear value proposition and a relatively simple technical implementation, I believe Pinz can gain traction and scale.""
}",8,invest,80,4,4,3,"I'm investing because Pinz has the potential to disrupt traditional social media and messaging apps by providing a unique, location-based communication platform. With a clear value proposition and a relatively simple technical implementation, I believe Pinz can gain traction and scale.",True
CASE_KS_019,models/Meta-Llama-3-8B-Instruct,models/Meta-Llama-3-8B-Instruct,vllm,http://localhost:8000/v1,C1,7,3bb65d16,0.0,2026-08-28T17:32:58.501988,1,"{
  ""score"": 8,
  ""verdict"": ""invest"",
  ""confidence"": 80,
  ""rubric_scores"": {
    ""market_potential"": 4,
    ""technical_feasibility"": 4,
    ""business_viability"": 3
  },
  ""reasoning"": ""I'm excited about the potential for spontaneous local interactions and the app's unique value proposition. While there are some technical and business viability concerns, I believe the team can overcome them with the right execution.""
}",8,invest,80,4,4,3,"I'm excited about the potential for spontaneous local interactions and the app's unique value proposition. While there are some technical and business viability concerns, I believe the team can overcome them with the right execution.",True
CASE_KS_019,models/Meta-Llama-3-8B-Instruct,models/Meta-Llama-3-8B-Instruct,vllm,http://localhost:8000/v1,C1,8,3bb65d16,0.0,2026-08-28T17:33:02.976026,1,"{
  ""score"": 8,
  ""verdict"": ""invest"",
  ""confidence"": 80,
  ""rubric_scores"": {
    ""market_potential"": 4,
    ""technical_feasibility"": 4,
    ""business_viability"": 3
  },
  ""reasoning"": ""I'm investing because Pinz has the potential to disrupt traditional social media and messaging apps by providing a unique, location-based communication platform. With a clear value proposition and a relatively simple technical implementation, I believe Pinz can gain traction and scale.""
}",8,invest,80,4,4,3,"I'm investing because Pinz has the potential to disrupt traditional social media and messaging apps by providing a unique, location-based communication platform. With a clear value proposition and a relatively simple technical implementation, I believe Pinz can gain traction and scale.",True
CASE_KS_019,models/Meta-Llama-3-8B-Instruct,models/Meta-Llama-3-8B-Instruct,vllm,http://localhost:8000/v1,C1,10,3bb65d16,0.0,2026-08-28T17:33:10.647105,1,"{
  ""score"": 8,
  ""verdict"": ""invest"",
  ""confidence"": 80,
  ""rubric_scores"": {
    ""market_potential"": 4,
    ""technical_feasibility"": 4,
    ""business_viability"": 3
  },
  ""reasoning"": ""I'm excited about the potential for spontaneous local interactions and the app's unique value proposition. While there are some technical and business viability concerns, I believe the team can overcome them with the right execution.""
}",8,invest,80,4,4,3,"I'm excited about the potential for spontaneous local interactions and the app's unique value proposition. While there are some technical and business viability concerns, I believe the team can overcome them with the right execution.",True
CASE_KS_019,models/Meta-Llama-3-8B-Instruct,models/Meta-Llama-3-8B-Instruct,vllm,http://localhost:8000/v1,C1,9,3bb65d16,0.0,2026-08-28T17:33:08.317010,1,"{
  ""score"": 8,
  ""verdict"": ""invest"",
  ""confidence"": 80,
  ""rubric_scores"": {
    ""market_potential"": 4,
    ""technical_feasibility"": 4,
    ""business_viability"": 3
  },
  ""reasoning"": ""I'm investing because Pinz has the potential to disrupt traditional social media and messaging apps by providing a unique, location-based communication platform. With a clear value proposition and a relatively simple technical implementation, I believe Pinz can gain traction and scale.""
}",8,invest,80,4,4,3,"I'm investing because Pinz has the potential to disrupt traditional social media and messaging apps by providing a unique, location-based communication platform. With a clear value proposition and a relatively simple technical implementation, I believe Pinz can gain traction and scale.",True
CASE_KS_020,models/Meta-Llama-3-8B-Instruct,models/Meta-Llama-3-8B-Instruct,vllm,http://localhost:8000/v1,C1,1,3bb65d16,0.0,2026-08-28T17:33:28.102783,1,"{
  ""score"": 8,
  ""verdict"": ""invest"",
  ""confidence"": 80,
  ""rubric_scores"": {
    ""market_potential"": 4,
    ""technical_feasibility"": 5,
    ""business_viability"": 3
  },
  ""reasoning"": ""I'm excited about the unique value proposition of velosynth, which has the potential to disrupt the cycling and music industries. While the market potential is uncertain, the technical feasibility is high, and the business viability is moderate, with opportunities for revenue through licensing and community engagement.""
}",8,invest,80,4,5,3,"I'm excited about the unique value proposition of velosynth, which has the potential to disrupt the cycling and music industries. While the market potential is uncertain, the technical feasibility is high, and the business viability is moderate, with opportunities for revenue through licensing and community engagement.",True
CASE_KS_020,models/Meta-Llama-3-8B-Instruct,models/Meta-Llama-3-8B-Instruct,vllm,http://localhost:8000/v1,C1,2,3bb65d16,0.0,2026-08-28T17:33:32.187247,1,"{
  ""score"": 8,
  ""verdict"": ""invest"",
  ""confidence"": 80,
  ""rubric_scores"": {
    ""market_potential"": 4,
    ""technical_feasibility"": 5,
    ""business_viability"": 3
  },
  ""reasoning"": ""I'm excited about the unique value proposition of velosynth, which has the potential to disrupt the music-making and cycling industries. With a strong focus on open-source and hackability, I believe there's a viable path to monetization through community engagement and partnerships.""
}",8,invest,80,4,5,3,"I'm excited about the unique value proposition of velosynth, which has the potential to disrupt the music-making and cycling industries. With a strong focus on open-source and hackability, I believe there's a viable path to monetization through community engagement and partnerships.",True
CASE_KS_020,models/Meta-Llama-3-8B-Instruct,models/Meta-Llama-3-8B-Instruct,vllm,http://localhost:8000/v1,C1,3,3bb65d16,0.0,2026-08-28T17:33:36.698101,1,"{
  ""score"": 8,
  ""verdict"": ""invest"",
  ""confidence"": 80,
  ""rubric_scores"": {
    ""market_potential"": 4,
    ""technical_feasibility"": 5,
    ""business_viability"": 3
  },
  ""reasoning"": ""I'm excited about the unique value proposition of velosynth, which has the potential to disrupt the cycling and music industries. While the market potential is uncertain, the technical feasibility is high, and the business viability is moderate, with opportunities for revenue through licensing and community engagement.""
}",8,invest,80,4,5,3,"I'm excited about the unique value proposition of velosynth, which has the potential to disrupt the cycling and music industries. While the market potential is uncertain, the technical feasibility is high, and the business viability is moderate, with opportunities for revenue through licensing and community engagement.",True
CASE_KS_020,models/Meta-Llama-3-8B-Instruct,models/Meta-Llama-3-8B-Instruct,vllm,http://localhost:8000/v1,C1,4,3bb65d16,0.0,2026-08-28T17:33:36.898072,1,"{
  ""score"": 8,
  ""verdict"": ""invest"",
  ""confidence"": 80,
  ""rubric_scores"": {
    ""market_potential"": 4,
    ""technical_feasibility"": 5,
    ""business_viability"": 3
  },
  ""reasoning"": ""I'm excited about the unique value proposition of velosynth, which has the potential to disrupt the cycling and music industries. While the market potential is uncertain, the technical feasibility is high, and the business viability is moderate, with opportunities for revenue through licensing and community engagement.""
}",8,invest,80,4,5,3,"I'm excited about the unique value proposition of velosynth, which has the potential to disrupt the cycling and music industries. While the market potential is uncertain, the technical feasibility is high, and the business viability is moderate, with opportunities for revenue through licensing and community engagement.",True
CASE_KS_020,models/Meta-Llama-3-8B-Instruct,models/Meta-Llama-3-8B-Instruct,vllm,http://localhost:8000/v1,C1,5,3bb65d16,0.0,2026-08-28T17:33:45.226020,1,"{
  ""score"": 8,
  ""verdict"": ""invest"",
  ""confidence"": 80,
  ""rubric_scores"": {
    ""market_potential"": 4,
    ""technical_feasibility"": 5,
    ""business_viability"": 3
  },
  ""reasoning"": ""I'm excited about the unique value proposition of velosynth, which has the potential to disrupt the music-making and cycling industries. With a strong focus on open-source and hackability, I believe there's a viable path to monetization through community engagement and partnerships.""
}",8,invest,80,4,5,3,"I'm excited about the unique value proposition of velosynth, which has the potential to disrupt the music-making and cycling industries. With a strong focus on open-source and hackability, I believe there's a viable path to monetization through community engagement and partnerships.",True
CASE_KS_020,models/Meta-Llama-3-8B-Instruct,models/Meta-Llama-3-8B-Instruct,vllm,http://localhost:8000/v1,C1,6,3bb65d16,0.0,2026-08-28T17:33:45.849942,1,"{
  ""score"": 8,
  ""verdict"": ""invest"",
  ""confidence"": 80,
  ""rubric_scores"": {
    ""market_potential"": 4,
    ""technical_feasibility"": 5,
    ""business_viability"": 3
  },
  ""reasoning"": ""I'm excited about the unique value proposition of velosynth, which has the potential to disrupt the music-making and cycling industries. With a strong focus on open-source and hackability, I believe there's a viable path to monetization through community engagement and partnerships.""
}",8,invest,80,4,5,3,"I'm excited about the unique value proposition of velosynth, which has the potential to disrupt the music-making and cycling industries. With a strong focus on open-source and hackability, I believe there's a viable path to monetization through community engagement and partnerships.",True
CASE_KS_020,models/Meta-Llama-3-8B-Instruct,models/Meta-Llama-3-8B-Instruct,vllm,http://localhost:8000/v1,C1,7,3bb65d16,0.0,2026-08-28T17:33:46.900025,1,"{
  ""score"": 8,
  ""verdict"": ""invest"",
  ""confidence"": 80,
  ""rubric_scores"": {
    ""market_potential"": 4,
    ""technical_feasibility"": 5,
    ""business_viability"": 3
  },
  ""reasoning"": ""I'm excited about the unique value proposition of velosynth, which has the potential to disrupt the music-making and cycling industries. With a strong focus on open-source and hackability, I believe there's a viable path to monetization through community engagement and partnerships.""
}",8,invest,80,4,5,3,"I'm excited about the unique value proposition of velosynth, which has the potential to disrupt the music-making and cycling industries. With a strong focus on open-source and hackability, I believe there's a viable path to monetization through community engagement and partnerships.",True
CASE_KS_020,models/Meta-Llama-3-8B-Instruct,models/Meta-Llama-3-8B-Instruct,vllm,http://localhost:8000/v1,C1,8,3bb65d16,0.0,2026-08-28T17:33:55.244551,1,"{
  ""score"": 8,
  ""verdict"": ""invest"",
  ""confidence"": 80,
  ""rubric_scores"": {
    ""market_potential"": 4,
    ""technical_feasibility"": 5,
    ""business_viability"": 3
  },
  ""reasoning"": ""I'm excited about the unique value proposition of velosynth, which has the potential to disrupt the music-making and cycling industries. With a strong focus on open-source and hackability, I believe there's a viable path to monetization through community engagement and partnerships.""
}",8,invest,80,4,5,3,"I'm excited about the unique value proposition of velosynth, which has the potential to disrupt the music-making and cycling industries. With a strong focus on open-source and hackability, I believe there's a viable path to monetization through community engagement and partnerships.",True
CASE_KS_020,models/Meta-Llama-3-8B-Instruct,models/Meta-Llama-3-8B-Instruct,vllm,http://localhost:8000/v1,C1,9,3bb65d16,0.0,2026-08-28T17:33:59.294629,1,"{
  ""score"": 8,
  ""verdict"": ""invest"",
  ""confidence"": 80,
  ""rubric_scores"": {
    ""market_potential"": 4,
    ""technical_feasibility"": 5,
    ""business_viability"": 3
  },
  ""reasoning"": ""I'm excited about the unique value proposition of velosynth, which has the potential to disrupt the music-making and cycling industries. With a strong focus on open-source and hackability, I believe there's a viable path to monetization through community engagement and partnerships.""
}",8,invest,80,4,5,3,"I'm excited about the unique value proposition of velosynth, which has the potential to disrupt the music-making and cycling industries. With a strong focus on open-source and hackability, I believe there's a viable path to monetization through community engagement and partnerships.",True
CASE_KS_020,models/Meta-Llama-3-8B-Instruct,models/Meta-Llama-3-8B-Instruct,vllm,http://localhost:8000/v1,C1,10,3bb65d16,0.0,2026-08-28T17:34:01.205006,1,"{
  ""score"": 8,
  ""verdict"": ""invest"",
  ""confidence"": 80,
  ""rubric_scores"": {
    ""market_potential"": 4,
    ""technical_feasibility"": 5,
    ""business_viability"": 3
  },
  ""reasoning"": ""I'm excited about the unique value proposition of velosynth, which has the potential to disrupt the music-making and cycling industries. With a strong focus on open-source and hackability, I believe there's a viable path to monetization through community engagement and partnerships.""
}",8,invest,80,4,5,3,"I'm excited about the unique value proposition of velosynth, which has the potential to disrupt the music-making and cycling industries. With a strong focus on open-source and hackability, I believe there's a viable path to monetization through community engagement and partnerships.",True
CASE_KS_021,models/Meta-Llama-3-8B-Instruct,models/Meta-Llama-3-8B-Instruct,vllm,http://localhost:8000/v1,C1,1,3bb65d16,0.0,2026-08-28T17:34:21.640578,1,"{
  ""score"": 6,
  ""verdict"": ""pass"",
  ""confidence"": 80,
  ""rubric_scores"": {
    ""market_potential"": 4,
    ""technical_feasibility"": 3,
    ""business_viability"": 2
  },
  ""reasoning"": ""While the idea of a fidget device with unique tactile feedback is intriguing, I'm concerned about the competitive landscape and the potential for the product to be easily replicated. The market potential is there, but the technical and business viability need further development.""
}",6,pass,80,4,3,2,"While the idea of a fidget device with unique tactile feedback is intriguing, I'm concerned about the competitive landscape and the potential for the product to be easily replicated. The market potential is there, but the technical and business viability need further development.",True
CASE_KS_021,models/Meta-Llama-3-8B-Instruct,models/Meta-Llama-3-8B-Instruct,vllm,http://localhost:8000/v1,C1,2,3bb65d16,0.0,2026-08-28T17:34:24.888306,1,"{
  ""score"": 6,
  ""verdict"": ""pass"",
  ""confidence"": 80,
  ""rubric_scores"": {
    ""market_potential"": 4,
    ""technical_feasibility"": 3,
    ""business_viability"": 2
  },
  ""reasoning"": ""While the idea of a fidget device with unique tactile feedback is intriguing, I'm concerned about the competitive landscape and the potential for the product to be easily replicated. The market potential is there, but the technical and business viability need further development.""
}",6,pass,80,4,3,2,"While the idea of a fidget device with unique tactile feedback is intriguing, I'm concerned about the competitive landscape and the potential for the product to be easily replicated. The market potential is there, but the technical and business viability need further development.",True
CASE_KS_021,models/Meta-Llama-3-8B-Instruct,models/Meta-Llama-3-8B-Instruct,vllm,http://localhost:8000/v1,C1,3,3bb65d16,0.0,2026-08-28T17:34:30.652799,1,"{
  ""score"": 6,
  ""verdict"": ""pass"",
  ""confidence"": 80,
  ""rubric_scores"": {
    ""market_potential"": 4,
    ""technical_feasibility"": 3,
    ""business_viability"": 2
  },
  ""reasoning"": ""While the idea of a fidget device with unique tactile feedback is intriguing, I'm concerned about the competitive landscape and the potential for the product to be easily replicated. The market potential is there, but the technical and business viability need further development.""
}",6,pass,80,4,3,2,"While the idea of a fidget device with unique tactile feedback is intriguing, I'm concerned about the competitive landscape and the potential for the product to be easily replicated. The market potential is there, but the technical and business viability need further development.",True
CASE_KS_021,models/Meta-Llama-3-8B-Instruct,models/Meta-Llama-3-8B-Instruct,vllm,http://localhost:8000/v1,C1,4,3bb65d16,0.0,2026-08-28T17:34:30.852848,1,"{
  ""score"": 6,
  ""verdict"": ""pass"",
  ""confidence"": 80,
  ""rubric_scores"": {
    ""market_potential"": 4,
    ""technical_feasibility"": 3,
    ""business_viability"": 2
  },
  ""reasoning"": ""While the idea of a fidget device with unique tactile feedback is intriguing, I'm concerned about the competitive landscape and the potential for the product to be easily replicated. The market potential is there, but the technical and business viability need further development.""
}",6,pass,80,4,3,2,"While the idea of a fidget device with unique tactile feedback is intriguing, I'm concerned about the competitive landscape and the potential for the product to be easily replicated. The market potential is there, but the technical and business viability need further development.",True
CASE_KS_021,models/Meta-Llama-3-8B-Instruct,models/Meta-Llama-3-8B-Instruct,vllm,http://localhost:8000/v1,C1,5,3bb65d16,0.0,2026-08-28T17:34:38.747386,1,"{
  ""score"": 6,
  ""verdict"": ""pass"",
  ""confidence"": 80,
  ""rubric_scores"": {
    ""market_potential"": 4,
    ""technical_feasibility"": 3,
    ""business_viability"": 2
  },
  ""reasoning"": ""While the idea of a fidget device with unique tactile feedback is intriguing, I'm concerned about the competitive landscape and the potential for the product to be easily replicated. The market potential is there, but the technical and business viability need further development.""
}",6,pass,80,4,3,2,"While the idea of a fidget device with unique tactile feedback is intriguing, I'm concerned about the competitive landscape and the potential for the product to be easily replicated. The market potential is there, but the technical and business viability need further development.",True
CASE_KS_021,models/Meta-Llama-3-8B-Instruct,models/Meta-Llama-3-8B-Instruct,vllm,http://localhost:8000/v1,C1,6,3bb65d16,0.0,2026-08-28T17:34:39.373947,1,"{
  ""score"": 6,
  ""verdict"": ""pass"",
  ""confidence"": 80,
  ""rubric_scores"": {
    ""market_potential"": 4,
    ""technical_feasibility"": 3,
    ""business_viability"": 2
  },
  ""reasoning"": ""While the idea of a fidget device with unique tactile feedback is intriguing, I'm concerned about the competitive landscape and the potential for the product to be easily replicated. The market potential is there, but the technical and business viability need further development.""
}",6,pass,80,4,3,2,"While the idea of a fidget device with unique tactile feedback is intriguing, I'm concerned about the competitive landscape and the potential for the product to be easily replicated. The market potential is there, but the technical and business viability need further development.",True
CASE_KS_021,models/Meta-Llama-3-8B-Instruct,models/Meta-Llama-3-8B-Instruct,vllm,http://localhost:8000/v1,C1,7,3bb65d16,0.0,2026-08-28T17:34:40.845362,1,"{
  ""score"": 6,
  ""verdict"": ""pass"",
  ""confidence"": 80,
  ""rubric_scores"": {
    ""market_potential"": 4,
    ""technical_feasibility"": 3,
    ""business_viability"": 2
  },
  ""reasoning"": ""While the idea of a fidget device with unique tactile feedback is intriguing, I'm concerned about the competitive landscape and the potential for the product to be easily replicated. The market potential is there, but the startup needs to demonstrate a clear path to differentiation and scalability.""
}",6,pass,80,4,3,2,"While the idea of a fidget device with unique tactile feedback is intriguing, I'm concerned about the competitive landscape and the potential for the product to be easily replicated. The market potential is there, but the startup needs to demonstrate a clear path to differentiation and scalability.",True
CASE_KS_021,models/Meta-Llama-3-8B-Instruct,models/Meta-Llama-3-8B-Instruct,vllm,http://localhost:8000/v1,C1,8,3bb65d16,0.0,2026-08-28T17:34:49.148032,1,"{
  ""score"": 6,
  ""verdict"": ""pass"",
  ""confidence"": 80,
  ""rubric_scores"": {
    ""market_potential"": 4,
    ""technical_feasibility"": 3,
    ""business_viability"": 2
  },
  ""reasoning"": ""While the idea of a fidget device with unique tactile feedback is intriguing, I'm concerned about the competitive landscape and the potential for the product to be easily replicated. The market potential is there, but the technical and business viability need further development.""
}",6,pass,80,4,3,2,"While the idea of a fidget device with unique tactile feedback is intriguing, I'm concerned about the competitive landscape and the potential for the product to be easily replicated. The market potential is there, but the technical and business viability need further development.",True
CASE_KS_021,models/Meta-Llama-3-8B-Instruct,models/Meta-Llama-3-8B-Instruct,vllm,http://localhost:8000/v1,C1,9,3bb65d16,0.0,2026-08-28T17:34:53.618857,1,"{
  ""score"": 6,
  ""verdict"": ""pass"",
  ""confidence"": 80,
  ""rubric_scores"": {
    ""market_potential"": 4,
    ""technical_feasibility"": 3,
    ""business_viability"": 2
  },
  ""reasoning"": ""While the idea of a fidget device with unique tactile feedback is intriguing, I'm concerned about the competitive landscape and the potential for the product to be easily replicated. The market potential is there, but the technical and business viability need further development.""
}",6,pass,80,4,3,2,"While the idea of a fidget device with unique tactile feedback is intriguing, I'm concerned about the competitive landscape and the potential for the product to be easily replicated. The market potential is there, but the technical and business viability need further development.",True
CASE_KS_021,models/Meta-Llama-3-8B-Instruct,models/Meta-Llama-3-8B-Instruct,vllm,http://localhost:8000/v1,C1,10,3bb65d16,0.0,2026-08-28T17:34:55.526084,1,"{
  ""score"": 6,
  ""verdict"": ""pass"",
  ""confidence"": 80,
  ""rubric_scores"": {
    ""market_potential"": 4,
    ""technical_feasibility"": 3,
    ""business_viability"": 2
  },
  ""reasoning"": ""While the idea of a fidget device with unique tactile feedback is intriguing, I'm concerned about the competitive landscape and the potential for the product to be easily replicated. The market potential is there, but the startup needs to demonstrate a clear path to differentiation and scalability.""
}",6,pass,80,4,3,2,"While the idea of a fidget device with unique tactile feedback is intriguing, I'm concerned about the competitive landscape and the potential for the product to be easily replicated. The market potential is there, but the startup needs to demonstrate a clear path to differentiation and scalability.",True
CASE_KS_022,models/Meta-Llama-3-8B-Instruct,models/Meta-Llama-3-8B-Instruct,vllm,http://localhost:8000/v1,C1,1,3bb65d16,0.0,2026-08-28T17:35:12.523420,1,"{
  ""score"": 7,
  ""verdict"": ""invest"",
  ""confidence"": 80,
  ""rubric_scores"": {
    ""market_potential"": 4,
    ""technical_feasibility"": 3,
    ""business_viability"": 4
  },
  ""reasoning"": ""While the idea is not revolutionary, it addresses a clear pain point in the social media space and has the potential to disrupt traditional broadcasting. With proper execution, Live View! could become a popular platform.""
}",7,invest,80,4,3,4,"While the idea is not revolutionary, it addresses a clear pain point in the social media space and has the potential to disrupt traditional broadcasting. With proper execution, Live View! could become a popular platform.",True
CASE_KS_022,models/Meta-Llama-3-8B-Instruct,models/Meta-Llama-3-8B-Instruct,vllm,http://localhost:8000/v1,C1,2,3bb65d16,0.0,2026-08-28T17:35:15.768463,1,"{
  ""score"": 7,
  ""verdict"": ""invest"",
  ""confidence"": 80,
  ""rubric_scores"": {
    ""market_potential"": 4,
    ""technical_feasibility"": 3,
    ""business_viability"": 4
  },
  ""reasoning"": ""While the idea of live broadcasting and streaming on social media has potential, I believe the team has a solid understanding of the market and technical feasibility. With a clear path to monetization, I'm willing to take a calculated risk on this investment.""
}",7,invest,80,4,3,4,"While the idea of live broadcasting and streaming on social media has potential, I believe the team has a solid understanding of the market and technical feasibility. With a clear path to monetization, I'm willing to take a calculated risk on this investment.",True
CASE_KS_022,models/Meta-Llama-3-8B-Instruct,models/Meta-Llama-3-8B-Instruct,vllm,http://localhost:8000/v1,C1,3,3bb65d16,0.0,2026-08-28T17:35:21.963827,1,"{
  ""score"": 7,
  ""verdict"": ""invest"",
  ""confidence"": 80,
  ""rubric_scores"": {
    ""market_potential"": 4,
    ""technical_feasibility"": 3,
    ""business_viability"": 4
  },
  ""reasoning"": ""While the idea is not revolutionary, it addresses a clear pain point in the social media space and has the potential to disrupt traditional broadcasting. With proper execution, Live View! could become a popular platform.""
}",7,invest,80,4,3,4,"While the idea is not revolutionary, it addresses a clear pain point in the social media space and has the potential to disrupt traditional broadcasting. With proper execution, Live View! could become a popular platform.",True
CASE_KS_022,models/Meta-Llama-3-8B-Instruct,models/Meta-Llama-3-8B-Instruct,vllm,http://localhost:8000/v1,C1,4,3bb65d16,0.0,2026-08-28T17:35:22.165042,1,"{
  ""score"": 7,
  ""verdict"": ""invest"",
  ""confidence"": 80,
  ""rubric_scores"": {
    ""market_potential"": 4,
    ""technical_feasibility"": 3,
    ""business_viability"": 4
  },
  ""reasoning"": ""While the idea is not revolutionary, it addresses a clear pain point in the social media space and has the potential to disrupt traditional broadcasting. With proper execution, Live View! could become a popular platform.""
}",7,invest,80,4,3,4,"While the idea is not revolutionary, it addresses a clear pain point in the social media space and has the potential to disrupt traditional broadcasting. With proper execution, Live View! could become a popular platform.",True
CASE_KS_022,models/Meta-Llama-3-8B-Instruct,models/Meta-Llama-3-8B-Instruct,vllm,http://localhost:8000/v1,C1,5,3bb65d16,0.0,2026-08-28T17:35:30.497985,1,"{
  ""score"": 7,
  ""verdict"": ""invest"",
  ""confidence"": 80,
  ""rubric_scores"": {
    ""market_potential"": 4,
    ""technical_feasibility"": 3,
    ""business_viability"": 4
  },
  ""reasoning"": ""While the idea is not revolutionary, it addresses a clear pain point in the social media space and has the potential to disrupt traditional broadcasting. With proper execution, Live View! could become a popular platform.""
}",7,invest,80,4,3,4,"While the idea is not revolutionary, it addresses a clear pain point in the social media space and has the potential to disrupt traditional broadcasting. With proper execution, Live View! could become a popular platform.",True
CASE_KS_022,models/Meta-Llama-3-8B-Instruct,models/Meta-Llama-3-8B-Instruct,vllm,http://localhost:8000/v1,C1,6,3bb65d16,0.0,2026-08-28T17:35:31.140172,1,"{
  ""score"": 7,
  ""verdict"": ""invest"",
  ""confidence"": 80,
  ""rubric_scores"": {
    ""market_potential"": 4,
    ""technical_feasibility"": 3,
    ""business_viability"": 4
  },
  ""reasoning"": ""While the idea of live broadcasting and streaming on social media has potential, I believe the team has a solid understanding of the market and technical feasibility. With a clear path to monetization, I'm willing to take a calculated risk on this investment.""
}",7,invest,80,4,3,4,"While the idea of live broadcasting and streaming on social media has potential, I believe the team has a solid understanding of the market and technical feasibility. With a clear path to monetization, I'm willing to take a calculated risk on this investment.",True
CASE_KS_022,models/Meta-Llama-3-8B-Instruct,models/Meta-Llama-3-8B-Instruct,vllm,http://localhost:8000/v1,C1,7,3bb65d16,0.0,2026-08-28T17:35:34.757081,1,"{
  ""score"": 7,
  ""verdict"": ""invest"",
  ""confidence"": 80,
  ""rubric_scores"": {
    ""market_potential"": 4,
    ""technical_feasibility"": 3,
    ""business_viability"": 4
  },
  ""reasoning"": ""While the idea of live broadcasting and streaming on social media has potential, I believe the team has a solid understanding of the market and technical feasibility. With a clear path to monetization, I'm willing to take a calculated risk on this investment.""
}",7,invest,80,4,3,4,"While the idea of live broadcasting and streaming on social media has potential, I believe the team has a solid understanding of the market and technical feasibility. With a clear path to monetization, I'm willing to take a calculated risk on this investment.",True
CASE_KS_022,models/Meta-Llama-3-8B-Instruct,models/Meta-Llama-3-8B-Instruct,vllm,http://localhost:8000/v1,C1,8,3bb65d16,0.0,2026-08-28T17:35:41.372009,1,"{
  ""score"": 7,
  ""verdict"": ""invest"",
  ""confidence"": 80,
  ""rubric_scores"": {
    ""market_potential"": 4,
    ""technical_feasibility"": 3,
    ""business_viability"": 4
  },
  ""reasoning"": ""While the idea of live broadcasting and streaming on social media has potential, I believe the team has a solid understanding of the market and technical feasibility. With a clear path to monetization, I'm willing to take a calculated risk on this investment.""
}",7,invest,80,4,3,4,"While the idea of live broadcasting and streaming on social media has potential, I believe the team has a solid understanding of the market and technical feasibility. With a clear path to monetization, I'm willing to take a calculated risk on this investment.",True
CASE_KS_022,models/Meta-Llama-3-8B-Instruct,models/Meta-Llama-3-8B-Instruct,vllm,http://localhost:8000/v1,C1,9,3bb65d16,0.0,2026-08-28T17:35:46.284001,1,"{
  ""score"": 7,
  ""verdict"": ""invest"",
  ""confidence"": 80,
  ""rubric_scores"": {
    ""market_potential"": 4,
    ""technical_feasibility"": 3,
    ""business_viability"": 4
  },
  ""reasoning"": ""While the idea is not revolutionary, it addresses a clear pain point in the social media space and has the potential to disrupt traditional broadcasting. With proper execution, Live View! could become a popular platform.""
}",7,invest,80,4,3,4,"While the idea is not revolutionary, it addresses a clear pain point in the social media space and has the potential to disrupt traditional broadcasting. With proper execution, Live View! could become a popular platform.",True
CASE_KS_022,models/Meta-Llama-3-8B-Instruct,models/Meta-Llama-3-8B-Instruct,vllm,http://localhost:8000/v1,C1,10,3bb65d16,0.0,2026-08-28T17:35:49.903988,1,"{
  ""score"": 7,
  ""verdict"": ""invest"",
  ""confidence"": 80,
  ""rubric_scores"": {
    ""market_potential"": 4,
    ""technical_feasibility"": 3,
    ""business_viability"": 4
  },
  ""reasoning"": ""While the idea is not revolutionary, it addresses a clear pain point in the social media space and has the potential to disrupt traditional broadcasting. With proper execution, Live View! could become a popular platform.""
}",7,invest,80,4,3,4,"While the idea is not revolutionary, it addresses a clear pain point in the social media space and has the potential to disrupt traditional broadcasting. With proper execution, Live View! could become a popular platform.",True
CASE_KS_023,models/Meta-Llama-3-8B-Instruct,models/Meta-Llama-3-8B-Instruct,vllm,http://localhost:8000/v1,C1,1,3bb65d16,0.0,2026-08-28T17:35:59.641541,1,"{
  ""score"": 7,
  ""verdict"": ""invest"",
  ""confidence"": 80,
  ""rubric_scores"": {
    ""market_potential"": 4,
    ""technical_feasibility"": 4,
    ""business_viability"": 3
  },
  ""reasoning"": ""The idea addresses a specific pain point in the automotive industry, and the technical feasibility seems reasonable. However, the business viability is uncertain, as the market size and competition are unclear.""
}",7,invest,80,4,4,3,"The idea addresses a specific pain point in the automotive industry, and the technical feasibility seems reasonable. However, the business viability is uncertain, as the market size and competition are unclear.",True
CASE_KS_023,models/Meta-Llama-3-8B-Instruct,models/Meta-Llama-3-8B-Instruct,vllm,http://localhost:8000/v1,C1,2,3bb65d16,0.0,2026-08-28T17:36:06.715015,1,"{
  ""score"": 7,
  ""verdict"": ""invest"",
  ""confidence"": 80,
  ""rubric_scores"": {
    ""market_potential"": 4,
    ""technical_feasibility"": 4,
    ""business_viability"": 3
  },
  ""reasoning"": ""The idea addresses a specific pain point in the automotive industry, and the technical feasibility seems reasonable. However, the business viability is uncertain, as the market size and competition are unclear.""
}",7,invest,80,4,4,3,"The idea addresses a specific pain point in the automotive industry, and the technical feasibility seems reasonable. However, the business viability is uncertain, as the market size and competition are unclear.",True
CASE_KS_023,models/Meta-Llama-3-8B-Instruct,models/Meta-Llama-3-8B-Instruct,vllm,http://localhost:8000/v1,C1,3,3bb65d16,0.0,2026-08-28T17:36:09.494740,1,"{
  ""score"": 7,
  ""verdict"": ""invest"",
  ""confidence"": 80,
  ""rubric_scores"": {
    ""market_potential"": 4,
    ""technical_feasibility"": 4,
    ""business_viability"": 3
  },
  ""reasoning"": ""The idea addresses a specific pain point in the automotive industry, and the technical feasibility seems reasonable. However, the business viability is uncertain, as the market size and competition are unclear.""
}",7,invest,80,4,4,3,"The idea addresses a specific pain point in the automotive industry, and the technical feasibility seems reasonable. However, the business viability is uncertain, as the market size and competition are unclear.",True
CASE_KS_023,models/Meta-Llama-3-8B-Instruct,models/Meta-Llama-3-8B-Instruct,vllm,http://localhost:8000/v1,C1,4,3bb65d16,0.0,2026-08-28T17:36:09.689805,1,"{
  ""score"": 7,
  ""verdict"": ""invest"",
  ""confidence"": 80,
  ""rubric_scores"": {
    ""market_potential"": 4,
    ""technical_feasibility"": 4,
    ""business_viability"": 3
  },
  ""reasoning"": ""The idea addresses a specific pain point in the automotive industry, and the technical feasibility seems reasonable. However, the business viability is uncertain, as the market size and competition are unclear.""
}",7,invest,80,4,4,3,"The idea addresses a specific pain point in the automotive industry, and the technical feasibility seems reasonable. However, the business viability is uncertain, as the market size and competition are unclear.",True
CASE_KS_023,models/Meta-Llama-3-8B-Instruct,models/Meta-Llama-3-8B-Instruct,vllm,http://localhost:8000/v1,C1,5,3bb65d16,0.0,2026-08-28T17:36:18.428002,1,"{
  ""score"": 7,
  ""verdict"": ""invest"",
  ""confidence"": 80,
  ""rubric_scores"": {
    ""market_potential"": 4,
    ""technical_feasibility"": 4,
    ""business_viability"": 3
  },
  ""reasoning"": ""The idea addresses a specific pain point in the automotive industry, and the technical feasibility seems reasonable. However, the business viability is uncertain, as the market size and competition are unclear.""
}",7,invest,80,4,4,3,"The idea addresses a specific pain point in the automotive industry, and the technical feasibility seems reasonable. However, the business viability is uncertain, as the market size and competition are unclear.",True
CASE_KS_023,models/Meta-Llama-3-8B-Instruct,models/Meta-Llama-3-8B-Instruct,vllm,http://localhost:8000/v1,C1,6,3bb65d16,0.0,2026-08-28T17:36:22.903022,1,"{
  ""score"": 7,
  ""verdict"": ""invest"",
  ""confidence"": 80,
  ""rubric_scores"": {
    ""market_potential"": 4,
    ""technical_feasibility"": 4,
    ""business_viability"": 3
  },
  ""reasoning"": ""The idea addresses a specific pain point in the automotive industry, and the technical feasibility seems reasonable. However, the business viability is uncertain, as the market size and competition are unclear.""
}",7,invest,80,4,4,3,"The idea addresses a specific pain point in the automotive industry, and the technical feasibility seems reasonable. However, the business viability is uncertain, as the market size and competition are unclear.",True
CASE_KS_023,models/Meta-Llama-3-8B-Instruct,models/Meta-Llama-3-8B-Instruct,vllm,http://localhost:8000/v1,C1,7,3bb65d16,0.0,2026-08-28T17:36:26.967952,1,"{
  ""score"": 7,
  ""verdict"": ""invest"",
  ""confidence"": 80,
  ""rubric_scores"": {
    ""market_potential"": 4,
    ""technical_feasibility"": 4,
    ""business_viability"": 3
  },
  ""reasoning"": ""The idea addresses a specific pain point in the automotive industry, and the technical feasibility seems reasonable. However, the business viability is uncertain, as the market size and competition are unclear.""
}",7,invest,80,4,4,3,"The idea addresses a specific pain point in the automotive industry, and the technical feasibility seems reasonable. However, the business viability is uncertain, as the market size and competition are unclear.",True
CASE_KS_023,models/Meta-Llama-3-8B-Instruct,models/Meta-Llama-3-8B-Instruct,vllm,http://localhost:8000/v1,C1,8,3bb65d16,0.0,2026-08-28T17:36:33.568604,1,"{
  ""score"": 7,
  ""verdict"": ""invest"",
  ""confidence"": 80,
  ""rubric_scores"": {
    ""market_potential"": 4,
    ""technical_feasibility"": 4,
    ""business_viability"": 3
  },
  ""reasoning"": ""The idea addresses a specific pain point in the automotive industry, and the technical feasibility seems reasonable. However, the business viability is uncertain, as the market size and competition are unclear.""
}",7,invest,80,4,4,3,"The idea addresses a specific pain point in the automotive industry, and the technical feasibility seems reasonable. However, the business viability is uncertain, as the market size and competition are unclear.",True
CASE_KS_023,models/Meta-Llama-3-8B-Instruct,models/Meta-Llama-3-8B-Instruct,vllm,http://localhost:8000/v1,C1,10,3bb65d16,0.0,2026-08-28T17:36:38.676455,1,"{
  ""score"": 7,
  ""verdict"": ""invest"",
  ""confidence"": 80,
  ""rubric_scores"": {
    ""market_potential"": 4,
    ""technical_feasibility"": 4,
    ""business_viability"": 3
  },
  ""reasoning"": ""The idea addresses a specific pain point in the automotive industry, and the technical feasibility seems reasonable. However, the business viability is uncertain, as the market size and competition are unclear.""
}",7,invest,80,4,4,3,"The idea addresses a specific pain point in the automotive industry, and the technical feasibility seems reasonable. However, the business viability is uncertain, as the market size and competition are unclear.",True
CASE_KS_023,models/Meta-Llama-3-8B-Instruct,models/Meta-Llama-3-8B-Instruct,vllm,http://localhost:8000/v1,C1,9,3bb65d16,0.0,2026-08-28T17:36:35.056163,1,"{
  ""score"": 7,
  ""verdict"": ""invest"",
  ""confidence"": 80,
  ""rubric_scores"": {
    ""market_potential"": 4,
    ""technical_feasibility"": 3,
    ""business_viability"": 4
  },
  ""reasoning"": ""The idea addresses a specific pain point in the automotive industry, and the market potential is significant. While the technical feasibility is relatively straightforward, the business viability will depend on the startup's ability to secure partnerships with car manufacturers and insurance companies.""
}",7,invest,80,4,3,4,"The idea addresses a specific pain point in the automotive industry, and the market potential is significant. While the technical feasibility is relatively straightforward, the business viability will depend on the startup's ability to secure partnerships with car manufacturers and insurance companies.",True
CASE_KS_024,models/Meta-Llama-3-8B-Instruct,models/Meta-Llama-3-8B-Instruct,vllm,http://localhost:8000/v1,C1,1,3bb65d16,0.0,2026-08-28T17:36:44.994022,1,"{
  ""score"": 6,
  ""verdict"": ""pass"",
  ""confidence"": 80,
  ""rubric_scores"": {
    ""market_potential"": 3,
    ""technical_feasibility"": 4,
    ""business_viability"": 2
  },
  ""reasoning"": ""While the idea has a clear niche and potential for community engagement, the market potential is limited to a specific demographic and the business model is unclear. The technical feasibility is high, but the business viability is uncertain without a clear plan for revenue generation.""
}",6,pass,80,3,4,2,"While the idea has a clear niche and potential for community engagement, the market potential is limited to a specific demographic and the business model is unclear. The technical feasibility is high, but the business viability is uncertain without a clear plan for revenue generation.",True
CASE_KS_024,models/Meta-Llama-3-8B-Instruct,models/Meta-Llama-3-8B-Instruct,vllm,http://localhost:8000/v1,C1,2,3bb65d16,0.0,2026-08-28T17:36:52.071026,1,"{
  ""score"": 6,
  ""verdict"": ""pass"",
  ""confidence"": 80,
  ""rubric_scores"": {
    ""market_potential"": 3,
    ""technical_feasibility"": 4,
    ""business_viability"": 2
  },
  ""reasoning"": ""While the idea has a clear niche and potential for community engagement, the market potential is limited to a specific demographic and the business model is unclear. The technical feasibility is high, but the business viability is uncertain without a clear plan for revenue generation.""
}",6,pass,80,3,4,2,"While the idea has a clear niche and potential for community engagement, the market potential is limited to a specific demographic and the business model is unclear. The technical feasibility is high, but the business viability is uncertain without a clear plan for revenue generation.",True
CASE_KS_024,models/Meta-Llama-3-8B-Instruct,models/Meta-Llama-3-8B-Instruct,vllm,http://localhost:8000/v1,C1,3,3bb65d16,0.0,2026-08-28T17:36:55.257086,1,"{
  ""score"": 6,
  ""verdict"": ""pass"",
  ""confidence"": 80,
  ""rubric_scores"": {
    ""market_potential"": 3,
    ""technical_feasibility"": 4,
    ""business_viability"": 2
  },
  ""reasoning"": ""While the idea has a clear niche and potential for community engagement, the market potential is limited to a specific demographic and the business model is unclear. The technical feasibility is high, but the business viability is uncertain without a clear plan for revenue generation.""
}",6,pass,80,3,4,2,"While the idea has a clear niche and potential for community engagement, the market potential is limited to a specific demographic and the business model is unclear. The technical feasibility is high, but the business viability is uncertain without a clear plan for revenue generation.",True
CASE_KS_024,models/Meta-Llama-3-8B-Instruct,models/Meta-Llama-3-8B-Instruct,vllm,http://localhost:8000/v1,C1,4,3bb65d16,0.0,2026-08-28T17:36:55.457015,1,"{
  ""score"": 6,
  ""verdict"": ""pass"",
  ""confidence"": 80,
  ""rubric_scores"": {
    ""market_potential"": 3,
    ""technical_feasibility"": 4,
    ""business_viability"": 2
  },
  ""reasoning"": ""While the idea has a clear niche and potential for community engagement, the market potential is limited to a specific demographic and the business model is unclear. The technical feasibility is high, but the business viability is uncertain without a clear plan for revenue generation.""
}",6,pass,80,3,4,2,"While the idea has a clear niche and potential for community engagement, the market potential is limited to a specific demographic and the business model is unclear. The technical feasibility is high, but the business viability is uncertain without a clear plan for revenue generation.",True
CASE_KS_024,models/Meta-Llama-3-8B-Instruct,models/Meta-Llama-3-8B-Instruct,vllm,http://localhost:8000/v1,C1,5,3bb65d16,0.0,2026-08-28T17:37:04.613025,1,"{
  ""score"": 6,
  ""verdict"": ""pass"",
  ""confidence"": 80,
  ""rubric_scores"": {
    ""market_potential"": 3,
    ""technical_feasibility"": 4,
    ""business_viability"": 2
  },
  ""reasoning"": ""While the idea has a clear niche and potential for community engagement, the market potential is limited to a specific demographic and the business model is unclear. The technical feasibility is high, but the business viability is uncertain without a clear plan for revenue generation.""
}",6,pass,80,3,4,2,"While the idea has a clear niche and potential for community engagement, the market potential is limited to a specific demographic and the business model is unclear. The technical feasibility is high, but the business viability is uncertain without a clear plan for revenue generation.",True
CASE_KS_024,models/Meta-Llama-3-8B-Instruct,models/Meta-Llama-3-8B-Instruct,vllm,http://localhost:8000/v1,C1,6,3bb65d16,0.0,2026-08-28T17:37:09.078023,1,"{
  ""score"": 6,
  ""verdict"": ""pass"",
  ""confidence"": 80,
  ""rubric_scores"": {
    ""market_potential"": 3,
    ""technical_feasibility"": 4,
    ""business_viability"": 2
  },
  ""reasoning"": ""While the idea has a clear niche and potential for community engagement, the market potential is limited to a specific demographic and the business model is unclear. The technical feasibility is high, but the business viability is uncertain without a clear plan for revenue generation.""
}",6,pass,80,3,4,2,"While the idea has a clear niche and potential for community engagement, the market potential is limited to a specific demographic and the business model is unclear. The technical feasibility is high, but the business viability is uncertain without a clear plan for revenue generation.",True
CASE_KS_024,models/Meta-Llama-3-8B-Instruct,models/Meta-Llama-3-8B-Instruct,vllm,http://localhost:8000/v1,C1,7,3bb65d16,0.0,2026-08-28T17:37:13.542982,1,"{
  ""score"": 6,
  ""verdict"": ""pass"",
  ""confidence"": 80,
  ""rubric_scores"": {
    ""market_potential"": 3,
    ""technical_feasibility"": 4,
    ""business_viability"": 2
  },
  ""reasoning"": ""While the idea has a clear niche and potential for community engagement, the market potential is limited to a specific demographic and the business model is unclear. The technical feasibility is high, but the business viability is uncertain without a clear plan for revenue generation.""
}",6,pass,80,3,4,2,"While the idea has a clear niche and potential for community engagement, the market potential is limited to a specific demographic and the business model is unclear. The technical feasibility is high, but the business viability is uncertain without a clear plan for revenue generation.",True
CASE_KS_024,models/Meta-Llama-3-8B-Instruct,models/Meta-Llama-3-8B-Instruct,vllm,http://localhost:8000/v1,C1,8,3bb65d16,0.0,2026-08-28T17:37:20.145238,1,"{
  ""score"": 6,
  ""verdict"": ""pass"",
  ""confidence"": 80,
  ""rubric_scores"": {
    ""market_potential"": 3,
    ""technical_feasibility"": 4,
    ""business_viability"": 2
  },
  ""reasoning"": ""While the idea has a clear niche and potential for community engagement, the market potential is limited to a specific demographic and the business model is unclear. The technical feasibility is high, but the business viability is uncertain without a clear plan for revenue generation.""
}",6,pass,80,3,4,2,"While the idea has a clear niche and potential for community engagement, the market potential is limited to a specific demographic and the business model is unclear. The technical feasibility is high, but the business viability is uncertain without a clear plan for revenue generation.",True
CASE_KS_024,models/Meta-Llama-3-8B-Instruct,models/Meta-Llama-3-8B-Instruct,vllm,http://localhost:8000/v1,C1,9,3bb65d16,0.0,2026-08-28T17:37:25.462028,1,"{
  ""score"": 6,
  ""verdict"": ""pass"",
  ""confidence"": 80,
  ""rubric_scores"": {
    ""market_potential"": 3,
    ""technical_feasibility"": 4,
    ""business_viability"": 2
  },
  ""reasoning"": ""While the idea has a clear niche and potential for community engagement, the market potential is limited to a specific demographic and the business model is unclear. The technical feasibility is high, but the business viability is uncertain without a clear plan for revenue generation.""
}",6,pass,80,3,4,2,"While the idea has a clear niche and potential for community engagement, the market potential is limited to a specific demographic and the business model is unclear. The technical feasibility is high, but the business viability is uncertain without a clear plan for revenue generation.",True
CASE_KS_024,models/Meta-Llama-3-8B-Instruct,models/Meta-Llama-3-8B-Instruct,vllm,http://localhost:8000/v1,C1,10,3bb65d16,0.0,2026-08-28T17:37:26.942042,1,"{
  ""score"": 6,
  ""verdict"": ""pass"",
  ""confidence"": 80,
  ""rubric_scores"": {
    ""market_potential"": 3,
    ""technical_feasibility"": 4,
    ""business_viability"": 2
  },
  ""reasoning"": ""While the idea has a clear niche and potential for community engagement, the market potential is limited to a specific demographic and the business model is unclear. The technical feasibility is high, but the business viability is uncertain without a clear plan for revenue generation.""
}",6,pass,80,3,4,2,"While the idea has a clear niche and potential for community engagement, the market potential is limited to a specific demographic and the business model is unclear. The technical feasibility is high, but the business viability is uncertain without a clear plan for revenue generation.",True
CASE_KS_025,models/Meta-Llama-3-8B-Instruct,models/Meta-Llama-3-8B-Instruct,vllm,http://localhost:8000/v1,C1,2,3bb65d16,0.0,2026-08-28T17:37:42.896394,1,"{
  ""score"": 6,
  ""verdict"": ""pass"",
  ""confidence"": 80,
  ""rubric_scores"": {
    ""market_potential"": 4,
    ""technical_feasibility"": 5,
    ""business_viability"": 3
  },
  ""reasoning"": ""While the idea has a unique technical solution, the market potential is limited to a specific niche and the business model is unclear, making it a pass for investment at this stage.""
}",6,pass,80,4,5,3,"While the idea has a unique technical solution, the market potential is limited to a specific niche and the business model is unclear, making it a pass for investment at this stage.",True
CASE_KS_025,models/Meta-Llama-3-8B-Instruct,models/Meta-Llama-3-8B-Instruct,vllm,http://localhost:8000/v1,C1,1,3bb65d16,0.0,2026-08-28T17:37:35.813017,1,"{
  ""score"": 6,
  ""verdict"": ""pass"",
  ""confidence"": 80,
  ""rubric_scores"": {
    ""market_potential"": 4,
    ""technical_feasibility"": 5,
    ""business_viability"": 3
  },
  ""reasoning"": ""While the idea has a unique selling point with the utility patent, the market potential is limited to a specific niche and may not be large enough to justify significant investment. The technical feasibility is high, but the business viability is uncertain without a clear plan for manufacturing and distribution.""
}",6,pass,80,4,5,3,"While the idea has a unique selling point with the utility patent, the market potential is limited to a specific niche and may not be large enough to justify significant investment. The technical feasibility is high, but the business viability is uncertain without a clear plan for manufacturing and distribution.",True
CASE_KS_025,models/Meta-Llama-3-8B-Instruct,models/Meta-Llama-3-8B-Instruct,vllm,http://localhost:8000/v1,C1,3,3bb65d16,0.0,2026-08-28T17:37:46.510398,1,"{
  ""score"": 6,
  ""verdict"": ""pass"",
  ""confidence"": 80,
  ""rubric_scores"": {
    ""market_potential"": 4,
    ""technical_feasibility"": 5,
    ""business_viability"": 3
  },
  ""reasoning"": ""While the idea has a unique technical solution, the market potential is limited to a specific niche and the business model is unclear, making it a pass for investment at this stage.""
}",6,pass,80,4,5,3,"While the idea has a unique technical solution, the market potential is limited to a specific niche and the business model is unclear, making it a pass for investment at this stage.",True
CASE_KS_025,models/Meta-Llama-3-8B-Instruct,models/Meta-Llama-3-8B-Instruct,vllm,http://localhost:8000/v1,C1,4,3bb65d16,0.0,2026-08-28T17:37:46.712024,1,"{
  ""score"": 6,
  ""verdict"": ""pass"",
  ""confidence"": 80,
  ""rubric_scores"": {
    ""market_potential"": 4,
    ""technical_feasibility"": 5,
    ""business_viability"": 3
  },
  ""reasoning"": ""While the idea has a unique technical solution, the market potential is limited to a specific niche and the business model is unclear, making it a pass for investment at this stage.""
}",6,pass,80,4,5,3,"While the idea has a unique technical solution, the market potential is limited to a specific niche and the business model is unclear, making it a pass for investment at this stage.",True
CASE_KS_025,models/Meta-Llama-3-8B-Instruct,models/Meta-Llama-3-8B-Instruct,vllm,http://localhost:8000/v1,C1,5,3bb65d16,0.0,2026-08-28T17:37:56.309228,1,"{
  ""score"": 6,
  ""verdict"": ""pass"",
  ""confidence"": 80,
  ""rubric_scores"": {
    ""market_potential"": 4,
    ""technical_feasibility"": 5,
    ""business_viability"": 3
  },
  ""reasoning"": ""While the idea has a unique technical solution, the market potential is limited to a specific niche and the business model is unclear, making it a pass for investment at this stage.""
}",6,pass,80,4,5,3,"While the idea has a unique technical solution, the market potential is limited to a specific niche and the business model is unclear, making it a pass for investment at this stage.",True
CASE_KS_025,models/Meta-Llama-3-8B-Instruct,models/Meta-Llama-3-8B-Instruct,vllm,http://localhost:8000/v1,C1,7,3bb65d16,0.0,2026-08-28T17:38:05.688023,1,"{
  ""score"": 6,
  ""verdict"": ""pass"",
  ""confidence"": 80,
  ""rubric_scores"": {
    ""market_potential"": 4,
    ""technical_feasibility"": 5,
    ""business_viability"": 3
  },
  ""reasoning"": ""While the idea has a unique technical solution, the market potential is limited to a specific niche and the business model is unclear, making it a pass for investment at this stage.""
}",6,pass,80,4,5,3,"While the idea has a unique technical solution, the market potential is limited to a specific niche and the business model is unclear, making it a pass for investment at this stage.",True
CASE_KS_025,models/Meta-Llama-3-8B-Instruct,models/Meta-Llama-3-8B-Instruct,vllm,http://localhost:8000/v1,C1,6,3bb65d16,0.0,2026-08-28T17:38:00.784996,1,"{
  ""score"": 6,
  ""verdict"": ""pass"",
  ""confidence"": 80,
  ""rubric_scores"": {
    ""market_potential"": 4,
    ""technical_feasibility"": 5,
    ""business_viability"": 3
  },
  ""reasoning"": ""While the idea has a unique selling point with the utility patent, the market potential is limited to a specific niche and may not be large enough to justify significant investment. The technical feasibility is high, but the business viability is uncertain without a clear plan for manufacturing and distribution.""
}",6,pass,80,4,5,3,"While the idea has a unique selling point with the utility patent, the market potential is limited to a specific niche and may not be large enough to justify significant investment. The technical feasibility is high, but the business viability is uncertain without a clear plan for manufacturing and distribution.",True
CASE_KS_025,models/Meta-Llama-3-8B-Instruct,models/Meta-Llama-3-8B-Instruct,vllm,http://localhost:8000/v1,C1,9,3bb65d16,0.0,2026-08-28T17:38:18.029001,1,"{
  ""score"": 6,
  ""verdict"": ""pass"",
  ""confidence"": 80,
  ""rubric_scores"": {
    ""market_potential"": 4,
    ""technical_feasibility"": 5,
    ""business_viability"": 3
  },
  ""reasoning"": ""While the idea has a unique technical solution, the market potential is limited to a specific niche and the business model is unclear, making it a pass for investment at this stage.""
}",6,pass,80,4,5,3,"While the idea has a unique technical solution, the market potential is limited to a specific niche and the business model is unclear, making it a pass for investment at this stage.",True
CASE_KS_025,models/Meta-Llama-3-8B-Instruct,models/Meta-Llama-3-8B-Instruct,vllm,http://localhost:8000/v1,C1,8,3bb65d16,0.0,2026-08-28T17:38:12.283735,1,"{
  ""score"": 6,
  ""verdict"": ""pass"",
  ""confidence"": 80,
  ""rubric_scores"": {
    ""market_potential"": 4,
    ""technical_feasibility"": 5,
    ""business_viability"": 3
  },
  ""reasoning"": ""While the idea has a unique selling point with the utility patent, the market potential is limited to a specific niche and may not be large enough to justify significant investment. The technical feasibility is high, but the business viability is uncertain without a clear plan for manufacturing and distribution.""
}",6,pass,80,4,5,3,"While the idea has a unique selling point with the utility patent, the market potential is limited to a specific niche and may not be large enough to justify significant investment. The technical feasibility is high, but the business viability is uncertain without a clear plan for manufacturing and distribution.",True
CASE_KS_025,models/Meta-Llama-3-8B-Instruct,models/Meta-Llama-3-8B-Instruct,vllm,http://localhost:8000/v1,C1,10,3bb65d16,0.0,2026-08-28T17:38:19.506046,1,"{
  ""score"": 6,
  ""verdict"": ""pass"",
  ""confidence"": 80,
  ""rubric_scores"": {
    ""market_potential"": 4,
    ""technical_feasibility"": 5,
    ""business_viability"": 3
  },
  ""reasoning"": ""While the idea has a unique selling point with the utility patent, the market potential is limited to a specific niche and may not be large enough to justify significant investment. The technical feasibility is high, but the business viability is uncertain without a clear plan for manufacturing and distribution.""
}",6,pass,80,4,5,3,"While the idea has a unique selling point with the utility patent, the market potential is limited to a specific niche and may not be large enough to justify significant investment. The technical feasibility is high, but the business viability is uncertain without a clear plan for manufacturing and distribution.",True
CASE_SYN_001,models/Meta-Llama-3-8B-Instruct,models/Meta-Llama-3-8B-Instruct,vllm,http://localhost:8000/v1,C1,1,3bb65d16,0.0,2026-08-28T17:38:27.516352,1,"{
  ""score"": 8,
  ""verdict"": ""invest"",
  ""confidence"": 80,
  ""rubric_scores"": {
    ""market_potential"": 4,
    ""technical_feasibility"": 5,
    ""business_viability"": 3
  },
  ""reasoning"": ""EcoCharge addresses a specific pain point for campers and travelers, and its unique design offers a competitive advantage. While the market size may be limited, the product's eco-friendly and portable nature could attract a loyal customer base.""
}",8,invest,80,4,5,3,"EcoCharge addresses a specific pain point for campers and travelers, and its unique design offers a competitive advantage. While the market size may be limited, the product's eco-friendly and portable nature could attract a loyal customer base.",True
CASE_SYN_001,models/Meta-Llama-3-8B-Instruct,models/Meta-Llama-3-8B-Instruct,vllm,http://localhost:8000/v1,C1,2,3bb65d16,0.0,2026-08-28T17:38:29.033689,1,"{
  ""score"": 8,
  ""verdict"": ""invest"",
  ""confidence"": 80,
  ""rubric_scores"": {
    ""market_potential"": 4,
    ""technical_feasibility"": 5,
    ""business_viability"": 3
  },
  ""reasoning"": ""EcoCharge addresses a specific pain point for campers and travelers, and its unique design offers a competitive advantage. While the market size may be limited, the product's eco-friendly and portable nature could attract a loyal customer base.""
}",8,invest,80,4,5,3,"EcoCharge addresses a specific pain point for campers and travelers, and its unique design offers a competitive advantage. While the market size may be limited, the product's eco-friendly and portable nature could attract a loyal customer base.",True
CASE_SYN_001,models/Meta-Llama-3-8B-Instruct,models/Meta-Llama-3-8B-Instruct,vllm,http://localhost:8000/v1,C1,3,3bb65d16,0.0,2026-08-28T17:38:31.814908,1,"{
  ""score"": 8,
  ""verdict"": ""invest"",
  ""confidence"": 80,
  ""rubric_scores"": {
    ""market_potential"": 4,
    ""technical_feasibility"": 5,
    ""business_viability"": 3
  },
  ""reasoning"": ""EcoCharge addresses a specific pain point for campers and travelers, and its unique design offers a competitive advantage. While the market size may be limited, the product's eco-friendly and portable nature could attract a loyal customer base.""
}",8,invest,80,4,5,3,"EcoCharge addresses a specific pain point for campers and travelers, and its unique design offers a competitive advantage. While the market size may be limited, the product's eco-friendly and portable nature could attract a loyal customer base.",True
CASE_SYN_001,models/Meta-Llama-3-8B-Instruct,models/Meta-Llama-3-8B-Instruct,vllm,http://localhost:8000/v1,C1,4,3bb65d16,0.0,2026-08-28T17:38:32.015035,1,"{
  ""score"": 8,
  ""verdict"": ""invest"",
  ""confidence"": 80,
  ""rubric_scores"": {
    ""market_potential"": 4,
    ""technical_feasibility"": 5,
    ""business_viability"": 3
  },
  ""reasoning"": ""EcoCharge addresses a specific pain point for campers and travelers, and its unique design offers a competitive advantage. While the market size may be limited, the product's eco-friendly and portable nature could attract a loyal customer base.""
}",8,invest,80,4,5,3,"EcoCharge addresses a specific pain point for campers and travelers, and its unique design offers a competitive advantage. While the market size may be limited, the product's eco-friendly and portable nature could attract a loyal customer base.",True
CASE_SYN_001,models/Meta-Llama-3-8B-Instruct,models/Meta-Llama-3-8B-Instruct,vllm,http://localhost:8000/v1,C1,5,3bb65d16,0.0,2026-08-28T17:38:42.026998,1,"{
  ""score"": 8,
  ""verdict"": ""invest"",
  ""confidence"": 80,
  ""rubric_scores"": {
    ""market_potential"": 4,
    ""technical_feasibility"": 5,
    ""business_viability"": 3
  },
  ""reasoning"": ""EcoCharge addresses a specific pain point for campers and travelers, and its unique design offers a competitive advantage. While the market size may be limited, the product's eco-friendly and portable nature could attract a loyal customer base.""
}",8,invest,80,4,5,3,"EcoCharge addresses a specific pain point for campers and travelers, and its unique design offers a competitive advantage. While the market size may be limited, the product's eco-friendly and portable nature could attract a loyal customer base.",True
CASE_SYN_001,models/Meta-Llama-3-8B-Instruct,models/Meta-Llama-3-8B-Instruct,vllm,http://localhost:8000/v1,C1,6,3bb65d16,0.0,2026-08-28T17:38:51.622998,1,"{
  ""score"": 8,
  ""verdict"": ""invest"",
  ""confidence"": 80,
  ""rubric_scores"": {
    ""market_potential"": 4,
    ""technical_feasibility"": 5,
    ""business_viability"": 3
  },
  ""reasoning"": ""EcoCharge addresses a specific pain point for campers and travelers, and its unique design offers a competitive advantage. While the market size may be limited, the product's eco-friendly and portable nature could attract a loyal customer base.""
}",8,invest,80,4,5,3,"EcoCharge addresses a specific pain point for campers and travelers, and its unique design offers a competitive advantage. While the market size may be limited, the product's eco-friendly and portable nature could attract a loyal customer base.",True
CASE_SYN_001,models/Meta-Llama-3-8B-Instruct,models/Meta-Llama-3-8B-Instruct,vllm,http://localhost:8000/v1,C1,7,3bb65d16,0.0,2026-08-28T17:38:54.816161,1,"{
  ""score"": 8,
  ""verdict"": ""invest"",
  ""confidence"": 80,
  ""rubric_scores"": {
    ""market_potential"": 4,
    ""technical_feasibility"": 5,
    ""business_viability"": 3
  },
  ""reasoning"": ""EcoCharge addresses a specific pain point for campers and travelers, and its unique design offers a competitive advantage. While the market size may be limited, the product's eco-friendly and portable nature could attract a loyal customer base.""
}",8,invest,80,4,5,3,"EcoCharge addresses a specific pain point for campers and travelers, and its unique design offers a competitive advantage. While the market size may be limited, the product's eco-friendly and portable nature could attract a loyal customer base.",True
CASE_SYN_001,models/Meta-Llama-3-8B-Instruct,models/Meta-Llama-3-8B-Instruct,vllm,http://localhost:8000/v1,C1,8,3bb65d16,0.0,2026-08-28T17:39:04.431113,1,"{
  ""score"": 8,
  ""verdict"": ""invest"",
  ""confidence"": 80,
  ""rubric_scores"": {
    ""market_potential"": 4,
    ""technical_feasibility"": 5,
    ""business_viability"": 3
  },
  ""reasoning"": ""EcoCharge addresses a specific pain point for campers and travelers, and its unique design offers a competitive advantage. While the market size may be limited, the product's eco-friendly and portable nature could attract a loyal customer base.""
}",8,invest,80,4,5,3,"EcoCharge addresses a specific pain point for campers and travelers, and its unique design offers a competitive advantage. While the market size may be limited, the product's eco-friendly and portable nature could attract a loyal customer base.",True
CASE_SYN_001,models/Meta-Llama-3-8B-Instruct,models/Meta-Llama-3-8B-Instruct,vllm,http://localhost:8000/v1,C1,9,3bb65d16,0.0,2026-08-28T17:39:06.770702,1,"{
  ""score"": 8,
  ""verdict"": ""invest"",
  ""confidence"": 80,
  ""rubric_scores"": {
    ""market_potential"": 4,
    ""technical_feasibility"": 5,
    ""business_viability"": 3
  },
  ""reasoning"": ""EcoCharge addresses a specific pain point for campers and travelers, and its unique design offers a competitive advantage. While the market size may be limited, the product's eco-friendly and portable nature could attract a loyal customer base.""
}",8,invest,80,4,5,3,"EcoCharge addresses a specific pain point for campers and travelers, and its unique design offers a competitive advantage. While the market size may be limited, the product's eco-friendly and portable nature could attract a loyal customer base.",True
CASE_SYN_002,models/Meta-Llama-3-8B-Instruct,models/Meta-Llama-3-8B-Instruct,vllm,http://localhost:8000/v1,C1,1,3bb65d16,0.0,2026-08-28T17:39:17.152027,1,"{
  ""score"": 8,
  ""verdict"": ""invest"",
  ""confidence"": 80,
  ""rubric_scores"": {
    ""market_potential"": 4,
    ""technical_feasibility"": 4,
    ""business_viability"": 4
  },
  ""reasoning"": ""MealMinder addresses a significant pain point in household food management, leveraging AI to provide actionable insights. With a clear value proposition and potential for scalability, I believe this idea has significant investment potential.""
}",8,invest,80,4,4,4,"MealMinder addresses a significant pain point in household food management, leveraging AI to provide actionable insights. With a clear value proposition and potential for scalability, I believe this idea has significant investment potential.",True
CASE_SYN_001,models/Meta-Llama-3-8B-Instruct,models/Meta-Llama-3-8B-Instruct,vllm,http://localhost:8000/v1,C1,10,3bb65d16,0.0,2026-08-28T17:39:14.242135,1,"{
  ""score"": 8,
  ""verdict"": ""invest"",
  ""confidence"": 80,
  ""rubric_scores"": {
    ""market_potential"": 4,
    ""technical_feasibility"": 5,
    ""business_viability"": 3
  },
  ""reasoning"": ""EcoCharge addresses a specific pain point for campers and travelers, and its unique design offers a competitive advantage. While the market size may be limited, the product's eco-friendly and portable nature could attract a loyal customer base.""
}",8,invest,80,4,5,3,"EcoCharge addresses a specific pain point for campers and travelers, and its unique design offers a competitive advantage. While the market size may be limited, the product's eco-friendly and portable nature could attract a loyal customer base.",True
CASE_SYN_002,models/Meta-Llama-3-8B-Instruct,models/Meta-Llama-3-8B-Instruct,vllm,http://localhost:8000/v1,C1,2,3bb65d16,0.0,2026-08-28T17:39:18.660685,1,"{
  ""score"": 8,
  ""verdict"": ""invest"",
  ""confidence"": 80,
  ""rubric_scores"": {
    ""market_potential"": 4,
    ""technical_feasibility"": 4,
    ""business_viability"": 4
  },
  ""reasoning"": ""MealMinder addresses a significant pain point in household food management, leveraging AI to provide actionable insights. With a clear value proposition and potential for scalability, I believe this idea has significant investment potential.""
}",8,invest,80,4,4,4,"MealMinder addresses a significant pain point in household food management, leveraging AI to provide actionable insights. With a clear value proposition and potential for scalability, I believe this idea has significant investment potential.",True
CASE_SYN_002,models/Meta-Llama-3-8B-Instruct,models/Meta-Llama-3-8B-Instruct,vllm,http://localhost:8000/v1,C1,3,3bb65d16,0.0,2026-08-28T17:39:21.859022,1,"{
  ""score"": 8,
  ""verdict"": ""invest"",
  ""confidence"": 80,
  ""rubric_scores"": {
    ""market_potential"": 4,
    ""technical_feasibility"": 4,
    ""business_viability"": 4
  },
  ""reasoning"": ""MealMinder addresses a significant pain point in household food management, leveraging AI to provide actionable insights. With a clear value proposition and potential for scalability, I believe this idea has significant investment potential.""
}",8,invest,80,4,4,4,"MealMinder addresses a significant pain point in household food management, leveraging AI to provide actionable insights. With a clear value proposition and potential for scalability, I believe this idea has significant investment potential.",True
CASE_SYN_002,models/Meta-Llama-3-8B-Instruct,models/Meta-Llama-3-8B-Instruct,vllm,http://localhost:8000/v1,C1,4,3bb65d16,0.0,2026-08-28T17:39:22.061026,1,"{
  ""score"": 8,
  ""verdict"": ""invest"",
  ""confidence"": 80,
  ""rubric_scores"": {
    ""market_potential"": 4,
    ""technical_feasibility"": 4,
    ""business_viability"": 4
  },
  ""reasoning"": ""MealMinder addresses a significant pain point in household food management, leveraging AI to provide actionable insights. With a clear value proposition and potential for scalability, I believe this idea has significant investment potential.""
}",8,invest,80,4,4,4,"MealMinder addresses a significant pain point in household food management, leveraging AI to provide actionable insights. With a clear value proposition and potential for scalability, I believe this idea has significant investment potential.",True
CASE_SYN_002,models/Meta-Llama-3-8B-Instruct,models/Meta-Llama-3-8B-Instruct,vllm,http://localhost:8000/v1,C1,5,3bb65d16,0.0,2026-08-28T17:39:32.501523,1,"{
  ""score"": 8,
  ""verdict"": ""invest"",
  ""confidence"": 80,
  ""rubric_scores"": {
    ""market_potential"": 4,
    ""technical_feasibility"": 4,
    ""business_viability"": 4
  },
  ""reasoning"": ""MealMinder addresses a significant pain point in household food management, leveraging AI to provide actionable insights. With a clear value proposition and potential for scalability, I believe this idea has significant investment potential.""
}",8,invest,80,4,4,4,"MealMinder addresses a significant pain point in household food management, leveraging AI to provide actionable insights. With a clear value proposition and potential for scalability, I believe this idea has significant investment potential.",True
CASE_SYN_002,models/Meta-Llama-3-8B-Instruct,models/Meta-Llama-3-8B-Instruct,vllm,http://localhost:8000/v1,C1,6,3bb65d16,0.0,2026-08-28T17:39:42.100017,1,"{
  ""score"": 8,
  ""verdict"": ""invest"",
  ""confidence"": 80,
  ""rubric_scores"": {
    ""market_potential"": 4,
    ""technical_feasibility"": 4,
    ""business_viability"": 4
  },
  ""reasoning"": ""MealMinder addresses a significant pain point in household food management, leveraging AI to provide actionable insights. With a clear value proposition and potential for scalability, I believe this idea has significant investment potential.""
}",8,invest,80,4,4,4,"MealMinder addresses a significant pain point in household food management, leveraging AI to provide actionable insights. With a clear value proposition and potential for scalability, I believe this idea has significant investment potential.",True
CASE_SYN_002,models/Meta-Llama-3-8B-Instruct,models/Meta-Llama-3-8B-Instruct,vllm,http://localhost:8000/v1,C1,7,3bb65d16,0.0,2026-08-28T17:39:45.725075,1,"{
  ""score"": 8,
  ""verdict"": ""invest"",
  ""confidence"": 80,
  ""rubric_scores"": {
    ""market_potential"": 4,
    ""technical_feasibility"": 4,
    ""business_viability"": 4
  },
  ""reasoning"": ""MealMinder addresses a significant pain point in household food management, leveraging AI to provide actionable insights. With a clear value proposition and potential for scalability, I believe this idea has significant investment potential.""
}",8,invest,80,4,4,4,"MealMinder addresses a significant pain point in household food management, leveraging AI to provide actionable insights. With a clear value proposition and potential for scalability, I believe this idea has significant investment potential.",True
CASE_SYN_002,models/Meta-Llama-3-8B-Instruct,models/Meta-Llama-3-8B-Instruct,vllm,http://localhost:8000/v1,C1,8,3bb65d16,0.0,2026-08-28T17:39:55.335331,1,"{
  ""score"": 8,
  ""verdict"": ""invest"",
  ""confidence"": 80,
  ""rubric_scores"": {
    ""market_potential"": 4,
    ""technical_feasibility"": 4,
    ""business_viability"": 4
  },
  ""reasoning"": ""MealMinder addresses a significant pain point in household food management, leveraging AI to provide actionable insights. With a clear value proposition and potential for scalability, I believe this idea has significant investment potential.""
}",8,invest,80,4,4,4,"MealMinder addresses a significant pain point in household food management, leveraging AI to provide actionable insights. With a clear value proposition and potential for scalability, I believe this idea has significant investment potential.",True
CASE_SYN_002,models/Meta-Llama-3-8B-Instruct,models/Meta-Llama-3-8B-Instruct,vllm,http://localhost:8000/v1,C1,9,3bb65d16,0.0,2026-08-28T17:39:58.117019,1,"{
  ""score"": 8,
  ""verdict"": ""invest"",
  ""confidence"": 80,
  ""rubric_scores"": {
    ""market_potential"": 4,
    ""technical_feasibility"": 4,
    ""business_viability"": 4
  },
  ""reasoning"": ""MealMinder addresses a significant pain point in household food management, leveraging AI to provide actionable insights. With a clear value proposition and potential for scalability, I believe this idea has significant investment potential.""
}",8,invest,80,4,4,4,"MealMinder addresses a significant pain point in household food management, leveraging AI to provide actionable insights. With a clear value proposition and potential for scalability, I believe this idea has significant investment potential.",True
CASE_SYN_002,models/Meta-Llama-3-8B-Instruct,models/Meta-Llama-3-8B-Instruct,vllm,http://localhost:8000/v1,C1,10,3bb65d16,0.0,2026-08-28T17:40:05.578987,1,"{
  ""score"": 8,
  ""verdict"": ""invest"",
  ""confidence"": 80,
  ""rubric_scores"": {
    ""market_potential"": 4,
    ""technical_feasibility"": 4,
    ""business_viability"": 4
  },
  ""reasoning"": ""MealMinder addresses a significant pain point in household food management, leveraging AI to provide actionable insights. With a clear value proposition and potential for scalability, I believe this idea has significant investment potential.""
}",8,invest,80,4,4,4,"MealMinder addresses a significant pain point in household food management, leveraging AI to provide actionable insights. With a clear value proposition and potential for scalability, I believe this idea has significant investment potential.",True
CASE_SYN_003,models/Meta-Llama-3-8B-Instruct,models/Meta-Llama-3-8B-Instruct,vllm,http://localhost:8000/v1,C1,1,3bb65d16,0.0,2026-08-28T17:40:03.779761,1,"{
  ""score"": 8,
  ""verdict"": ""invest"",
  ""confidence"": 80,
  ""rubric_scores"": {
    ""market_potential"": 4,
    ""technical_feasibility"": 4,
    ""business_viability"": 3
  },
  ""reasoning"": ""PedalPulse addresses a significant safety concern for urban cyclists, and the integrated turn signals and brake lights offer a unique value proposition. While there may be some technical and regulatory hurdles to overcome, the potential market size and growth opportunities are substantial.""
}",8,invest,80,4,4,3,"PedalPulse addresses a significant safety concern for urban cyclists, and the integrated turn signals and brake lights offer a unique value proposition. While there may be some technical and regulatory hurdles to overcome, the potential market size and growth opportunities are substantial.",True
CASE_SYN_003,models/Meta-Llama-3-8B-Instruct,models/Meta-Llama-3-8B-Instruct,vllm,http://localhost:8000/v1,C1,2,3bb65d16,0.0,2026-08-28T17:40:05.283769,1,"{
  ""score"": 8,
  ""verdict"": ""invest"",
  ""confidence"": 80,
  ""rubric_scores"": {
    ""market_potential"": 4,
    ""technical_feasibility"": 4,
    ""business_viability"": 3
  },
  ""reasoning"": ""PedalPulse addresses a significant safety concern for urban cyclists, and the integrated turn signals and brake lights offer a unique value proposition. While there may be some technical and regulatory hurdles to overcome, the potential market size and growth opportunities are substantial.""
}",8,invest,80,4,4,3,"PedalPulse addresses a significant safety concern for urban cyclists, and the integrated turn signals and brake lights offer a unique value proposition. While there may be some technical and regulatory hurdles to overcome, the potential market size and growth opportunities are substantial.",True
CASE_SYN_003,models/Meta-Llama-3-8B-Instruct,models/Meta-Llama-3-8B-Instruct,vllm,http://localhost:8000/v1,C1,3,3bb65d16,0.0,2026-08-28T17:40:08.911016,1,"{
  ""score"": 8,
  ""verdict"": ""invest"",
  ""confidence"": 80,
  ""rubric_scores"": {
    ""market_potential"": 4,
    ""technical_feasibility"": 4,
    ""business_viability"": 3
  },
  ""reasoning"": ""PedalPulse addresses a significant safety concern for urban cyclists, and the integrated turn signals and brake lights offer a unique value proposition. While there may be some technical and regulatory hurdles to overcome, the potential market size and growth opportunities are substantial.""
}",8,invest,80,4,4,3,"PedalPulse addresses a significant safety concern for urban cyclists, and the integrated turn signals and brake lights offer a unique value proposition. While there may be some technical and regulatory hurdles to overcome, the potential market size and growth opportunities are substantial.",True
CASE_SYN_003,models/Meta-Llama-3-8B-Instruct,models/Meta-Llama-3-8B-Instruct,vllm,http://localhost:8000/v1,C1,4,3bb65d16,0.0,2026-08-28T17:40:09.116796,1,"{
  ""score"": 8,
  ""verdict"": ""invest"",
  ""confidence"": 80,
  ""rubric_scores"": {
    ""market_potential"": 4,
    ""technical_feasibility"": 4,
    ""business_viability"": 3
  },
  ""reasoning"": ""PedalPulse addresses a significant safety concern for urban cyclists, and the integrated turn signals and brake lights offer a unique value proposition. While there may be some technical and regulatory hurdles to overcome, the potential market size and growth opportunities are substantial.""
}",8,invest,80,4,4,3,"PedalPulse addresses a significant safety concern for urban cyclists, and the integrated turn signals and brake lights offer a unique value proposition. While there may be some technical and regulatory hurdles to overcome, the potential market size and growth opportunities are substantial.",True
CASE_SYN_003,models/Meta-Llama-3-8B-Instruct,models/Meta-Llama-3-8B-Instruct,vllm,http://localhost:8000/v1,C1,5,3bb65d16,0.0,2026-08-28T17:40:19.975815,1,"{
  ""score"": 8,
  ""verdict"": ""invest"",
  ""confidence"": 80,
  ""rubric_scores"": {
    ""market_potential"": 4,
    ""technical_feasibility"": 4,
    ""business_viability"": 3
  },
  ""reasoning"": ""PedalPulse addresses a significant safety concern for urban cyclists, and the integrated turn signals and brake lights offer a unique value proposition. While there may be some technical and regulatory hurdles to overcome, the potential market size and growth opportunities are substantial.""
}",8,invest,80,4,4,3,"PedalPulse addresses a significant safety concern for urban cyclists, and the integrated turn signals and brake lights offer a unique value proposition. While there may be some technical and regulatory hurdles to overcome, the potential market size and growth opportunities are substantial.",True
CASE_SYN_003,models/Meta-Llama-3-8B-Instruct,models/Meta-Llama-3-8B-Instruct,vllm,http://localhost:8000/v1,C1,6,3bb65d16,0.0,2026-08-28T17:40:29.569287,1,"{
  ""score"": 8,
  ""verdict"": ""invest"",
  ""confidence"": 80,
  ""rubric_scores"": {
    ""market_potential"": 4,
    ""technical_feasibility"": 4,
    ""business_viability"": 3
  },
  ""reasoning"": ""PedalPulse addresses a significant safety concern for urban cyclists, and the integrated turn signals and brake lights offer a unique value proposition. While there may be some technical and regulatory hurdles to overcome, the potential market size and growth opportunities are substantial.""
}",8,invest,80,4,4,3,"PedalPulse addresses a significant safety concern for urban cyclists, and the integrated turn signals and brake lights offer a unique value proposition. While there may be some technical and regulatory hurdles to overcome, the potential market size and growth opportunities are substantial.",True
CASE_SYN_003,models/Meta-Llama-3-8B-Instruct,models/Meta-Llama-3-8B-Instruct,vllm,http://localhost:8000/v1,C1,7,3bb65d16,0.0,2026-08-28T17:40:33.615301,1,"{
  ""score"": 8,
  ""verdict"": ""invest"",
  ""confidence"": 80,
  ""rubric_scores"": {
    ""market_potential"": 4,
    ""technical_feasibility"": 4,
    ""business_viability"": 3
  },
  ""reasoning"": ""PedalPulse addresses a significant safety concern for urban cyclists, and the integrated turn signals and brake lights offer a unique value proposition. While there may be some technical and regulatory hurdles to overcome, the potential market size and growth opportunities are substantial.""
}",8,invest,80,4,4,3,"PedalPulse addresses a significant safety concern for urban cyclists, and the integrated turn signals and brake lights offer a unique value proposition. While there may be some technical and regulatory hurdles to overcome, the potential market size and growth opportunities are substantial.",True
CASE_SYN_003,models/Meta-Llama-3-8B-Instruct,models/Meta-Llama-3-8B-Instruct,vllm,http://localhost:8000/v1,C1,8,3bb65d16,0.0,2026-08-28T17:40:43.220199,1,"{
  ""score"": 8,
  ""verdict"": ""invest"",
  ""confidence"": 80,
  ""rubric_scores"": {
    ""market_potential"": 4,
    ""technical_feasibility"": 4,
    ""business_viability"": 3
  },
  ""reasoning"": ""PedalPulse addresses a significant safety concern for urban cyclists, and the integrated turn signals and brake lights offer a unique value proposition. While there may be some technical and regulatory hurdles to overcome, the potential market size and growth opportunities are substantial.""
}",8,invest,80,4,4,3,"PedalPulse addresses a significant safety concern for urban cyclists, and the integrated turn signals and brake lights offer a unique value proposition. While there may be some technical and regulatory hurdles to overcome, the potential market size and growth opportunities are substantial.",True
CASE_SYN_003,models/Meta-Llama-3-8B-Instruct,models/Meta-Llama-3-8B-Instruct,vllm,http://localhost:8000/v1,C1,9,3bb65d16,0.0,2026-08-28T17:40:46.414023,1,"{
  ""score"": 8,
  ""verdict"": ""invest"",
  ""confidence"": 80,
  ""rubric_scores"": {
    ""market_potential"": 4,
    ""technical_feasibility"": 4,
    ""business_viability"": 3
  },
  ""reasoning"": ""PedalPulse addresses a significant safety concern for urban cyclists, and the integrated turn signals and brake lights offer a unique value proposition. While there may be some technical and regulatory hurdles to overcome, the potential market size and growth opportunities are substantial.""
}",8,invest,80,4,4,3,"PedalPulse addresses a significant safety concern for urban cyclists, and the integrated turn signals and brake lights offer a unique value proposition. While there may be some technical and regulatory hurdles to overcome, the potential market size and growth opportunities are substantial.",True
CASE_SYN_003,models/Meta-Llama-3-8B-Instruct,models/Meta-Llama-3-8B-Instruct,vllm,http://localhost:8000/v1,C1,10,3bb65d16,0.0,2026-08-28T17:40:53.872491,1,"{
  ""score"": 8,
  ""verdict"": ""invest"",
  ""confidence"": 80,
  ""rubric_scores"": {
    ""market_potential"": 4,
    ""technical_feasibility"": 4,
    ""business_viability"": 3
  },
  ""reasoning"": ""PedalPulse addresses a significant safety concern for urban cyclists, and the integrated turn signals and brake lights offer a unique value proposition. While there may be some technical and regulatory hurdles to overcome, the potential market size and growth opportunities are substantial.""
}",8,invest,80,4,4,3,"PedalPulse addresses a significant safety concern for urban cyclists, and the integrated turn signals and brake lights offer a unique value proposition. While there may be some technical and regulatory hurdles to overcome, the potential market size and growth opportunities are substantial.",True
CASE_SYN_004,models/Meta-Llama-3-8B-Instruct,models/Meta-Llama-3-8B-Instruct,vllm,http://localhost:8000/v1,C1,1,3bb65d16,0.0,2026-08-28T17:40:54.633182,1,"{
  ""score"": 7,
  ""verdict"": ""invest"",
  ""confidence"": 80,
  ""rubric_scores"": {
    ""market_potential"": 4,
    ""technical_feasibility"": 4,
    ""business_viability"": 3
  },
  ""reasoning"": ""I'm investing in StudySync because it addresses a clear pain point in the education space, and its collaborative features have the potential to drive engagement and learning outcomes. However, I'd like to see more clarity on the target market and competitive landscape.""
}",7,invest,80,4,4,3,"I'm investing in StudySync because it addresses a clear pain point in the education space, and its collaborative features have the potential to drive engagement and learning outcomes. However, I'd like to see more clarity on the target market and competitive landscape.",True
CASE_SYN_004,models/Meta-Llama-3-8B-Instruct,models/Meta-Llama-3-8B-Instruct,vllm,http://localhost:8000/v1,C1,2,3bb65d16,0.0,2026-08-28T17:40:56.141418,1,"{
  ""score"": 7,
  ""verdict"": ""invest"",
  ""confidence"": 80,
  ""rubric_scores"": {
    ""market_potential"": 4,
    ""technical_feasibility"": 4,
    ""business_viability"": 3
  },
  ""reasoning"": ""I'm investing in StudySync because it addresses a clear pain point in the education space, and its collaborative features have the potential to drive engagement and learning outcomes. However, I'd like to see more clarity on the target market and competitive landscape.""
}",7,invest,80,4,4,3,"I'm investing in StudySync because it addresses a clear pain point in the education space, and its collaborative features have the potential to drive engagement and learning outcomes. However, I'd like to see more clarity on the target market and competitive landscape.",True
CASE_SYN_004,models/Meta-Llama-3-8B-Instruct,models/Meta-Llama-3-8B-Instruct,vllm,http://localhost:8000/v1,C1,3,3bb65d16,0.0,2026-08-28T17:41:00.191020,1,"{
  ""score"": 7,
  ""verdict"": ""invest"",
  ""confidence"": 80,
  ""rubric_scores"": {
    ""market_potential"": 4,
    ""technical_feasibility"": 4,
    ""business_viability"": 3
  },
  ""reasoning"": ""I'm investing in StudySync because it addresses a clear pain point in the education space, and its collaborative features have the potential to drive engagement and learning outcomes. However, I'd like to see more clarity on the target market and competitive landscape.""
}",7,invest,80,4,4,3,"I'm investing in StudySync because it addresses a clear pain point in the education space, and its collaborative features have the potential to drive engagement and learning outcomes. However, I'd like to see more clarity on the target market and competitive landscape.",True
CASE_SYN_004,models/Meta-Llama-3-8B-Instruct,models/Meta-Llama-3-8B-Instruct,vllm,http://localhost:8000/v1,C1,4,3bb65d16,0.0,2026-08-28T17:41:00.392860,1,"{
  ""score"": 7,
  ""verdict"": ""invest"",
  ""confidence"": 80,
  ""rubric_scores"": {
    ""market_potential"": 4,
    ""technical_feasibility"": 4,
    ""business_viability"": 3
  },
  ""reasoning"": ""I'm investing in StudySync because it addresses a clear pain point in the education space, and its collaborative features have the potential to drive engagement and learning outcomes. However, I'd like to see more clarity on the target market and competitive landscape.""
}",7,invest,80,4,4,3,"I'm investing in StudySync because it addresses a clear pain point in the education space, and its collaborative features have the potential to drive engagement and learning outcomes. However, I'd like to see more clarity on the target market and competitive landscape.",True
CASE_SYN_004,models/Meta-Llama-3-8B-Instruct,models/Meta-Llama-3-8B-Instruct,vllm,http://localhost:8000/v1,C1,5,3bb65d16,0.0,2026-08-28T17:41:11.701304,1,"{
  ""score"": 7,
  ""verdict"": ""invest"",
  ""confidence"": 80,
  ""rubric_scores"": {
    ""market_potential"": 4,
    ""technical_feasibility"": 4,
    ""business_viability"": 3
  },
  ""reasoning"": ""I'm investing in StudySync because it addresses a clear pain point in the education space, and its collaborative features have the potential to drive engagement and learning outcomes. However, I'd like to see more clarity on the target market and competitive landscape.""
}",7,invest,80,4,4,3,"I'm investing in StudySync because it addresses a clear pain point in the education space, and its collaborative features have the potential to drive engagement and learning outcomes. However, I'd like to see more clarity on the target market and competitive landscape.",True
CASE_SYN_004,models/Meta-Llama-3-8B-Instruct,models/Meta-Llama-3-8B-Instruct,vllm,http://localhost:8000/v1,C1,6,3bb65d16,0.0,2026-08-28T17:41:21.307992,1,"{
  ""score"": 7,
  ""verdict"": ""invest"",
  ""confidence"": 80,
  ""rubric_scores"": {
    ""market_potential"": 4,
    ""technical_feasibility"": 4,
    ""business_viability"": 3
  },
  ""reasoning"": ""I'm investing in StudySync because it addresses a clear pain point in the education space, and its collaborative features have the potential to drive engagement and learning outcomes. However, I'd like to see more clarity on the target market and competitive landscape.""
}",7,invest,80,4,4,3,"I'm investing in StudySync because it addresses a clear pain point in the education space, and its collaborative features have the potential to drive engagement and learning outcomes. However, I'd like to see more clarity on the target market and competitive landscape.",True
CASE_SYN_004,models/Meta-Llama-3-8B-Instruct,models/Meta-Llama-3-8B-Instruct,vllm,http://localhost:8000/v1,C1,7,3bb65d16,0.0,2026-08-28T17:41:25.784192,1,"{
  ""score"": 7,
  ""verdict"": ""invest"",
  ""confidence"": 80,
  ""rubric_scores"": {
    ""market_potential"": 4,
    ""technical_feasibility"": 4,
    ""business_viability"": 3
  },
  ""reasoning"": ""I'm investing in StudySync because it addresses a clear pain point in the education space, and its collaborative features have the potential to drive engagement and learning outcomes. However, I'd like to see more clarity on the target market and competitive landscape.""
}",7,invest,80,4,4,3,"I'm investing in StudySync because it addresses a clear pain point in the education space, and its collaborative features have the potential to drive engagement and learning outcomes. However, I'd like to see more clarity on the target market and competitive landscape.",True
CASE_SYN_004,models/Meta-Llama-3-8B-Instruct,models/Meta-Llama-3-8B-Instruct,vllm,http://localhost:8000/v1,C1,8,3bb65d16,0.0,2026-08-28T17:41:35.391015,1,"{
  ""score"": 7,
  ""verdict"": ""invest"",
  ""confidence"": 80,
  ""rubric_scores"": {
    ""market_potential"": 4,
    ""technical_feasibility"": 4,
    ""business_viability"": 3
  },
  ""reasoning"": ""I'm investing in StudySync because it addresses a clear pain point in the education space, and its collaborative features have the potential to drive engagement and learning outcomes. However, I'd like to see more clarity on the target market and competitive landscape.""
}",7,invest,80,4,4,3,"I'm investing in StudySync because it addresses a clear pain point in the education space, and its collaborative features have the potential to drive engagement and learning outcomes. However, I'd like to see more clarity on the target market and competitive landscape.",True
CASE_SYN_004,models/Meta-Llama-3-8B-Instruct,models/Meta-Llama-3-8B-Instruct,vllm,http://localhost:8000/v1,C1,9,3bb65d16,0.0,2026-08-28T17:41:39.007005,1,"{
  ""score"": 7,
  ""verdict"": ""invest"",
  ""confidence"": 80,
  ""rubric_scores"": {
    ""market_potential"": 4,
    ""technical_feasibility"": 4,
    ""business_viability"": 3
  },
  ""reasoning"": ""I'm investing in StudySync because it addresses a clear pain point in the education space, and its collaborative features have the potential to drive engagement and learning outcomes. However, I'd like to see more clarity on the target market and competitive landscape.""
}",7,invest,80,4,4,3,"I'm investing in StudySync because it addresses a clear pain point in the education space, and its collaborative features have the potential to drive engagement and learning outcomes. However, I'd like to see more clarity on the target market and competitive landscape.",True
CASE_SYN_005,models/Meta-Llama-3-8B-Instruct,models/Meta-Llama-3-8B-Instruct,vllm,http://localhost:8000/v1,C1,1,3bb65d16,0.0,2026-08-28T17:41:45.534639,1,"{
  ""score"": 8,
  ""verdict"": ""invest"",
  ""confidence"": 80,
  ""rubric_scores"": {
    ""market_potential"": 4,
    ""technical_feasibility"": 5,
    ""business_viability"": 3
  },
  ""reasoning"": ""The idea has strong market potential, as hikers and travelers are willing to pay a premium for safe drinking water. While there are some technical feasibility concerns, the UV-C LED technology is proven and the product's simplicity is an advantage.""
}",8,invest,80,4,5,3,"The idea has strong market potential, as hikers and travelers are willing to pay a premium for safe drinking water. While there are some technical feasibility concerns, the UV-C LED technology is proven and the product's simplicity is an advantage.",True
CASE_SYN_005,models/Meta-Llama-3-8B-Instruct,models/Meta-Llama-3-8B-Instruct,vllm,http://localhost:8000/v1,C1,2,3bb65d16,0.0,2026-08-28T17:41:47.041985,1,"{
  ""score"": 8,
  ""verdict"": ""invest"",
  ""confidence"": 80,
  ""rubric_scores"": {
    ""market_potential"": 4,
    ""technical_feasibility"": 5,
    ""business_viability"": 3
  },
  ""reasoning"": ""The idea has strong market potential, as hikers and travelers are willing to pay a premium for safe drinking water. While there are some technical feasibility concerns, the UV-C LED technology is proven and the product's simplicity is an advantage.""
}",8,invest,80,4,5,3,"The idea has strong market potential, as hikers and travelers are willing to pay a premium for safe drinking water. While there are some technical feasibility concerns, the UV-C LED technology is proven and the product's simplicity is an advantage.",True
CASE_SYN_004,models/Meta-Llama-3-8B-Instruct,models/Meta-Llama-3-8B-Instruct,vllm,http://localhost:8000/v1,C1,10,3bb65d16,0.0,2026-08-28T17:41:46.486041,1,"{
  ""score"": 7,
  ""verdict"": ""invest"",
  ""confidence"": 80,
  ""rubric_scores"": {
    ""market_potential"": 4,
    ""technical_feasibility"": 4,
    ""business_viability"": 3
  },
  ""reasoning"": ""I'm investing in StudySync because it addresses a clear pain point in the education space, and its collaborative features have the potential to drive engagement and learning outcomes. However, I'd like to see more clarity on the target market and competitive landscape.""
}",7,invest,80,4,4,3,"I'm investing in StudySync because it addresses a clear pain point in the education space, and its collaborative features have the potential to drive engagement and learning outcomes. However, I'd like to see more clarity on the target market and competitive landscape.",True
CASE_SYN_005,models/Meta-Llama-3-8B-Instruct,models/Meta-Llama-3-8B-Instruct,vllm,http://localhost:8000/v1,C1,3,3bb65d16,0.0,2026-08-28T17:41:51.523803,1,"{
  ""score"": 8,
  ""verdict"": ""invest"",
  ""confidence"": 80,
  ""rubric_scores"": {
    ""market_potential"": 4,
    ""technical_feasibility"": 5,
    ""business_viability"": 3
  },
  ""reasoning"": ""The idea has strong market potential, as hikers and travelers are willing to pay a premium for safe drinking water. While there are some technical feasibility concerns, the UV-C LED technology is proven and the product's simplicity is an advantage.""
}",8,invest,80,4,5,3,"The idea has strong market potential, as hikers and travelers are willing to pay a premium for safe drinking water. While there are some technical feasibility concerns, the UV-C LED technology is proven and the product's simplicity is an advantage.",True
CASE_SYN_005,models/Meta-Llama-3-8B-Instruct,models/Meta-Llama-3-8B-Instruct,vllm,http://localhost:8000/v1,C1,4,3bb65d16,0.0,2026-08-28T17:41:51.724964,1,"{
  ""score"": 8,
  ""verdict"": ""invest"",
  ""confidence"": 80,
  ""rubric_scores"": {
    ""market_potential"": 4,
    ""technical_feasibility"": 5,
    ""business_viability"": 3
  },
  ""reasoning"": ""The idea has strong market potential, as hikers and travelers are willing to pay a premium for safe drinking water. While there are some technical feasibility concerns, the UV-C LED technology is proven and the product's simplicity is an advantage.""
}",8,invest,80,4,5,3,"The idea has strong market potential, as hikers and travelers are willing to pay a premium for safe drinking water. While there are some technical feasibility concerns, the UV-C LED technology is proven and the product's simplicity is an advantage.",True
CASE_SYN_005,models/Meta-Llama-3-8B-Instruct,models/Meta-Llama-3-8B-Instruct,vllm,http://localhost:8000/v1,C1,5,3bb65d16,0.0,2026-08-28T17:42:03.453998,1,"{
  ""score"": 8,
  ""verdict"": ""invest"",
  ""confidence"": 80,
  ""rubric_scores"": {
    ""market_potential"": 4,
    ""technical_feasibility"": 5,
    ""business_viability"": 3
  },
  ""reasoning"": ""The idea has strong market potential, as hikers and travelers are willing to pay a premium for safe drinking water. While there are some technical feasibility concerns, the UV-C LED technology is proven and the product's simplicity is an advantage.""
}",8,invest,80,4,5,3,"The idea has strong market potential, as hikers and travelers are willing to pay a premium for safe drinking water. While there are some technical feasibility concerns, the UV-C LED technology is proven and the product's simplicity is an advantage.",True
CASE_SYN_005,models/Meta-Llama-3-8B-Instruct,models/Meta-Llama-3-8B-Instruct,vllm,http://localhost:8000/v1,C1,6,3bb65d16,0.0,2026-08-28T17:42:13.062030,1,"{
  ""score"": 8,
  ""verdict"": ""invest"",
  ""confidence"": 80,
  ""rubric_scores"": {
    ""market_potential"": 4,
    ""technical_feasibility"": 5,
    ""business_viability"": 3
  },
  ""reasoning"": ""The idea has strong market potential, as hikers and travelers are willing to pay a premium for convenience and safety. While there are some technical feasibility concerns, the UV-C LED technology is proven and the product's simplicity is an advantage.""
}",8,invest,80,4,5,3,"The idea has strong market potential, as hikers and travelers are willing to pay a premium for convenience and safety. While there are some technical feasibility concerns, the UV-C LED technology is proven and the product's simplicity is an advantage.",True
CASE_SYN_005,models/Meta-Llama-3-8B-Instruct,models/Meta-Llama-3-8B-Instruct,vllm,http://localhost:8000/v1,C1,7,3bb65d16,0.0,2026-08-28T17:42:17.982003,1,"{
  ""score"": 8,
  ""verdict"": ""invest"",
  ""confidence"": 80,
  ""rubric_scores"": {
    ""market_potential"": 4,
    ""technical_feasibility"": 5,
    ""business_viability"": 3
  },
  ""reasoning"": ""The idea has strong market potential, as hikers and travelers are willing to pay a premium for safe drinking water. While there are some technical feasibility concerns, the UV-C LED technology is proven and the product's simplicity is an advantage.""
}",8,invest,80,4,5,3,"The idea has strong market potential, as hikers and travelers are willing to pay a premium for safe drinking water. While there are some technical feasibility concerns, the UV-C LED technology is proven and the product's simplicity is an advantage.",True
CASE_SYN_005,models/Meta-Llama-3-8B-Instruct,models/Meta-Llama-3-8B-Instruct,vllm,http://localhost:8000/v1,C1,8,3bb65d16,0.0,2026-08-28T17:42:27.613011,1,"{
  ""score"": 8,
  ""verdict"": ""invest"",
  ""confidence"": 80,
  ""rubric_scores"": {
    ""market_potential"": 4,
    ""technical_feasibility"": 5,
    ""business_viability"": 3
  },
  ""reasoning"": ""The idea has strong market potential, as hikers and travelers are willing to pay a premium for safe drinking water. While there are some technical feasibility concerns, the UV-C LED technology is proven and the product's simplicity is an advantage.""
}",8,invest,80,4,5,3,"The idea has strong market potential, as hikers and travelers are willing to pay a premium for safe drinking water. While there are some technical feasibility concerns, the UV-C LED technology is proven and the product's simplicity is an advantage.",True
CASE_SYN_005,models/Meta-Llama-3-8B-Instruct,models/Meta-Llama-3-8B-Instruct,vllm,http://localhost:8000/v1,C1,9,3bb65d16,0.0,2026-08-28T17:42:31.671989,1,"{
  ""score"": 8,
  ""verdict"": ""invest"",
  ""confidence"": 80,
  ""rubric_scores"": {
    ""market_potential"": 4,
    ""technical_feasibility"": 5,
    ""business_viability"": 3
  },
  ""reasoning"": ""The idea has strong market potential, as hikers and travelers are willing to pay a premium for safe drinking water. While there are some technical feasibility concerns, the UV-C LED technology is proven and the product's simplicity is an advantage.""
}",8,invest,80,4,5,3,"The idea has strong market potential, as hikers and travelers are willing to pay a premium for safe drinking water. While there are some technical feasibility concerns, the UV-C LED technology is proven and the product's simplicity is an advantage.",True
CASE_SYN_006,models/Meta-Llama-3-8B-Instruct,models/Meta-Llama-3-8B-Instruct,vllm,http://localhost:8000/v1,C1,2,3bb65d16,0.0,2026-08-28T17:42:37.551340,1,"{
  ""score"": 6,
  ""verdict"": ""pass"",
  ""confidence"": 80,
  ""rubric_scores"": {
    ""market_potential"": 4,
    ""technical_feasibility"": 3,
    ""business_viability"": 2
  },
  ""reasoning"": ""While the idea has some novelty and potential for entertainment value, I'm concerned about the market size and monetization strategy. The technical feasibility is promising, but the business viability is uncertain without a clear plan for revenue generation.""
}",6,pass,80,4,3,2,"While the idea has some novelty and potential for entertainment value, I'm concerned about the market size and monetization strategy. The technical feasibility is promising, but the business viability is uncertain without a clear plan for revenue generation.",True
CASE_SYN_006,models/Meta-Llama-3-8B-Instruct,models/Meta-Llama-3-8B-Instruct,vllm,http://localhost:8000/v1,C1,1,3bb65d16,0.0,2026-08-28T17:42:36.926376,1,"{
  ""score"": 6,
  ""verdict"": ""pass"",
  ""confidence"": 80,
  ""rubric_scores"": {
    ""market_potential"": 4,
    ""technical_feasibility"": 3,
    ""business_viability"": 2
  },
  ""reasoning"": ""While the idea has some novelty and potential for entertainment value, I'm concerned about the market size and monetization strategy. The technical feasibility is promising, but the business viability is uncertain without a clear target audience and revenue streams.""
}",6,pass,80,4,3,2,"While the idea has some novelty and potential for entertainment value, I'm concerned about the market size and monetization strategy. The technical feasibility is promising, but the business viability is uncertain without a clear target audience and revenue streams.",True
CASE_SYN_005,models/Meta-Llama-3-8B-Instruct,models/Meta-Llama-3-8B-Instruct,vllm,http://localhost:8000/v1,C1,10,3bb65d16,0.0,2026-08-28T17:42:37.443294,1,"{
  ""score"": 8,
  ""verdict"": ""invest"",
  ""confidence"": 80,
  ""rubric_scores"": {
    ""market_potential"": 4,
    ""technical_feasibility"": 5,
    ""business_viability"": 3
  },
  ""reasoning"": ""The idea has strong market potential, as hikers and travelers are willing to pay a premium for safe drinking water. While there are some technical feasibility concerns, the UV-C LED technology is proven and the product's simplicity is an advantage.""
}",8,invest,80,4,5,3,"The idea has strong market potential, as hikers and travelers are willing to pay a premium for safe drinking water. While there are some technical feasibility concerns, the UV-C LED technology is proven and the product's simplicity is an advantage.",True
CASE_SYN_006,models/Meta-Llama-3-8B-Instruct,models/Meta-Llama-3-8B-Instruct,vllm,http://localhost:8000/v1,C1,3,3bb65d16,0.0,2026-08-28T17:42:42.066038,1,"{
  ""score"": 6,
  ""verdict"": ""pass"",
  ""confidence"": 80,
  ""rubric_scores"": {
    ""market_potential"": 4,
    ""technical_feasibility"": 3,
    ""business_viability"": 2
  },
  ""reasoning"": ""While the idea has some novelty and potential for entertainment value, I'm concerned about the market size and monetization strategy. The technical feasibility is promising, but the business viability is uncertain without a clear target audience and revenue streams.""
}",6,pass,80,4,3,2,"While the idea has some novelty and potential for entertainment value, I'm concerned about the market size and monetization strategy. The technical feasibility is promising, but the business viability is uncertain without a clear target audience and revenue streams.",True
CASE_SYN_006,models/Meta-Llama-3-8B-Instruct,models/Meta-Llama-3-8B-Instruct,vllm,http://localhost:8000/v1,C1,4,3bb65d16,0.0,2026-08-28T17:42:42.268571,1,"{
  ""score"": 6,
  ""verdict"": ""pass"",
  ""confidence"": 80,
  ""rubric_scores"": {
    ""market_potential"": 4,
    ""technical_feasibility"": 3,
    ""business_viability"": 2
  },
  ""reasoning"": ""While the idea has some novelty and potential for entertainment value, I'm concerned about the market size and monetization strategy. The technical feasibility is promising, but the business viability is uncertain without a clear target audience and revenue streams.""
}",6,pass,80,4,3,2,"While the idea has some novelty and potential for entertainment value, I'm concerned about the market size and monetization strategy. The technical feasibility is promising, but the business viability is uncertain without a clear target audience and revenue streams.",True
CASE_SYN_006,models/Meta-Llama-3-8B-Instruct,models/Meta-Llama-3-8B-Instruct,vllm,http://localhost:8000/v1,C1,5,3bb65d16,0.0,2026-08-28T17:42:54.428038,1,"{
  ""score"": 6,
  ""verdict"": ""pass"",
  ""confidence"": 80,
  ""rubric_scores"": {
    ""market_potential"": 4,
    ""technical_feasibility"": 3,
    ""business_viability"": 2
  },
  ""reasoning"": ""While the idea has some novelty and potential for entertainment value, I'm concerned about the market size and monetization strategy. The technical feasibility is promising, but the business viability is uncertain without a clear plan for revenue generation.""
}",6,pass,80,4,3,2,"While the idea has some novelty and potential for entertainment value, I'm concerned about the market size and monetization strategy. The technical feasibility is promising, but the business viability is uncertain without a clear plan for revenue generation.",True
CASE_SYN_006,models/Meta-Llama-3-8B-Instruct,models/Meta-Llama-3-8B-Instruct,vllm,http://localhost:8000/v1,C1,6,3bb65d16,0.0,2026-08-28T17:43:04.039996,1,"{
  ""score"": 6,
  ""verdict"": ""pass"",
  ""confidence"": 80,
  ""rubric_scores"": {
    ""market_potential"": 4,
    ""technical_feasibility"": 3,
    ""business_viability"": 2
  },
  ""reasoning"": ""While the idea has some novelty and potential for entertainment value, I'm concerned about the market size and monetization strategy. The technical feasibility is promising, but the business viability is uncertain without a clear target audience and revenue streams.""
}",6,pass,80,4,3,2,"While the idea has some novelty and potential for entertainment value, I'm concerned about the market size and monetization strategy. The technical feasibility is promising, but the business viability is uncertain without a clear target audience and revenue streams.",True
CASE_SYN_006,models/Meta-Llama-3-8B-Instruct,models/Meta-Llama-3-8B-Instruct,vllm,http://localhost:8000/v1,C1,7,3bb65d16,0.0,2026-08-28T17:43:09.371026,1,"{
  ""score"": 6,
  ""verdict"": ""pass"",
  ""confidence"": 80,
  ""rubric_scores"": {
    ""market_potential"": 4,
    ""technical_feasibility"": 3,
    ""business_viability"": 2
  },
  ""reasoning"": ""While the idea has some novelty and potential for entertainment value, I'm concerned about the market size and monetization strategy. The technical feasibility is promising, but the business viability is uncertain without a clear plan for revenue generation.""
}",6,pass,80,4,3,2,"While the idea has some novelty and potential for entertainment value, I'm concerned about the market size and monetization strategy. The technical feasibility is promising, but the business viability is uncertain without a clear plan for revenue generation.",True
CASE_SYN_006,models/Meta-Llama-3-8B-Instruct,models/Meta-Llama-3-8B-Instruct,vllm,http://localhost:8000/v1,C1,8,3bb65d16,0.0,2026-08-28T17:43:18.982999,1,"{
  ""score"": 6,
  ""verdict"": ""pass"",
  ""confidence"": 80,
  ""rubric_scores"": {
    ""market_potential"": 4,
    ""technical_feasibility"": 3,
    ""business_viability"": 2
  },
  ""reasoning"": ""While the idea has some novelty and potential for entertainment value, I'm concerned about the market size and monetization strategy. The technical feasibility is promising, but the business viability is uncertain without a clear plan for revenue generation.""
}",6,pass,80,4,3,2,"While the idea has some novelty and potential for entertainment value, I'm concerned about the market size and monetization strategy. The technical feasibility is promising, but the business viability is uncertain without a clear plan for revenue generation.",True
CASE_SYN_006,models/Meta-Llama-3-8B-Instruct,models/Meta-Llama-3-8B-Instruct,vllm,http://localhost:8000/v1,C1,9,3bb65d16,0.0,2026-08-28T17:43:23.466599,1,"{
  ""score"": 6,
  ""verdict"": ""pass"",
  ""confidence"": 80,
  ""rubric_scores"": {
    ""market_potential"": 4,
    ""technical_feasibility"": 3,
    ""business_viability"": 2
  },
  ""reasoning"": ""While the idea has some novelty and potential for entertainment value, I'm concerned about the market size and monetization strategy. The technical feasibility is promising, but the business viability is uncertain without a clear plan for revenue generation.""
}",6,pass,80,4,3,2,"While the idea has some novelty and potential for entertainment value, I'm concerned about the market size and monetization strategy. The technical feasibility is promising, but the business viability is uncertain without a clear plan for revenue generation.",True
CASE_SYN_007,models/Meta-Llama-3-8B-Instruct,models/Meta-Llama-3-8B-Instruct,vllm,http://localhost:8000/v1,C1,1,3bb65d16,0.0,2026-08-28T17:43:26.147357,1,"{
  ""score"": 7,
  ""verdict"": ""invest"",
  ""confidence"": 80,
  ""rubric_scores"": {
    ""market_potential"": 4,
    ""technical_feasibility"": 4,
    ""business_viability"": 3
  },
  ""reasoning"": ""While the idea is not revolutionary, it addresses a specific pain point for plant enthusiasts and small-scale farmers, and the technical feasibility seems relatively straightforward. With some refinement, I believe GardenGuard has the potential to become a successful niche product.""
}",7,invest,80,4,4,3,"While the idea is not revolutionary, it addresses a specific pain point for plant enthusiasts and small-scale farmers, and the technical feasibility seems relatively straightforward. With some refinement, I believe GardenGuard has the potential to become a successful niche product.",True
CASE_SYN_006,models/Meta-Llama-3-8B-Instruct,models/Meta-Llama-3-8B-Instruct,vllm,http://localhost:8000/v1,C1,10,3bb65d16,0.0,2026-08-28T17:43:27.946996,1,"{
  ""score"": 6,
  ""verdict"": ""pass"",
  ""confidence"": 80,
  ""rubric_scores"": {
    ""market_potential"": 4,
    ""technical_feasibility"": 3,
    ""business_viability"": 2
  },
  ""reasoning"": ""While the idea has some novelty and potential for entertainment value, I'm concerned about the market size and monetization strategy. The technical feasibility is promising, but the business viability is uncertain without a clear plan for revenue generation.""
}",6,pass,80,4,3,2,"While the idea has some novelty and potential for entertainment value, I'm concerned about the market size and monetization strategy. The technical feasibility is promising, but the business viability is uncertain without a clear plan for revenue generation.",True
CASE_SYN_007,models/Meta-Llama-3-8B-Instruct,models/Meta-Llama-3-8B-Instruct,vllm,http://localhost:8000/v1,C1,2,3bb65d16,0.0,2026-08-28T17:43:27.649020,1,"{
  ""score"": 7,
  ""verdict"": ""invest"",
  ""confidence"": 80,
  ""rubric_scores"": {
    ""market_potential"": 4,
    ""technical_feasibility"": 4,
    ""business_viability"": 3
  },
  ""reasoning"": ""While the idea is not revolutionary, it addresses a specific pain point for plant enthusiasts and small-scale farmers, and the technical feasibility seems relatively straightforward. With some refinement, I believe GardenGuard has the potential to become a successful niche product.""
}",7,invest,80,4,4,3,"While the idea is not revolutionary, it addresses a specific pain point for plant enthusiasts and small-scale farmers, and the technical feasibility seems relatively straightforward. With some refinement, I believe GardenGuard has the potential to become a successful niche product.",True
CASE_SYN_007,models/Meta-Llama-3-8B-Instruct,models/Meta-Llama-3-8B-Instruct,vllm,http://localhost:8000/v1,C1,3,3bb65d16,0.0,2026-08-28T17:43:31.701997,1,"{
  ""score"": 7,
  ""verdict"": ""invest"",
  ""confidence"": 80,
  ""rubric_scores"": {
    ""market_potential"": 4,
    ""technical_feasibility"": 4,
    ""business_viability"": 3
  },
  ""reasoning"": ""While the idea is not revolutionary, it addresses a specific pain point for plant enthusiasts and small-scale farmers, and the technical feasibility seems relatively straightforward. With some refinement, I believe GardenGuard has the potential to become a successful niche product.""
}",7,invest,80,4,4,3,"While the idea is not revolutionary, it addresses a specific pain point for plant enthusiasts and small-scale farmers, and the technical feasibility seems relatively straightforward. With some refinement, I believe GardenGuard has the potential to become a successful niche product.",True
CASE_SYN_007,models/Meta-Llama-3-8B-Instruct,models/Meta-Llama-3-8B-Instruct,vllm,http://localhost:8000/v1,C1,4,3bb65d16,0.0,2026-08-28T17:43:31.902008,1,"{
  ""score"": 7,
  ""verdict"": ""invest"",
  ""confidence"": 80,
  ""rubric_scores"": {
    ""market_potential"": 4,
    ""technical_feasibility"": 4,
    ""business_viability"": 3
  },
  ""reasoning"": ""While the idea is not revolutionary, it addresses a specific pain point for plant enthusiasts and small-scale farmers, and the technical feasibility seems relatively straightforward. With some refinement, I believe GardenGuard has the potential to become a successful niche product.""
}",7,invest,80,4,4,3,"While the idea is not revolutionary, it addresses a specific pain point for plant enthusiasts and small-scale farmers, and the technical feasibility seems relatively straightforward. With some refinement, I believe GardenGuard has the potential to become a successful niche product.",True
CASE_SYN_007,models/Meta-Llama-3-8B-Instruct,models/Meta-Llama-3-8B-Instruct,vllm,http://localhost:8000/v1,C1,5,3bb65d16,0.0,2026-08-28T17:43:44.033256,1,"{
  ""score"": 7,
  ""verdict"": ""invest"",
  ""confidence"": 80,
  ""rubric_scores"": {
    ""market_potential"": 4,
    ""technical_feasibility"": 4,
    ""business_viability"": 3
  },
  ""reasoning"": ""While the idea is not revolutionary, it addresses a specific pain point for plant enthusiasts and small-scale farmers, and the technical feasibility seems relatively straightforward. With some refinement, I believe GardenGuard has the potential to become a successful niche product.""
}",7,invest,80,4,4,3,"While the idea is not revolutionary, it addresses a specific pain point for plant enthusiasts and small-scale farmers, and the technical feasibility seems relatively straightforward. With some refinement, I believe GardenGuard has the potential to become a successful niche product.",True
CASE_SYN_007,models/Meta-Llama-3-8B-Instruct,models/Meta-Llama-3-8B-Instruct,vllm,http://localhost:8000/v1,C1,6,3bb65d16,0.0,2026-08-28T17:43:54.035068,1,"{
  ""score"": 7,
  ""verdict"": ""invest"",
  ""confidence"": 80,
  ""rubric_scores"": {
    ""market_potential"": 4,
    ""technical_feasibility"": 4,
    ""business_viability"": 3
  },
  ""reasoning"": ""While the idea is not revolutionary, it addresses a specific pain point for plant enthusiasts and small-scale farmers, and the technical feasibility seems relatively straightforward. With some refinement, I believe GardenGuard has the potential to become a successful niche product.""
}",7,invest,80,4,4,3,"While the idea is not revolutionary, it addresses a specific pain point for plant enthusiasts and small-scale farmers, and the technical feasibility seems relatively straightforward. With some refinement, I believe GardenGuard has the potential to become a successful niche product.",True
CASE_SYN_007,models/Meta-Llama-3-8B-Instruct,models/Meta-Llama-3-8B-Instruct,vllm,http://localhost:8000/v1,C1,7,3bb65d16,0.0,2026-08-28T17:43:59.358036,1,"{
  ""score"": 7,
  ""verdict"": ""invest"",
  ""confidence"": 80,
  ""rubric_scores"": {
    ""market_potential"": 4,
    ""technical_feasibility"": 4,
    ""business_viability"": 3
  },
  ""reasoning"": ""While the idea is not revolutionary, it addresses a specific pain point for plant enthusiasts and small-scale farmers, and the technical feasibility seems relatively straightforward. With some refinement, I believe GardenGuard has the potential to become a successful niche product.""
}",7,invest,80,4,4,3,"While the idea is not revolutionary, it addresses a specific pain point for plant enthusiasts and small-scale farmers, and the technical feasibility seems relatively straightforward. With some refinement, I believe GardenGuard has the potential to become a successful niche product.",True
CASE_SYN_007,models/Meta-Llama-3-8B-Instruct,models/Meta-Llama-3-8B-Instruct,vllm,http://localhost:8000/v1,C1,8,3bb65d16,0.0,2026-08-28T17:44:08.959034,1,"{
  ""score"": 7,
  ""verdict"": ""invest"",
  ""confidence"": 80,
  ""rubric_scores"": {
    ""market_potential"": 4,
    ""technical_feasibility"": 4,
    ""business_viability"": 3
  },
  ""reasoning"": ""While the idea is not revolutionary, it addresses a specific pain point for plant enthusiasts and small-scale farmers, and the technical feasibility seems relatively straightforward. With some refinement, I believe GardenGuard has the potential to become a successful niche product.""
}",7,invest,80,4,4,3,"While the idea is not revolutionary, it addresses a specific pain point for plant enthusiasts and small-scale farmers, and the technical feasibility seems relatively straightforward. With some refinement, I believe GardenGuard has the potential to become a successful niche product.",True
CASE_SYN_007,models/Meta-Llama-3-8B-Instruct,models/Meta-Llama-3-8B-Instruct,vllm,http://localhost:8000/v1,C1,9,3bb65d16,0.0,2026-08-28T17:44:13.857656,1,"{
  ""score"": 7,
  ""verdict"": ""invest"",
  ""confidence"": 80,
  ""rubric_scores"": {
    ""market_potential"": 4,
    ""technical_feasibility"": 4,
    ""business_viability"": 3
  },
  ""reasoning"": ""While the idea is not revolutionary, it addresses a specific pain point for plant enthusiasts and small-scale farmers, and the technical feasibility seems relatively straightforward. With some refinement, I believe GardenGuard has the potential to become a successful niche product.""
}",7,invest,80,4,4,3,"While the idea is not revolutionary, it addresses a specific pain point for plant enthusiasts and small-scale farmers, and the technical feasibility seems relatively straightforward. With some refinement, I believe GardenGuard has the potential to become a successful niche product.",True
CASE_SYN_008,models/Meta-Llama-3-8B-Instruct,models/Meta-Llama-3-8B-Instruct,vllm,http://localhost:8000/v1,C1,1,3bb65d16,0.0,2026-08-28T17:44:16.520066,1,"{
  ""score"": 7,
  ""verdict"": ""invest"",
  ""confidence"": 80,
  ""rubric_scores"": {
    ""market_potential"": 4,
    ""technical_feasibility"": 3,
    ""business_viability"": 4
  },
  ""reasoning"": ""FitSwap has a clear and unique value proposition, addressing a common pain point in the fitness industry. With a well-designed peer-to-peer marketplace, it has the potential to disrupt the traditional gym class reservation model.""
}",7,invest,80,4,3,4,"FitSwap has a clear and unique value proposition, addressing a common pain point in the fitness industry. With a well-designed peer-to-peer marketplace, it has the potential to disrupt the traditional gym class reservation model.",True
CASE_SYN_008,models/Meta-Llama-3-8B-Instruct,models/Meta-Llama-3-8B-Instruct,vllm,http://localhost:8000/v1,C1,2,3bb65d16,0.0,2026-08-28T17:44:17.569664,1,"{
  ""score"": 7,
  ""verdict"": ""invest"",
  ""confidence"": 80,
  ""rubric_scores"": {
    ""market_potential"": 4,
    ""technical_feasibility"": 3,
    ""business_viability"": 4
  },
  ""reasoning"": ""FitSwap has a clear and unique value proposition, addressing a common pain point in the fitness industry. With a well-designed peer-to-peer marketplace, it has the potential to disrupt the traditional gym class reservation model.""
}",7,invest,80,4,3,4,"FitSwap has a clear and unique value proposition, addressing a common pain point in the fitness industry. With a well-designed peer-to-peer marketplace, it has the potential to disrupt the traditional gym class reservation model.",True
CASE_SYN_007,models/Meta-Llama-3-8B-Instruct,models/Meta-Llama-3-8B-Instruct,vllm,http://localhost:8000/v1,C1,10,3bb65d16,0.0,2026-08-28T17:44:17.894603,1,"{
  ""score"": 7,
  ""verdict"": ""invest"",
  ""confidence"": 80,
  ""rubric_scores"": {
    ""market_potential"": 4,
    ""technical_feasibility"": 4,
    ""business_viability"": 3
  },
  ""reasoning"": ""While the idea is not revolutionary, it addresses a specific pain point for plant enthusiasts and small-scale farmers, and the technical feasibility seems relatively straightforward. With some refinement, I believe GardenGuard has the potential to become a successful niche product.""
}",7,invest,80,4,4,3,"While the idea is not revolutionary, it addresses a specific pain point for plant enthusiasts and small-scale farmers, and the technical feasibility seems relatively straightforward. With some refinement, I believe GardenGuard has the potential to become a successful niche product.",True
CASE_SYN_008,models/Meta-Llama-3-8B-Instruct,models/Meta-Llama-3-8B-Instruct,vllm,http://localhost:8000/v1,C1,3,3bb65d16,0.0,2026-08-28T17:44:22.048638,1,"{
  ""score"": 7,
  ""verdict"": ""invest"",
  ""confidence"": 80,
  ""rubric_scores"": {
    ""market_potential"": 4,
    ""technical_feasibility"": 3,
    ""business_viability"": 4
  },
  ""reasoning"": ""FitSwap has a clear and unique value proposition, addressing a common pain point in the fitness industry. With a well-designed peer-to-peer marketplace, it has the potential to disrupt the traditional gym class reservation model.""
}",7,invest,80,4,3,4,"FitSwap has a clear and unique value proposition, addressing a common pain point in the fitness industry. With a well-designed peer-to-peer marketplace, it has the potential to disrupt the traditional gym class reservation model.",True
CASE_SYN_008,models/Meta-Llama-3-8B-Instruct,models/Meta-Llama-3-8B-Instruct,vllm,http://localhost:8000/v1,C1,4,3bb65d16,0.0,2026-08-28T17:44:22.250112,1,"{
  ""score"": 7,
  ""verdict"": ""invest"",
  ""confidence"": 80,
  ""rubric_scores"": {
    ""market_potential"": 4,
    ""technical_feasibility"": 3,
    ""business_viability"": 4
  },
  ""reasoning"": ""FitSwap has a clear and unique value proposition, addressing a common pain point in the fitness industry. With a well-designed peer-to-peer marketplace, it has the potential to disrupt the traditional gym class reservation model.""
}",7,invest,80,4,3,4,"FitSwap has a clear and unique value proposition, addressing a common pain point in the fitness industry. With a well-designed peer-to-peer marketplace, it has the potential to disrupt the traditional gym class reservation model.",True
CASE_SYN_008,models/Meta-Llama-3-8B-Instruct,models/Meta-Llama-3-8B-Instruct,vllm,http://localhost:8000/v1,C1,5,3bb65d16,0.0,2026-08-28T17:44:34.820310,1,"{
  ""score"": 7,
  ""verdict"": ""invest"",
  ""confidence"": 80,
  ""rubric_scores"": {
    ""market_potential"": 4,
    ""technical_feasibility"": 3,
    ""business_viability"": 4
  },
  ""reasoning"": ""FitSwap has a clear and unique value proposition, addressing a common pain point in the fitness industry. With a well-designed peer-to-peer marketplace, it has the potential to disrupt the traditional gym class reservation model.""
}",7,invest,80,4,3,4,"FitSwap has a clear and unique value proposition, addressing a common pain point in the fitness industry. With a well-designed peer-to-peer marketplace, it has the potential to disrupt the traditional gym class reservation model.",True
CASE_SYN_008,models/Meta-Llama-3-8B-Instruct,models/Meta-Llama-3-8B-Instruct,vllm,http://localhost:8000/v1,C1,6,3bb65d16,0.0,2026-08-28T17:44:44.841020,1,"{
  ""score"": 7,
  ""verdict"": ""invest"",
  ""confidence"": 80,
  ""rubric_scores"": {
    ""market_potential"": 4,
    ""technical_feasibility"": 3,
    ""business_viability"": 4
  },
  ""reasoning"": ""FitSwap has a clear and unique value proposition, addressing a common pain point in the fitness industry. With a well-designed peer-to-peer marketplace, it has the potential to disrupt the traditional gym class reservation model.""
}",7,invest,80,4,3,4,"FitSwap has a clear and unique value proposition, addressing a common pain point in the fitness industry. With a well-designed peer-to-peer marketplace, it has the potential to disrupt the traditional gym class reservation model.",True
CASE_SYN_008,models/Meta-Llama-3-8B-Instruct,models/Meta-Llama-3-8B-Instruct,vllm,http://localhost:8000/v1,C1,7,3bb65d16,0.0,2026-08-28T17:44:50.598121,1,"{
  ""score"": 7,
  ""verdict"": ""invest"",
  ""confidence"": 80,
  ""rubric_scores"": {
    ""market_potential"": 4,
    ""technical_feasibility"": 3,
    ""business_viability"": 4
  },
  ""reasoning"": ""FitSwap has a clear and unique value proposition, addressing a common pain point in the fitness industry. With a well-designed peer-to-peer marketplace, it has the potential to disrupt the traditional gym class reservation model.""
}",7,invest,80,4,3,4,"FitSwap has a clear and unique value proposition, addressing a common pain point in the fitness industry. With a well-designed peer-to-peer marketplace, it has the potential to disrupt the traditional gym class reservation model.",True
CASE_SYN_008,models/Meta-Llama-3-8B-Instruct,models/Meta-Llama-3-8B-Instruct,vllm,http://localhost:8000/v1,C1,8,3bb65d16,0.0,2026-08-28T17:45:00.201989,1,"{
  ""score"": 7,
  ""verdict"": ""invest"",
  ""confidence"": 80,
  ""rubric_scores"": {
    ""market_potential"": 4,
    ""technical_feasibility"": 3,
    ""business_viability"": 4
  },
  ""reasoning"": ""FitSwap has a clear and unique value proposition, addressing a common pain point in the fitness industry. With a well-designed peer-to-peer marketplace, it has the potential to disrupt the traditional gym class reservation model.""
}",7,invest,80,4,3,4,"FitSwap has a clear and unique value proposition, addressing a common pain point in the fitness industry. With a well-designed peer-to-peer marketplace, it has the potential to disrupt the traditional gym class reservation model.",True
CASE_SYN_008,models/Meta-Llama-3-8B-Instruct,models/Meta-Llama-3-8B-Instruct,vllm,http://localhost:8000/v1,C1,9,3bb65d16,0.0,2026-08-28T17:45:05.530335,1,"{
  ""score"": 7,
  ""verdict"": ""invest"",
  ""confidence"": 80,
  ""rubric_scores"": {
    ""market_potential"": 4,
    ""technical_feasibility"": 3,
    ""business_viability"": 4
  },
  ""reasoning"": ""FitSwap has a clear and unique value proposition, addressing a common pain point in the fitness industry. With a well-designed peer-to-peer marketplace, it has the potential to disrupt the traditional gym class reservation model.""
}",7,invest,80,4,3,4,"FitSwap has a clear and unique value proposition, addressing a common pain point in the fitness industry. With a well-designed peer-to-peer marketplace, it has the potential to disrupt the traditional gym class reservation model.",True
CASE_SYN_008,models/Meta-Llama-3-8B-Instruct,models/Meta-Llama-3-8B-Instruct,vllm,http://localhost:8000/v1,C1,10,3bb65d16,0.0,2026-08-28T17:45:06.163893,1,"{
  ""score"": 7,
  ""verdict"": ""invest"",
  ""confidence"": 80,
  ""rubric_scores"": {
    ""market_potential"": 4,
    ""technical_feasibility"": 3,
    ""business_viability"": 4
  },
  ""reasoning"": ""FitSwap has a clear and unique value proposition, addressing a common pain point in the fitness industry. With a well-designed peer-to-peer marketplace, it has the potential to disrupt the traditional gym class reservation model.""
}",7,invest,80,4,3,4,"FitSwap has a clear and unique value proposition, addressing a common pain point in the fitness industry. With a well-designed peer-to-peer marketplace, it has the potential to disrupt the traditional gym class reservation model.",True
CASE_SYN_009,models/Meta-Llama-3-8B-Instruct,models/Meta-Llama-3-8B-Instruct,vllm,http://localhost:8000/v1,C1,1,3bb65d16,0.0,2026-08-28T17:45:05.207169,1,"{
  ""score"": 8,
  ""verdict"": ""invest"",
  ""confidence"": 80,
  ""rubric_scores"": {
    ""market_potential"": 4,
    ""technical_feasibility"": 4,
    ""business_viability"": 3
  },
  ""reasoning"": ""ModuDesk has a strong potential to disrupt the traditional office furniture market, with a unique modular design that can adapt to various workspace needs. While there are some technical and business viability concerns, I believe the team can overcome them with the right execution.""
}",8,invest,80,4,4,3,"ModuDesk has a strong potential to disrupt the traditional office furniture market, with a unique modular design that can adapt to various workspace needs. While there are some technical and business viability concerns, I believe the team can overcome them with the right execution.",True
CASE_SYN_009,models/Meta-Llama-3-8B-Instruct,models/Meta-Llama-3-8B-Instruct,vllm,http://localhost:8000/v1,C1,2,3bb65d16,0.0,2026-08-28T17:45:07.983030,1,"{
  ""score"": 8,
  ""verdict"": ""invest"",
  ""confidence"": 80,
  ""rubric_scores"": {
    ""market_potential"": 4,
    ""technical_feasibility"": 4,
    ""business_viability"": 3
  },
  ""reasoning"": ""ModuDesk has a strong potential to disrupt the traditional office furniture market, with a unique modular design that can adapt to various workspace needs. While there are some technical and business viability concerns, I believe the team can overcome them with the right execution.""
}",8,invest,80,4,4,3,"ModuDesk has a strong potential to disrupt the traditional office furniture market, with a unique modular design that can adapt to various workspace needs. While there are some technical and business viability concerns, I believe the team can overcome them with the right execution.",True
CASE_SYN_009,models/Meta-Llama-3-8B-Instruct,models/Meta-Llama-3-8B-Instruct,vllm,http://localhost:8000/v1,C1,3,3bb65d16,0.0,2026-08-28T17:45:10.323891,1,"{
  ""score"": 8,
  ""verdict"": ""invest"",
  ""confidence"": 80,
  ""rubric_scores"": {
    ""market_potential"": 4,
    ""technical_feasibility"": 4,
    ""business_viability"": 3
  },
  ""reasoning"": ""ModuDesk has a strong potential to disrupt the traditional office furniture market, with a unique modular design that can adapt to various workspace needs. While there are some technical and business viability concerns, I believe the team can overcome them with the right execution.""
}",8,invest,80,4,4,3,"ModuDesk has a strong potential to disrupt the traditional office furniture market, with a unique modular design that can adapt to various workspace needs. While there are some technical and business viability concerns, I believe the team can overcome them with the right execution.",True
CASE_SYN_009,models/Meta-Llama-3-8B-Instruct,models/Meta-Llama-3-8B-Instruct,vllm,http://localhost:8000/v1,C1,4,3bb65d16,0.0,2026-08-28T17:45:10.523940,1,"{
  ""score"": 8,
  ""verdict"": ""invest"",
  ""confidence"": 80,
  ""rubric_scores"": {
    ""market_potential"": 4,
    ""technical_feasibility"": 4,
    ""business_viability"": 3
  },
  ""reasoning"": ""ModuDesk has a strong potential to disrupt the traditional office furniture market, with a unique modular design that can adapt to various workspace needs. While there are some technical and business viability concerns, I believe the team can overcome them with the right execution.""
}",8,invest,80,4,4,3,"ModuDesk has a strong potential to disrupt the traditional office furniture market, with a unique modular design that can adapt to various workspace needs. While there are some technical and business viability concerns, I believe the team can overcome them with the right execution.",True
CASE_SYN_009,models/Meta-Llama-3-8B-Instruct,models/Meta-Llama-3-8B-Instruct,vllm,http://localhost:8000/v1,C1,5,3bb65d16,0.0,2026-08-28T17:45:23.531014,1,"{
  ""score"": 8,
  ""verdict"": ""invest"",
  ""confidence"": 80,
  ""rubric_scores"": {
    ""market_potential"": 4,
    ""technical_feasibility"": 4,
    ""business_viability"": 3
  },
  ""reasoning"": ""ModuDesk has a strong potential to disrupt the traditional office furniture market, with a unique modular design that can adapt to various workspace needs. While there are some technical and business viability concerns, I believe the team can overcome them with the right execution.""
}",8,invest,80,4,4,3,"ModuDesk has a strong potential to disrupt the traditional office furniture market, with a unique modular design that can adapt to various workspace needs. While there are some technical and business viability concerns, I believe the team can overcome them with the right execution.",True
CASE_SYN_009,models/Meta-Llama-3-8B-Instruct,models/Meta-Llama-3-8B-Instruct,vllm,http://localhost:8000/v1,C1,6,3bb65d16,0.0,2026-08-28T17:45:33.560316,1,"{
  ""score"": 8,
  ""verdict"": ""invest"",
  ""confidence"": 80,
  ""rubric_scores"": {
    ""market_potential"": 4,
    ""technical_feasibility"": 4,
    ""business_viability"": 3
  },
  ""reasoning"": ""ModuDesk has a strong potential to disrupt the traditional office furniture market, with a unique modular design that can adapt to various workspace needs. While there are some technical and business viability concerns, I believe the team can overcome them with the right execution.""
}",8,invest,80,4,4,3,"ModuDesk has a strong potential to disrupt the traditional office furniture market, with a unique modular design that can adapt to various workspace needs. While there are some technical and business viability concerns, I believe the team can overcome them with the right execution.",True
CASE_SYN_009,models/Meta-Llama-3-8B-Instruct,models/Meta-Llama-3-8B-Instruct,vllm,http://localhost:8000/v1,C1,7,3bb65d16,0.0,2026-08-28T17:45:39.753371,1,"{
  ""score"": 8,
  ""verdict"": ""invest"",
  ""confidence"": 80,
  ""rubric_scores"": {
    ""market_potential"": 4,
    ""technical_feasibility"": 4,
    ""business_viability"": 3
  },
  ""reasoning"": ""ModuDesk has a strong potential to disrupt the traditional office furniture market, with a unique modular design that can adapt to various workspace needs. While there are some technical and business viability concerns, I believe the team can overcome them with the right execution.""
}",8,invest,80,4,4,3,"ModuDesk has a strong potential to disrupt the traditional office furniture market, with a unique modular design that can adapt to various workspace needs. While there are some technical and business viability concerns, I believe the team can overcome them with the right execution.",True
CASE_SYN_009,models/Meta-Llama-3-8B-Instruct,models/Meta-Llama-3-8B-Instruct,vllm,http://localhost:8000/v1,C1,8,3bb65d16,0.0,2026-08-28T17:45:49.370402,1,"{
  ""score"": 8,
  ""verdict"": ""invest"",
  ""confidence"": 80,
  ""rubric_scores"": {
    ""market_potential"": 4,
    ""technical_feasibility"": 4,
    ""business_viability"": 3
  },
  ""reasoning"": ""ModuDesk has a strong potential to disrupt the traditional office furniture market, with a unique modular design that can adapt to various workspace needs. While there are some technical and business viability concerns, I believe the team can overcome them with the right execution.""
}",8,invest,80,4,4,3,"ModuDesk has a strong potential to disrupt the traditional office furniture market, with a unique modular design that can adapt to various workspace needs. While there are some technical and business viability concerns, I believe the team can overcome them with the right execution.",True
CASE_SYN_009,models/Meta-Llama-3-8B-Instruct,models/Meta-Llama-3-8B-Instruct,vllm,http://localhost:8000/v1,C1,9,3bb65d16,0.0,2026-08-28T17:45:55.131985,1,"{
  ""score"": 8,
  ""verdict"": ""invest"",
  ""confidence"": 80,
  ""rubric_scores"": {
    ""market_potential"": 4,
    ""technical_feasibility"": 4,
    ""business_viability"": 3
  },
  ""reasoning"": ""ModuDesk has a strong potential to disrupt the traditional office furniture market, with a unique modular design that can adapt to various workspace needs. While there are some technical and business viability concerns, I believe the team can overcome them with the right execution.""
}",8,invest,80,4,4,3,"ModuDesk has a strong potential to disrupt the traditional office furniture market, with a unique modular design that can adapt to various workspace needs. While there are some technical and business viability concerns, I believe the team can overcome them with the right execution.",True
CASE_SYN_009,models/Meta-Llama-3-8B-Instruct,models/Meta-Llama-3-8B-Instruct,vllm,http://localhost:8000/v1,C1,10,3bb65d16,0.0,2026-08-28T17:45:55.759020,1,"{
  ""score"": 8,
  ""verdict"": ""invest"",
  ""confidence"": 80,
  ""rubric_scores"": {
    ""market_potential"": 4,
    ""technical_feasibility"": 4,
    ""business_viability"": 3
  },
  ""reasoning"": ""ModuDesk has a strong potential to disrupt the traditional office furniture market, with a unique modular design that can adapt to various workspace needs. While there are some technical and business viability concerns, I believe the team can overcome them with the right execution.""
}",8,invest,80,4,4,3,"ModuDesk has a strong potential to disrupt the traditional office furniture market, with a unique modular design that can adapt to various workspace needs. While there are some technical and business viability concerns, I believe the team can overcome them with the right execution.",True
CASE_SYN_010,models/Meta-Llama-3-8B-Instruct,models/Meta-Llama-3-8B-Instruct,vllm,http://localhost:8000/v1,C1,1,3bb65d16,0.0,2026-08-28T17:45:56.507671,1,"{
  ""score"": 8,
  ""verdict"": ""invest"",
  ""confidence"": 80,
  ""rubric_scores"": {
    ""market_potential"": 4,
    ""technical_feasibility"": 5,
    ""business_viability"": 3
  },
  ""reasoning"": ""The idea has strong market potential, as sleep technology is gaining traction, and the unique radar-based sleep tracking and ambient light simulation features could differentiate the product. However, the business viability score is lower due to the need for further market research and competitive analysis.""
}",8,invest,80,4,5,3,"The idea has strong market potential, as sleep technology is gaining traction, and the unique radar-based sleep tracking and ambient light simulation features could differentiate the product. However, the business viability score is lower due to the need for further market research and competitive analysis.",True
CASE_SYN_010,models/Meta-Llama-3-8B-Instruct,models/Meta-Llama-3-8B-Instruct,vllm,http://localhost:8000/v1,C1,2,3bb65d16,0.0,2026-08-28T17:45:59.305010,1,"{
  ""score"": 8,
  ""verdict"": ""invest"",
  ""confidence"": 80,
  ""rubric_scores"": {
    ""market_potential"": 4,
    ""technical_feasibility"": 5,
    ""business_viability"": 3
  },
  ""reasoning"": ""The idea has strong market potential, as sleep technology is gaining traction, and the unique radar-based sleep tracking and ambient light simulation features could differentiate the product. However, the business viability score is lower due to the need for further market research and competitive analysis.""
}",8,invest,80,4,5,3,"The idea has strong market potential, as sleep technology is gaining traction, and the unique radar-based sleep tracking and ambient light simulation features could differentiate the product. However, the business viability score is lower due to the need for further market research and competitive analysis.",True
CASE_SYN_010,models/Meta-Llama-3-8B-Instruct,models/Meta-Llama-3-8B-Instruct,vllm,http://localhost:8000/v1,C1,3,3bb65d16,0.0,2026-08-28T17:46:02.080100,1,"{
  ""score"": 8,
  ""verdict"": ""invest"",
  ""confidence"": 80,
  ""rubric_scores"": {
    ""market_potential"": 4,
    ""technical_feasibility"": 5,
    ""business_viability"": 3
  },
  ""reasoning"": ""The idea has strong market potential, as sleep technology is increasingly popular and the unique features of SleepScore Alarm could differentiate it from existing products. While there are some technical and business viability concerns, I believe the potential rewards outweigh the risks.""
}",8,invest,80,4,5,3,"The idea has strong market potential, as sleep technology is increasingly popular and the unique features of SleepScore Alarm could differentiate it from existing products. While there are some technical and business viability concerns, I believe the potential rewards outweigh the risks.",True
CASE_SYN_010,models/Meta-Llama-3-8B-Instruct,models/Meta-Llama-3-8B-Instruct,vllm,http://localhost:8000/v1,C1,4,3bb65d16,0.0,2026-08-28T17:46:02.282583,1,"{
  ""score"": 8,
  ""verdict"": ""invest"",
  ""confidence"": 80,
  ""rubric_scores"": {
    ""market_potential"": 4,
    ""technical_feasibility"": 5,
    ""business_viability"": 3
  },
  ""reasoning"": ""The idea has strong market potential, as sleep technology is increasingly popular and the unique features of SleepScore Alarm could differentiate it from existing products. While there are some technical and business viability concerns, I believe the potential rewards outweigh the risks.""
}",8,invest,80,4,5,3,"The idea has strong market potential, as sleep technology is increasingly popular and the unique features of SleepScore Alarm could differentiate it from existing products. While there are some technical and business viability concerns, I believe the potential rewards outweigh the risks.",True
CASE_SYN_010,models/Meta-Llama-3-8B-Instruct,models/Meta-Llama-3-8B-Instruct,vllm,http://localhost:8000/v1,C1,5,3bb65d16,0.0,2026-08-28T17:46:15.731997,1,"{
  ""score"": 8,
  ""verdict"": ""invest"",
  ""confidence"": 80,
  ""rubric_scores"": {
    ""market_potential"": 4,
    ""technical_feasibility"": 5,
    ""business_viability"": 3
  },
  ""reasoning"": ""The idea has strong market potential, as sleep technology is gaining traction, and the unique radar-based sleep tracking and ambient light simulation features could differentiate the product. However, the business viability score is lower due to the need for further market research and competitive analysis.""
}",8,invest,80,4,5,3,"The idea has strong market potential, as sleep technology is gaining traction, and the unique radar-based sleep tracking and ambient light simulation features could differentiate the product. However, the business viability score is lower due to the need for further market research and competitive analysis.",True
CASE_SYN_010,models/Meta-Llama-3-8B-Instruct,models/Meta-Llama-3-8B-Instruct,vllm,http://localhost:8000/v1,C1,6,3bb65d16,0.0,2026-08-28T17:46:25.791019,1,"{
  ""score"": 8,
  ""verdict"": ""invest"",
  ""confidence"": 80,
  ""rubric_scores"": {
    ""market_potential"": 4,
    ""technical_feasibility"": 5,
    ""business_viability"": 3
  },
  ""reasoning"": ""The idea has strong market potential, as sleep technology is gaining traction, and the unique radar-based sleep tracking and ambient light simulation features could differentiate the product. However, the business viability score is lower due to the need for further market research and competitive analysis.""
}",8,invest,80,4,5,3,"The idea has strong market potential, as sleep technology is gaining traction, and the unique radar-based sleep tracking and ambient light simulation features could differentiate the product. However, the business viability score is lower due to the need for further market research and competitive analysis.",True
CASE_SYN_010,models/Meta-Llama-3-8B-Instruct,models/Meta-Llama-3-8B-Instruct,vllm,http://localhost:8000/v1,C1,7,3bb65d16,0.0,2026-08-28T17:46:32.404552,1,"{
  ""score"": 8,
  ""verdict"": ""invest"",
  ""confidence"": 80,
  ""rubric_scores"": {
    ""market_potential"": 4,
    ""technical_feasibility"": 5,
    ""business_viability"": 3
  },
  ""reasoning"": ""The idea has strong market potential, as sleep technology is gaining traction, and the unique radar-based sleep tracking and ambient light simulation features could differentiate the product. However, the business viability score is lower due to the need for further market research and competitive analysis.""
}",8,invest,80,4,5,3,"The idea has strong market potential, as sleep technology is gaining traction, and the unique radar-based sleep tracking and ambient light simulation features could differentiate the product. However, the business viability score is lower due to the need for further market research and competitive analysis.",True
CASE_SYN_010,models/Meta-Llama-3-8B-Instruct,models/Meta-Llama-3-8B-Instruct,vllm,http://localhost:8000/v1,C1,8,3bb65d16,0.0,2026-08-28T17:46:42.019518,1,"{
  ""score"": 8,
  ""verdict"": ""invest"",
  ""confidence"": 80,
  ""rubric_scores"": {
    ""market_potential"": 4,
    ""technical_feasibility"": 5,
    ""business_viability"": 3
  },
  ""reasoning"": ""The idea has strong market potential, as sleep technology is gaining traction, and the unique radar-based sleep tracking and ambient light simulation features could differentiate the product. However, the business viability score is lower due to the need for further market research and competitive analysis.""
}",8,invest,80,4,5,3,"The idea has strong market potential, as sleep technology is gaining traction, and the unique radar-based sleep tracking and ambient light simulation features could differentiate the product. However, the business viability score is lower due to the need for further market research and competitive analysis.",True
CASE_SYN_011,models/Meta-Llama-3-8B-Instruct,models/Meta-Llama-3-8B-Instruct,vllm,http://localhost:8000/v1,C1,1,3bb65d16,0.0,2026-08-28T17:46:48.326913,1,"{
  ""score"": 8,
  ""verdict"": ""invest"",
  ""confidence"": 80,
  ""rubric_scores"": {
    ""market_potential"": 4,
    ""technical_feasibility"": 5,
    ""business_viability"": 3
  },
  ""reasoning"": ""CodeCanvas has the potential to disrupt the way kids learn programming, and its unique value proposition of bridging the gap between block-based and text-based coding is compelling. With the right execution, it can become a leading platform in the ed-tech space.""
}",8,invest,80,4,5,3,"CodeCanvas has the potential to disrupt the way kids learn programming, and its unique value proposition of bridging the gap between block-based and text-based coding is compelling. With the right execution, it can become a leading platform in the ed-tech space.",True
CASE_SYN_010,models/Meta-Llama-3-8B-Instruct,models/Meta-Llama-3-8B-Instruct,vllm,http://localhost:8000/v1,C1,9,3bb65d16,0.0,2026-08-28T17:46:48.223988,1,"{
  ""score"": 8,
  ""verdict"": ""invest"",
  ""confidence"": 80,
  ""rubric_scores"": {
    ""market_potential"": 4,
    ""technical_feasibility"": 5,
    ""business_viability"": 3
  },
  ""reasoning"": ""The idea has strong market potential, as sleep technology is gaining traction, and the unique radar-based sleep tracking and ambient light simulation features could differentiate the product. However, the business viability score is lower due to the need for further market research and competitive analysis.""
}",8,invest,80,4,5,3,"The idea has strong market potential, as sleep technology is gaining traction, and the unique radar-based sleep tracking and ambient light simulation features could differentiate the product. However, the business viability score is lower due to the need for further market research and competitive analysis.",True
CASE_SYN_010,models/Meta-Llama-3-8B-Instruct,models/Meta-Llama-3-8B-Instruct,vllm,http://localhost:8000/v1,C1,10,3bb65d16,0.0,2026-08-28T17:46:48.855030,1,"{
  ""score"": 8,
  ""verdict"": ""invest"",
  ""confidence"": 80,
  ""rubric_scores"": {
    ""market_potential"": 4,
    ""technical_feasibility"": 5,
    ""business_viability"": 3
  },
  ""reasoning"": ""The idea has strong market potential, as sleep technology is gaining traction, and the unique radar-based sleep tracking and ambient light simulation features could differentiate the product. However, the business viability score is lower due to the need for further market research and competitive analysis.""
}",8,invest,80,4,5,3,"The idea has strong market potential, as sleep technology is gaining traction, and the unique radar-based sleep tracking and ambient light simulation features could differentiate the product. However, the business viability score is lower due to the need for further market research and competitive analysis.",True
CASE_SYN_011,models/Meta-Llama-3-8B-Instruct,models/Meta-Llama-3-8B-Instruct,vllm,http://localhost:8000/v1,C1,2,3bb65d16,0.0,2026-08-28T17:46:51.127448,1,"{
  ""score"": 8,
  ""verdict"": ""invest"",
  ""confidence"": 80,
  ""rubric_scores"": {
    ""market_potential"": 4,
    ""technical_feasibility"": 5,
    ""business_viability"": 3
  },
  ""reasoning"": ""CodeCanvas has the potential to disrupt the way kids learn programming, and its unique value proposition of bridging the gap between block-based and text-based coding is compelling. With the right execution, it can become a leading platform in the ed-tech space.""
}",8,invest,80,4,5,3,"CodeCanvas has the potential to disrupt the way kids learn programming, and its unique value proposition of bridging the gap between block-based and text-based coding is compelling. With the right execution, it can become a leading platform in the ed-tech space.",True
CASE_SYN_011,models/Meta-Llama-3-8B-Instruct,models/Meta-Llama-3-8B-Instruct,vllm,http://localhost:8000/v1,C1,3,3bb65d16,0.0,2026-08-28T17:46:52.611012,1,"{
  ""score"": 8,
  ""verdict"": ""invest"",
  ""confidence"": 80,
  ""rubric_scores"": {
    ""market_potential"": 4,
    ""technical_feasibility"": 5,
    ""business_viability"": 3
  },
  ""reasoning"": ""CodeCanvas has the potential to disrupt the way kids learn programming, and its unique value proposition of bridging the gap between block-based and text-based coding is compelling. With the right execution, it can become a leading platform in the edtech space.""
}",8,invest,80,4,5,3,"CodeCanvas has the potential to disrupt the way kids learn programming, and its unique value proposition of bridging the gap between block-based and text-based coding is compelling. With the right execution, it can become a leading platform in the edtech space.",True
CASE_SYN_011,models/Meta-Llama-3-8B-Instruct,models/Meta-Llama-3-8B-Instruct,vllm,http://localhost:8000/v1,C1,4,3bb65d16,0.0,2026-08-28T17:46:52.810892,1,"{
  ""score"": 8,
  ""verdict"": ""invest"",
  ""confidence"": 80,
  ""rubric_scores"": {
    ""market_potential"": 4,
    ""technical_feasibility"": 5,
    ""business_viability"": 3
  },
  ""reasoning"": ""CodeCanvas has the potential to disrupt the way kids learn programming, and its unique value proposition of bridging the gap between block-based and text-based coding is compelling. With the right execution, it can become a leading platform in the edtech space.""
}",8,invest,80,4,5,3,"CodeCanvas has the potential to disrupt the way kids learn programming, and its unique value proposition of bridging the gap between block-based and text-based coding is compelling. With the right execution, it can become a leading platform in the edtech space.",True
CASE_SYN_011,models/Meta-Llama-3-8B-Instruct,models/Meta-Llama-3-8B-Instruct,vllm,http://localhost:8000/v1,C1,5,3bb65d16,0.0,2026-08-28T17:47:08.374273,1,"{
  ""score"": 8,
  ""verdict"": ""invest"",
  ""confidence"": 80,
  ""rubric_scores"": {
    ""market_potential"": 4,
    ""technical_feasibility"": 5,
    ""business_viability"": 3
  },
  ""reasoning"": ""CodeCanvas has the potential to disrupt the way kids learn programming, and its unique value proposition of bridging the gap between block-based and text-based coding is compelling. With the right execution, it can become a leading platform in the edtech space.""
}",8,invest,80,4,5,3,"CodeCanvas has the potential to disrupt the way kids learn programming, and its unique value proposition of bridging the gap between block-based and text-based coding is compelling. With the right execution, it can become a leading platform in the edtech space.",True
CASE_SYN_011,models/Meta-Llama-3-8B-Instruct,models/Meta-Llama-3-8B-Instruct,vllm,http://localhost:8000/v1,C1,6,3bb65d16,0.0,2026-08-28T17:47:18.415138,1,"{
  ""score"": 8,
  ""verdict"": ""invest"",
  ""confidence"": 80,
  ""rubric_scores"": {
    ""market_potential"": 4,
    ""technical_feasibility"": 4,
    ""business_viability"": 3
  },
  ""reasoning"": ""CodeCanvas has the potential to disrupt the way kids learn programming, and its unique value proposition of bridging the gap between block-based and text-based coding is compelling. With the right execution, it can become a leading platform in the ed-tech space.""
}",8,invest,80,4,4,3,"CodeCanvas has the potential to disrupt the way kids learn programming, and its unique value proposition of bridging the gap between block-based and text-based coding is compelling. With the right execution, it can become a leading platform in the ed-tech space.",True
CASE_SYN_011,models/Meta-Llama-3-8B-Instruct,models/Meta-Llama-3-8B-Instruct,vllm,http://localhost:8000/v1,C1,7,3bb65d16,0.0,2026-08-28T17:47:25.466018,1,"{
  ""score"": 8,
  ""verdict"": ""invest"",
  ""confidence"": 80,
  ""rubric_scores"": {
    ""market_potential"": 4,
    ""technical_feasibility"": 5,
    ""business_viability"": 3
  },
  ""reasoning"": ""CodeCanvas has the potential to disrupt the way kids learn programming, and its unique value proposition of bridging the gap between block-based and text-based coding is compelling. With the right execution, it can become a leading platform in the ed-tech space.""
}",8,invest,80,4,5,3,"CodeCanvas has the potential to disrupt the way kids learn programming, and its unique value proposition of bridging the gap between block-based and text-based coding is compelling. With the right execution, it can become a leading platform in the ed-tech space.",True
CASE_SYN_011,models/Meta-Llama-3-8B-Instruct,models/Meta-Llama-3-8B-Instruct,vllm,http://localhost:8000/v1,C1,8,3bb65d16,0.0,2026-08-28T17:47:35.073014,1,"{
  ""score"": 8,
  ""verdict"": ""invest"",
  ""confidence"": 80,
  ""rubric_scores"": {
    ""market_potential"": 4,
    ""technical_feasibility"": 5,
    ""business_viability"": 3
  },
  ""reasoning"": ""CodeCanvas has the potential to disrupt the way kids learn programming, and its unique value proposition of bridging the gap between block-based and text-based coding is compelling. With the right execution, it can become a leading platform in the ed-tech space.""
}",8,invest,80,4,5,3,"CodeCanvas has the potential to disrupt the way kids learn programming, and its unique value proposition of bridging the gap between block-based and text-based coding is compelling. With the right execution, it can become a leading platform in the ed-tech space.",True
CASE_SYN_012,models/Meta-Llama-3-8B-Instruct,models/Meta-Llama-3-8B-Instruct,vllm,http://localhost:8000/v1,C1,1,3bb65d16,0.0,2026-08-28T17:47:40.517990,1,"{
  ""score"": 8,
  ""verdict"": ""invest"",
  ""confidence"": 80,
  ""rubric_scores"": {
    ""market_potential"": 4,
    ""technical_feasibility"": 4,
    ""business_viability"": 3
  },
  ""reasoning"": ""LocalLoop has a unique value proposition that addresses a specific pain point in local communities, and its technical feasibility seems reasonable. However, its business viability is uncertain, and further market research is needed to validate its potential.""
}",8,invest,80,4,4,3,"LocalLoop has a unique value proposition that addresses a specific pain point in local communities, and its technical feasibility seems reasonable. However, its business viability is uncertain, and further market research is needed to validate its potential.",True
CASE_SYN_012,models/Meta-Llama-3-8B-Instruct,models/Meta-Llama-3-8B-Instruct,vllm,http://localhost:8000/v1,C1,2,3bb65d16,0.0,2026-08-28T17:47:42.436110,1,"{
  ""score"": 8,
  ""verdict"": ""invest"",
  ""confidence"": 80,
  ""rubric_scores"": {
    ""market_potential"": 4,
    ""technical_feasibility"": 4,
    ""business_viability"": 3
  },
  ""reasoning"": ""LocalLoop has a unique value proposition that addresses a specific pain point in local communities, and its technical feasibility seems reasonable. However, its business viability is uncertain, and further market research is needed to validate its potential.""
}",8,invest,80,4,4,3,"LocalLoop has a unique value proposition that addresses a specific pain point in local communities, and its technical feasibility seems reasonable. However, its business viability is uncertain, and further market research is needed to validate its potential.",True
CASE_SYN_012,models/Meta-Llama-3-8B-Instruct,models/Meta-Llama-3-8B-Instruct,vllm,http://localhost:8000/v1,C1,3,3bb65d16,0.0,2026-08-28T17:47:44.353684,1,"{
  ""score"": 8,
  ""verdict"": ""invest"",
  ""confidence"": 80,
  ""rubric_scores"": {
    ""market_potential"": 4,
    ""technical_feasibility"": 4,
    ""business_viability"": 3
  },
  ""reasoning"": ""LocalLoop has a unique value proposition that addresses a specific pain point in local communities, and its technical feasibility seems reasonable. However, its business viability is uncertain, and further market research is needed to validate its potential.""
}",8,invest,80,4,4,3,"LocalLoop has a unique value proposition that addresses a specific pain point in local communities, and its technical feasibility seems reasonable. However, its business viability is uncertain, and further market research is needed to validate its potential.",True
CASE_SYN_011,models/Meta-Llama-3-8B-Instruct,models/Meta-Llama-3-8B-Instruct,vllm,http://localhost:8000/v1,C1,9,3bb65d16,0.0,2026-08-28T17:47:41.268991,1,"{
  ""score"": 8,
  ""verdict"": ""invest"",
  ""confidence"": 80,
  ""rubric_scores"": {
    ""market_potential"": 4,
    ""technical_feasibility"": 5,
    ""business_viability"": 3
  },
  ""reasoning"": ""CodeCanvas has the potential to disrupt the way kids learn programming, and its unique value proposition of bridging the gap between block-based and text-based coding is compelling. With the right execution, it can become a leading platform in the ed-tech space.""
}",8,invest,80,4,5,3,"CodeCanvas has the potential to disrupt the way kids learn programming, and its unique value proposition of bridging the gap between block-based and text-based coding is compelling. With the right execution, it can become a leading platform in the ed-tech space.",True
CASE_SYN_012,models/Meta-Llama-3-8B-Instruct,models/Meta-Llama-3-8B-Instruct,vllm,http://localhost:8000/v1,C1,4,3bb65d16,0.0,2026-08-28T17:47:44.556018,1,"{
  ""score"": 8,
  ""verdict"": ""invest"",
  ""confidence"": 80,
  ""rubric_scores"": {
    ""market_potential"": 4,
    ""technical_feasibility"": 4,
    ""business_viability"": 3
  },
  ""reasoning"": ""LocalLoop has a unique value proposition that addresses a specific pain point in local communities, and its technical feasibility seems reasonable. However, its business viability is uncertain, and further market research is needed to validate its potential.""
}",8,invest,80,4,4,3,"LocalLoop has a unique value proposition that addresses a specific pain point in local communities, and its technical feasibility seems reasonable. However, its business viability is uncertain, and further market research is needed to validate its potential.",True
CASE_SYN_011,models/Meta-Llama-3-8B-Instruct,models/Meta-Llama-3-8B-Instruct,vllm,http://localhost:8000/v1,C1,10,3bb65d16,0.0,2026-08-28T17:47:41.891016,1,"{
  ""score"": 8,
  ""verdict"": ""invest"",
  ""confidence"": 80,
  ""rubric_scores"": {
    ""market_potential"": 4,
    ""technical_feasibility"": 5,
    ""business_viability"": 3
  },
  ""reasoning"": ""CodeCanvas has the potential to disrupt the way kids learn programming, and its unique value proposition of bridging the gap between block-based and text-based coding is compelling. With the right execution, it can become a leading platform in the ed-tech space.""
}",8,invest,80,4,5,3,"CodeCanvas has the potential to disrupt the way kids learn programming, and its unique value proposition of bridging the gap between block-based and text-based coding is compelling. With the right execution, it can become a leading platform in the ed-tech space.",True
CASE_SYN_012,models/Meta-Llama-3-8B-Instruct,models/Meta-Llama-3-8B-Instruct,vllm,http://localhost:8000/v1,C1,5,3bb65d16,0.0,2026-08-28T17:48:00.547531,1,"{
  ""score"": 8,
  ""verdict"": ""invest"",
  ""confidence"": 80,
  ""rubric_scores"": {
    ""market_potential"": 4,
    ""technical_feasibility"": 4,
    ""business_viability"": 3
  },
  ""reasoning"": ""LocalLoop has a unique value proposition that addresses a specific pain point in local communities, and its technical feasibility seems reasonable. However, its business viability is uncertain, and further market research is needed to validate its potential.""
}",8,invest,80,4,4,3,"LocalLoop has a unique value proposition that addresses a specific pain point in local communities, and its technical feasibility seems reasonable. However, its business viability is uncertain, and further market research is needed to validate its potential.",True
CASE_SYN_012,models/Meta-Llama-3-8B-Instruct,models/Meta-Llama-3-8B-Instruct,vllm,http://localhost:8000/v1,C1,6,3bb65d16,0.0,2026-08-28T17:48:10.593115,1,"{
  ""score"": 8,
  ""verdict"": ""invest"",
  ""confidence"": 80,
  ""rubric_scores"": {
    ""market_potential"": 4,
    ""technical_feasibility"": 4,
    ""business_viability"": 3
  },
  ""reasoning"": ""LocalLoop has a unique value proposition that addresses a specific pain point in local communities, and its technical feasibility seems reasonable. However, its business viability is uncertain, and further market research is needed to validate its potential.""
}",8,invest,80,4,4,3,"LocalLoop has a unique value proposition that addresses a specific pain point in local communities, and its technical feasibility seems reasonable. However, its business viability is uncertain, and further market research is needed to validate its potential.",True
CASE_SYN_012,models/Meta-Llama-3-8B-Instruct,models/Meta-Llama-3-8B-Instruct,vllm,http://localhost:8000/v1,C1,7,3bb65d16,0.0,2026-08-28T17:48:18.086030,1,"{
  ""score"": 8,
  ""verdict"": ""invest"",
  ""confidence"": 80,
  ""rubric_scores"": {
    ""market_potential"": 4,
    ""technical_feasibility"": 4,
    ""business_viability"": 3
  },
  ""reasoning"": ""LocalLoop has a unique value proposition that addresses a specific pain point in local communities, and its technical feasibility seems reasonable. However, its business viability is uncertain, and further market research is needed to validate its potential.""
}",8,invest,80,4,4,3,"LocalLoop has a unique value proposition that addresses a specific pain point in local communities, and its technical feasibility seems reasonable. However, its business viability is uncertain, and further market research is needed to validate its potential.",True
CASE_SYN_012,models/Meta-Llama-3-8B-Instruct,models/Meta-Llama-3-8B-Instruct,vllm,http://localhost:8000/v1,C1,8,3bb65d16,0.0,2026-08-28T17:48:27.710978,1,"{
  ""score"": 8,
  ""verdict"": ""invest"",
  ""confidence"": 80,
  ""rubric_scores"": {
    ""market_potential"": 4,
    ""technical_feasibility"": 4,
    ""business_viability"": 3
  },
  ""reasoning"": ""LocalLoop has a unique value proposition that addresses a specific pain point in local communities, and its technical feasibility seems reasonable. However, its business viability is uncertain, and further market research is needed to validate its potential.""
}",8,invest,80,4,4,3,"LocalLoop has a unique value proposition that addresses a specific pain point in local communities, and its technical feasibility seems reasonable. However, its business viability is uncertain, and further market research is needed to validate its potential.",True
CASE_SYN_012,models/Meta-Llama-3-8B-Instruct,models/Meta-Llama-3-8B-Instruct,vllm,http://localhost:8000/v1,C1,9,3bb65d16,0.0,2026-08-28T17:48:30.484413,1,"{
  ""score"": 8,
  ""verdict"": ""invest"",
  ""confidence"": 80,
  ""rubric_scores"": {
    ""market_potential"": 4,
    ""technical_feasibility"": 4,
    ""business_viability"": 3
  },
  ""reasoning"": ""LocalLoop has a unique value proposition that addresses a specific pain point in local communities, and its technical feasibility seems reasonable. However, its business viability is uncertain, and further market research is needed to validate its potential.""
}",8,invest,80,4,4,3,"LocalLoop has a unique value proposition that addresses a specific pain point in local communities, and its technical feasibility seems reasonable. However, its business viability is uncertain, and further market research is needed to validate its potential.",True
CASE_SYN_012,models/Meta-Llama-3-8B-Instruct,models/Meta-Llama-3-8B-Instruct,vllm,http://localhost:8000/v1,C1,10,3bb65d16,0.0,2026-08-28T17:48:32.393032,1,"{
  ""score"": 8,
  ""verdict"": ""invest"",
  ""confidence"": 80,
  ""rubric_scores"": {
    ""market_potential"": 4,
    ""technical_feasibility"": 4,
    ""business_viability"": 3
  },
  ""reasoning"": ""LocalLoop has a unique value proposition that addresses a specific pain point in local communities, and its technical feasibility seems reasonable. However, its business viability is uncertain, and further market research is needed to validate its potential.""
}",8,invest,80,4,4,3,"LocalLoop has a unique value proposition that addresses a specific pain point in local communities, and its technical feasibility seems reasonable. However, its business viability is uncertain, and further market research is needed to validate its potential.",True
CASE_SYN_013,models/Meta-Llama-3-8B-Instruct,models/Meta-Llama-3-8B-Instruct,vllm,http://localhost:8000/v1,C1,2,3bb65d16,0.0,2026-08-28T17:48:32.936793,1,"{
  ""score"": 8,
  ""verdict"": ""invest"",
  ""confidence"": 80,
  ""rubric_scores"": {
    ""market_potential"": 4,
    ""technical_feasibility"": 5,
    ""business_viability"": 3
  },
  ""reasoning"": ""ThermoMug addresses a common pain point for coffee lovers, and its precise temperature control technology has the potential to disrupt the beverage industry. While there are some technical and business viability concerns, I believe the idea has enough potential to warrant further exploration.""
}",8,invest,80,4,5,3,"ThermoMug addresses a common pain point for coffee lovers, and its precise temperature control technology has the potential to disrupt the beverage industry. While there are some technical and business viability concerns, I believe the idea has enough potential to warrant further exploration.",True
CASE_SYN_013,models/Meta-Llama-3-8B-Instruct,models/Meta-Llama-3-8B-Instruct,vllm,http://localhost:8000/v1,C1,1,3bb65d16,0.0,2026-08-28T17:48:32.736767,1,"{
  ""score"": 8,
  ""verdict"": ""invest"",
  ""confidence"": 80,
  ""rubric_scores"": {
    ""market_potential"": 4,
    ""technical_feasibility"": 5,
    ""business_viability"": 3
  },
  ""reasoning"": ""ThermoMug addresses a common pain point for coffee lovers, and its precise temperature control technology has the potential to disrupt the beverage industry. While there are some technical and business viability concerns, I believe the idea has enough potential to warrant further exploration.""
}",8,invest,80,4,5,3,"ThermoMug addresses a common pain point for coffee lovers, and its precise temperature control technology has the potential to disrupt the beverage industry. While there are some technical and business viability concerns, I believe the idea has enough potential to warrant further exploration.",True
CASE_SYN_013,models/Meta-Llama-3-8B-Instruct,models/Meta-Llama-3-8B-Instruct,vllm,http://localhost:8000/v1,C1,3,3bb65d16,0.0,2026-08-28T17:48:33.137256,1,"{
  ""score"": 8,
  ""verdict"": ""invest"",
  ""confidence"": 80,
  ""rubric_scores"": {
    ""market_potential"": 4,
    ""technical_feasibility"": 5,
    ""business_viability"": 3
  },
  ""reasoning"": ""ThermoMug addresses a common pain point for coffee lovers, and its precise temperature control technology has the potential to disrupt the beverage industry. While there are some technical and business viability concerns, I believe the idea has enough potential to warrant further exploration.""
}",8,invest,80,4,5,3,"ThermoMug addresses a common pain point for coffee lovers, and its precise temperature control technology has the potential to disrupt the beverage industry. While there are some technical and business viability concerns, I believe the idea has enough potential to warrant further exploration.",True
CASE_SYN_013,models/Meta-Llama-3-8B-Instruct,models/Meta-Llama-3-8B-Instruct,vllm,http://localhost:8000/v1,C1,4,3bb65d16,0.0,2026-08-28T17:48:33.758382,1,"{
  ""score"": 8,
  ""verdict"": ""invest"",
  ""confidence"": 80,
  ""rubric_scores"": {
    ""market_potential"": 4,
    ""technical_feasibility"": 4,
    ""business_viability"": 3
  },
  ""reasoning"": ""ThermoMug addresses a common pain point for coffee lovers, and its precise temperature control technology has the potential to disrupt the beverage industry. While there are some technical and business viability concerns, I believe the idea has enough potential to warrant further exploration.""
}",8,invest,80,4,4,3,"ThermoMug addresses a common pain point for coffee lovers, and its precise temperature control technology has the potential to disrupt the beverage industry. While there are some technical and business viability concerns, I believe the idea has enough potential to warrant further exploration.",True
CASE_SYN_013,models/Meta-Llama-3-8B-Instruct,models/Meta-Llama-3-8B-Instruct,vllm,http://localhost:8000/v1,C1,5,3bb65d16,0.0,2026-08-28T17:48:49.789989,1,"{
  ""score"": 8,
  ""verdict"": ""invest"",
  ""confidence"": 80,
  ""rubric_scores"": {
    ""market_potential"": 4,
    ""technical_feasibility"": 5,
    ""business_viability"": 3
  },
  ""reasoning"": ""ThermoMug addresses a common pain point for coffee lovers, and its precise temperature control technology has the potential to disrupt the beverage industry. While there are some technical and business viability concerns, I believe the idea has enough potential to warrant further exploration.""
}",8,invest,80,4,5,3,"ThermoMug addresses a common pain point for coffee lovers, and its precise temperature control technology has the potential to disrupt the beverage industry. While there are some technical and business viability concerns, I believe the idea has enough potential to warrant further exploration.",True
CASE_SYN_013,models/Meta-Llama-3-8B-Instruct,models/Meta-Llama-3-8B-Instruct,vllm,http://localhost:8000/v1,C1,6,3bb65d16,0.0,2026-08-28T17:48:59.829246,1,"{
  ""score"": 8,
  ""verdict"": ""invest"",
  ""confidence"": 80,
  ""rubric_scores"": {
    ""market_potential"": 4,
    ""technical_feasibility"": 4,
    ""business_viability"": 3
  },
  ""reasoning"": ""ThermoMug addresses a common pain point for coffee lovers, and its precise temperature control technology has the potential to disrupt the beverage industry. While there are some technical and business viability concerns, I believe the idea has enough potential to warrant further exploration.""
}",8,invest,80,4,4,3,"ThermoMug addresses a common pain point for coffee lovers, and its precise temperature control technology has the potential to disrupt the beverage industry. While there are some technical and business viability concerns, I believe the idea has enough potential to warrant further exploration.",True
CASE_SYN_013,models/Meta-Llama-3-8B-Instruct,models/Meta-Llama-3-8B-Instruct,vllm,http://localhost:8000/v1,C1,7,3bb65d16,0.0,2026-08-28T17:49:07.746987,1,"{
  ""score"": 8,
  ""verdict"": ""invest"",
  ""confidence"": 80,
  ""rubric_scores"": {
    ""market_potential"": 4,
    ""technical_feasibility"": 5,
    ""business_viability"": 3
  },
  ""reasoning"": ""ThermoMug addresses a common pain point for coffee lovers, and its precise temperature control technology has the potential to disrupt the beverage industry. While there are some technical and business viability concerns, I believe the idea has enough potential to warrant further exploration.""
}",8,invest,80,4,5,3,"ThermoMug addresses a common pain point for coffee lovers, and its precise temperature control technology has the potential to disrupt the beverage industry. While there are some technical and business viability concerns, I believe the idea has enough potential to warrant further exploration.",True
CASE_SYN_013,models/Meta-Llama-3-8B-Instruct,models/Meta-Llama-3-8B-Instruct,vllm,http://localhost:8000/v1,C1,8,3bb65d16,0.0,2026-08-28T17:49:17.367113,1,"{
  ""score"": 8,
  ""verdict"": ""invest"",
  ""confidence"": 80,
  ""rubric_scores"": {
    ""market_potential"": 4,
    ""technical_feasibility"": 5,
    ""business_viability"": 3
  },
  ""reasoning"": ""ThermoMug addresses a common pain point for coffee lovers, and its precise temperature control technology has the potential to disrupt the beverage industry. While there are some technical and business viability concerns, I believe the idea has enough potential to warrant further exploration.""
}",8,invest,80,4,5,3,"ThermoMug addresses a common pain point for coffee lovers, and its precise temperature control technology has the potential to disrupt the beverage industry. While there are some technical and business viability concerns, I believe the idea has enough potential to warrant further exploration.",True
CASE_SYN_013,models/Meta-Llama-3-8B-Instruct,models/Meta-Llama-3-8B-Instruct,vllm,http://localhost:8000/v1,C1,9,3bb65d16,0.0,2026-08-28T17:49:20.561589,1,"{
  ""score"": 8,
  ""verdict"": ""invest"",
  ""confidence"": 80,
  ""rubric_scores"": {
    ""market_potential"": 4,
    ""technical_feasibility"": 5,
    ""business_viability"": 3
  },
  ""reasoning"": ""ThermoMug addresses a common pain point for coffee lovers, and its precise temperature control technology has the potential to disrupt the beverage industry. While there are some technical and business viability concerns, I believe the idea has enough potential to warrant further exploration.""
}",8,invest,80,4,5,3,"ThermoMug addresses a common pain point for coffee lovers, and its precise temperature control technology has the potential to disrupt the beverage industry. While there are some technical and business viability concerns, I believe the idea has enough potential to warrant further exploration.",True
CASE_SYN_014,models/Meta-Llama-3-8B-Instruct,models/Meta-Llama-3-8B-Instruct,vllm,http://localhost:8000/v1,C1,2,3bb65d16,0.0,2026-08-28T17:49:24.303618,1,"{
  ""score"": 8,
  ""verdict"": ""invest"",
  ""confidence"": 80,
  ""rubric_scores"": {
    ""market_potential"": 4,
    ""technical_feasibility"": 5,
    ""business_viability"": 3
  },
  ""reasoning"": ""The AirPure Mask addresses a pressing need in the market, combining a reusable design with advanced air quality monitoring. While there are some technical and business viability challenges to overcome, the potential for growth and impact is significant.""
}",8,invest,80,4,5,3,"The AirPure Mask addresses a pressing need in the market, combining a reusable design with advanced air quality monitoring. While there are some technical and business viability challenges to overcome, the potential for growth and impact is significant.",True
CASE_SYN_014,models/Meta-Llama-3-8B-Instruct,models/Meta-Llama-3-8B-Instruct,vllm,http://localhost:8000/v1,C1,1,3bb65d16,0.0,2026-08-28T17:49:24.103457,1,"{
  ""score"": 8,
  ""verdict"": ""invest"",
  ""confidence"": 80,
  ""rubric_scores"": {
    ""market_potential"": 4,
    ""technical_feasibility"": 5,
    ""business_viability"": 3
  },
  ""reasoning"": ""The AirPure Mask addresses a pressing need in the market, combining a reusable design with advanced air quality monitoring. While there are some technical and business viability challenges to overcome, the potential for growth and impact is significant.""
}",8,invest,80,4,5,3,"The AirPure Mask addresses a pressing need in the market, combining a reusable design with advanced air quality monitoring. While there are some technical and business viability challenges to overcome, the potential for growth and impact is significant.",True
CASE_SYN_014,models/Meta-Llama-3-8B-Instruct,models/Meta-Llama-3-8B-Instruct,vllm,http://localhost:8000/v1,C1,3,3bb65d16,0.0,2026-08-28T17:49:24.934292,1,"{
  ""score"": 8,
  ""verdict"": ""invest"",
  ""confidence"": 80,
  ""rubric_scores"": {
    ""market_potential"": 4,
    ""technical_feasibility"": 5,
    ""business_viability"": 3
  },
  ""reasoning"": ""The AirPure Mask addresses a pressing need in the market, combining a reusable design with advanced air quality monitoring. While there are some technical and business viability challenges to overcome, the potential for growth and impact is significant.""
}",8,invest,80,4,5,3,"The AirPure Mask addresses a pressing need in the market, combining a reusable design with advanced air quality monitoring. While there are some technical and business viability challenges to overcome, the potential for growth and impact is significant.",True
CASE_SYN_014,models/Meta-Llama-3-8B-Instruct,models/Meta-Llama-3-8B-Instruct,vllm,http://localhost:8000/v1,C1,4,3bb65d16,0.0,2026-08-28T17:49:25.560026,1,"{
  ""score"": 8,
  ""verdict"": ""invest"",
  ""confidence"": 80,
  ""rubric_scores"": {
    ""market_potential"": 4,
    ""technical_feasibility"": 5,
    ""business_viability"": 3
  },
  ""reasoning"": ""The AirPure Mask addresses a pressing need in the market, combining a reusable design with advanced air quality monitoring. While there are some technical and business viability challenges to overcome, the potential for growth and impact is significant.""
}",8,invest,80,4,5,3,"The AirPure Mask addresses a pressing need in the market, combining a reusable design with advanced air quality monitoring. While there are some technical and business viability challenges to overcome, the potential for growth and impact is significant.",True
CASE_SYN_013,models/Meta-Llama-3-8B-Instruct,models/Meta-Llama-3-8B-Instruct,vllm,http://localhost:8000/v1,C1,10,3bb65d16,0.0,2026-08-28T17:49:22.470385,1,"{
  ""score"": 8,
  ""verdict"": ""invest"",
  ""confidence"": 80,
  ""rubric_scores"": {
    ""market_potential"": 4,
    ""technical_feasibility"": 5,
    ""business_viability"": 3
  },
  ""reasoning"": ""ThermoMug addresses a common pain point for coffee lovers, and its precise temperature control technology has the potential to disrupt the beverage industry. While there are some technical and business viability concerns, I believe the idea has enough potential to warrant further exploration.""
}",8,invest,80,4,5,3,"ThermoMug addresses a common pain point for coffee lovers, and its precise temperature control technology has the potential to disrupt the beverage industry. While there are some technical and business viability concerns, I believe the idea has enough potential to warrant further exploration.",True
CASE_SYN_014,models/Meta-Llama-3-8B-Instruct,models/Meta-Llama-3-8B-Instruct,vllm,http://localhost:8000/v1,C1,5,3bb65d16,0.0,2026-08-28T17:49:42.013346,1,"{
  ""score"": 8,
  ""verdict"": ""invest"",
  ""confidence"": 80,
  ""rubric_scores"": {
    ""market_potential"": 4,
    ""technical_feasibility"": 5,
    ""business_viability"": 3
  },
  ""reasoning"": ""The AirPure Mask addresses a pressing need in the market, combining a reusable design with advanced air quality monitoring. While there are some technical and business viability challenges to overcome, the potential for growth and impact is significant.""
}",8,invest,80,4,5,3,"The AirPure Mask addresses a pressing need in the market, combining a reusable design with advanced air quality monitoring. While there are some technical and business viability challenges to overcome, the potential for growth and impact is significant.",True
CASE_SYN_014,models/Meta-Llama-3-8B-Instruct,models/Meta-Llama-3-8B-Instruct,vllm,http://localhost:8000/v1,C1,6,3bb65d16,0.0,2026-08-28T17:49:52.047039,1,"{
  ""score"": 8,
  ""verdict"": ""invest"",
  ""confidence"": 80,
  ""rubric_scores"": {
    ""market_potential"": 4,
    ""technical_feasibility"": 5,
    ""business_viability"": 3
  },
  ""reasoning"": ""The AirPure Mask addresses a pressing need in the market, combining a reusable design with advanced air quality monitoring. While there are some technical and business viability challenges to overcome, the potential for growth and impact is significant.""
}",8,invest,80,4,5,3,"The AirPure Mask addresses a pressing need in the market, combining a reusable design with advanced air quality monitoring. While there are some technical and business viability challenges to overcome, the potential for growth and impact is significant.",True
CASE_SYN_014,models/Meta-Llama-3-8B-Instruct,models/Meta-Llama-3-8B-Instruct,vllm,http://localhost:8000/v1,C1,7,3bb65d16,0.0,2026-08-28T17:50:00.393992,1,"{
  ""score"": 8,
  ""verdict"": ""invest"",
  ""confidence"": 80,
  ""rubric_scores"": {
    ""market_potential"": 4,
    ""technical_feasibility"": 5,
    ""business_viability"": 3
  },
  ""reasoning"": ""The AirPure Mask addresses a pressing need in the market, combining a reusable design with advanced air quality monitoring. While there are some technical and business viability challenges to overcome, the potential for growth and impact is significant.""
}",8,invest,80,4,5,3,"The AirPure Mask addresses a pressing need in the market, combining a reusable design with advanced air quality monitoring. While there are some technical and business viability challenges to overcome, the potential for growth and impact is significant.",True
CASE_SYN_014,models/Meta-Llama-3-8B-Instruct,models/Meta-Llama-3-8B-Instruct,vllm,http://localhost:8000/v1,C1,8,3bb65d16,0.0,2026-08-28T17:50:10.007037,1,"{
  ""score"": 8,
  ""verdict"": ""invest"",
  ""confidence"": 80,
  ""rubric_scores"": {
    ""market_potential"": 4,
    ""technical_feasibility"": 5,
    ""business_viability"": 3
  },
  ""reasoning"": ""The AirPure Mask addresses a pressing need in the market, combining a reusable design with advanced air quality monitoring. While there are some technical and business viability challenges to overcome, the potential for growth and impact is significant.""
}",8,invest,80,4,5,3,"The AirPure Mask addresses a pressing need in the market, combining a reusable design with advanced air quality monitoring. While there are some technical and business viability challenges to overcome, the potential for growth and impact is significant.",True
CASE_SYN_015,models/Meta-Llama-3-8B-Instruct,models/Meta-Llama-3-8B-Instruct,vllm,http://localhost:8000/v1,C1,1,3bb65d16,0.0,2026-08-28T17:50:12.473209,1,"{
  ""score"": 8,
  ""verdict"": ""invest"",
  ""confidence"": 80,
  ""rubric_scores"": {
    ""market_potential"": 4,
    ""technical_feasibility"": 4,
    ""business_viability"": 3
  },
  ""reasoning"": ""BookBuddy has a strong potential to improve children's reading skills and foster a love for reading. While there are some technical and business viability concerns, the idea's potential impact and scalability make it an attractive investment opportunity.""
}",8,invest,80,4,4,3,"BookBuddy has a strong potential to improve children's reading skills and foster a love for reading. While there are some technical and business viability concerns, the idea's potential impact and scalability make it an attractive investment opportunity.",True
CASE_SYN_014,models/Meta-Llama-3-8B-Instruct,models/Meta-Llama-3-8B-Instruct,vllm,http://localhost:8000/v1,C1,9,3bb65d16,0.0,2026-08-28T17:50:13.639594,1,"{
  ""score"": 8,
  ""verdict"": ""invest"",
  ""confidence"": 80,
  ""rubric_scores"": {
    ""market_potential"": 4,
    ""technical_feasibility"": 5,
    ""business_viability"": 3
  },
  ""reasoning"": ""The AirPure Mask addresses a pressing need in the market, combining a reusable design with advanced air quality monitoring. While there are some technical and business viability challenges to overcome, the potential for growth and impact is significant.""
}",8,invest,80,4,5,3,"The AirPure Mask addresses a pressing need in the market, combining a reusable design with advanced air quality monitoring. While there are some technical and business viability challenges to overcome, the potential for growth and impact is significant.",True
CASE_SYN_014,models/Meta-Llama-3-8B-Instruct,models/Meta-Llama-3-8B-Instruct,vllm,http://localhost:8000/v1,C1,10,3bb65d16,0.0,2026-08-28T17:50:14.273014,1,"{
  ""score"": 8,
  ""verdict"": ""invest"",
  ""confidence"": 80,
  ""rubric_scores"": {
    ""market_potential"": 4,
    ""technical_feasibility"": 5,
    ""business_viability"": 3
  },
  ""reasoning"": ""The AirPure Mask addresses a pressing need in the market, combining a reusable design with advanced air quality monitoring. While there are some technical and business viability challenges to overcome, the potential for growth and impact is significant.""
}",8,invest,80,4,5,3,"The AirPure Mask addresses a pressing need in the market, combining a reusable design with advanced air quality monitoring. While there are some technical and business viability challenges to overcome, the potential for growth and impact is significant.",True
CASE_SYN_015,models/Meta-Llama-3-8B-Instruct,models/Meta-Llama-3-8B-Instruct,vllm,http://localhost:8000/v1,C1,2,3bb65d16,0.0,2026-08-28T17:50:13.519410,1,"{
  ""score"": 8,
  ""verdict"": ""invest"",
  ""confidence"": 80,
  ""rubric_scores"": {
    ""market_potential"": 4,
    ""technical_feasibility"": 4,
    ""business_viability"": 3
  },
  ""reasoning"": ""BookBuddy has a strong potential to improve children's reading skills and foster a love for reading. While there are some technical and business viability concerns, the idea's potential to make a positive impact on children's education outweighs these risks.""
}",8,invest,80,4,4,3,"BookBuddy has a strong potential to improve children's reading skills and foster a love for reading. While there are some technical and business viability concerns, the idea's potential to make a positive impact on children's education outweighs these risks.",True
CASE_SYN_015,models/Meta-Llama-3-8B-Instruct,models/Meta-Llama-3-8B-Instruct,vllm,http://localhost:8000/v1,C1,4,3bb65d16,0.0,2026-08-28T17:50:14.375763,1,"{
  ""score"": 8,
  ""verdict"": ""invest"",
  ""confidence"": 80,
  ""rubric_scores"": {
    ""market_potential"": 4,
    ""technical_feasibility"": 4,
    ""business_viability"": 3
  },
  ""reasoning"": ""BookBuddy has a strong potential to improve children's reading skills and foster a love for reading. While there are some technical and business viability concerns, the idea's potential to make a positive impact on children's education outweighs these risks.""
}",8,invest,80,4,4,3,"BookBuddy has a strong potential to improve children's reading skills and foster a love for reading. While there are some technical and business viability concerns, the idea's potential to make a positive impact on children's education outweighs these risks.",True
CASE_SYN_015,models/Meta-Llama-3-8B-Instruct,models/Meta-Llama-3-8B-Instruct,vllm,http://localhost:8000/v1,C1,3,3bb65d16,0.0,2026-08-28T17:50:14.173990,1,"{
  ""score"": 8,
  ""verdict"": ""invest"",
  ""confidence"": 80,
  ""rubric_scores"": {
    ""market_potential"": 4,
    ""technical_feasibility"": 4,
    ""business_viability"": 3
  },
  ""reasoning"": ""BookBuddy has a strong potential to improve children's reading skills and foster a love for reading. While there are some technical and business viability concerns, the idea's potential to make a positive impact on children's education outweighs these risks.""
}",8,invest,80,4,4,3,"BookBuddy has a strong potential to improve children's reading skills and foster a love for reading. While there are some technical and business viability concerns, the idea's potential to make a positive impact on children's education outweighs these risks.",True
CASE_SYN_015,models/Meta-Llama-3-8B-Instruct,models/Meta-Llama-3-8B-Instruct,vllm,http://localhost:8000/v1,C1,5,3bb65d16,0.0,2026-08-28T17:50:31.212978,1,"{
  ""score"": 8,
  ""verdict"": ""invest"",
  ""confidence"": 80,
  ""rubric_scores"": {
    ""market_potential"": 4,
    ""technical_feasibility"": 4,
    ""business_viability"": 3
  },
  ""reasoning"": ""BookBuddy has a strong potential to improve children's reading skills and foster a love for reading. While there are some technical and business viability concerns, the idea's potential to make a positive impact on children's education outweighs these risks.""
}",8,invest,80,4,4,3,"BookBuddy has a strong potential to improve children's reading skills and foster a love for reading. While there are some technical and business viability concerns, the idea's potential to make a positive impact on children's education outweighs these risks.",True
CASE_SYN_015,models/Meta-Llama-3-8B-Instruct,models/Meta-Llama-3-8B-Instruct,vllm,http://localhost:8000/v1,C1,6,3bb65d16,0.0,2026-08-28T17:50:41.242995,1,"{
  ""score"": 8,
  ""verdict"": ""invest"",
  ""confidence"": 80,
  ""rubric_scores"": {
    ""market_potential"": 4,
    ""technical_feasibility"": 4,
    ""business_viability"": 3
  },
  ""reasoning"": ""BookBuddy has a strong potential to improve children's reading skills and foster a love for reading. While there are some technical and business viability concerns, the idea's potential to make a positive impact on children's education outweighs these risks.""
}",8,invest,80,4,4,3,"BookBuddy has a strong potential to improve children's reading skills and foster a love for reading. While there are some technical and business viability concerns, the idea's potential to make a positive impact on children's education outweighs these risks.",True
CASE_SYN_015,models/Meta-Llama-3-8B-Instruct,models/Meta-Llama-3-8B-Instruct,vllm,http://localhost:8000/v1,C1,7,3bb65d16,0.0,2026-08-28T17:50:49.994017,1,"{
  ""score"": 8,
  ""verdict"": ""invest"",
  ""confidence"": 80,
  ""rubric_scores"": {
    ""market_potential"": 4,
    ""technical_feasibility"": 4,
    ""business_viability"": 3
  },
  ""reasoning"": ""BookBuddy has a strong potential to improve children's reading skills and foster a love for reading. While there are some technical and business viability concerns, the idea's potential to make a positive impact on children's education outweighs these risks.""
}",8,invest,80,4,4,3,"BookBuddy has a strong potential to improve children's reading skills and foster a love for reading. While there are some technical and business viability concerns, the idea's potential to make a positive impact on children's education outweighs these risks.",True
CASE_SYN_015,models/Meta-Llama-3-8B-Instruct,models/Meta-Llama-3-8B-Instruct,vllm,http://localhost:8000/v1,C1,8,3bb65d16,0.0,2026-08-28T17:50:59.599032,1,"{
  ""score"": 8,
  ""verdict"": ""invest"",
  ""confidence"": 80,
  ""rubric_scores"": {
    ""market_potential"": 4,
    ""technical_feasibility"": 4,
    ""business_viability"": 3
  },
  ""reasoning"": ""BookBuddy has a strong potential to improve children's reading skills and foster a love for reading. While there are some technical and business viability concerns, the idea's potential to positively impact children's education outweighs these risks.""
}",8,invest,80,4,4,3,"BookBuddy has a strong potential to improve children's reading skills and foster a love for reading. While there are some technical and business viability concerns, the idea's potential to positively impact children's education outweighs these risks.",True
CASE_SYN_015,models/Meta-Llama-3-8B-Instruct,models/Meta-Llama-3-8B-Instruct,vllm,http://localhost:8000/v1,C1,9,3bb65d16,0.0,2026-08-28T17:51:02.796944,1,"{
  ""score"": 8,
  ""verdict"": ""invest"",
  ""confidence"": 80,
  ""rubric_scores"": {
    ""market_potential"": 4,
    ""technical_feasibility"": 4,
    ""business_viability"": 3
  },
  ""reasoning"": ""BookBuddy has a strong potential to improve children's reading skills and foster a love for reading. While there are some technical and business viability concerns, the idea's potential to make a positive impact on children's education outweighs these risks.""
}",8,invest,80,4,4,3,"BookBuddy has a strong potential to improve children's reading skills and foster a love for reading. While there are some technical and business viability concerns, the idea's potential to make a positive impact on children's education outweighs these risks.",True
CASE_SYN_016,models/Meta-Llama-3-8B-Instruct,models/Meta-Llama-3-8B-Instruct,vllm,http://localhost:8000/v1,C1,1,3bb65d16,0.0,2026-08-28T17:51:02.477648,1,"{
  ""score"": 8,
  ""verdict"": ""invest"",
  ""confidence"": 80,
  ""rubric_scores"": {
    ""market_potential"": 5,
    ""technical_feasibility"": 4,
    ""business_viability"": 4
  },
  ""reasoning"": ""ParkEasy addresses a common pain point for urban drivers, and its predictive algorithm has the potential to significantly improve the parking experience. With a solid business model and a clear path to monetization, I'm willing to take a calculated risk on this idea.""
}",8,invest,80,5,4,4,"ParkEasy addresses a common pain point for urban drivers, and its predictive algorithm has the potential to significantly improve the parking experience. With a solid business model and a clear path to monetization, I'm willing to take a calculated risk on this idea.",True
CASE_SYN_015,models/Meta-Llama-3-8B-Instruct,models/Meta-Llama-3-8B-Instruct,vllm,http://localhost:8000/v1,C1,10,3bb65d16,0.0,2026-08-28T17:51:03.851011,1,"{
  ""score"": 8,
  ""verdict"": ""invest"",
  ""confidence"": 80,
  ""rubric_scores"": {
    ""market_potential"": 4,
    ""technical_feasibility"": 4,
    ""business_viability"": 3
  },
  ""reasoning"": ""BookBuddy has a strong potential to improve children's reading skills and foster a love for reading. While there are some technical and business viability concerns, the idea's potential to make a positive impact on children's education outweighs these risks.""
}",8,invest,80,4,4,3,"BookBuddy has a strong potential to improve children's reading skills and foster a love for reading. While there are some technical and business viability concerns, the idea's potential to make a positive impact on children's education outweighs these risks.",True
CASE_SYN_016,models/Meta-Llama-3-8B-Instruct,models/Meta-Llama-3-8B-Instruct,vllm,http://localhost:8000/v1,C1,2,3bb65d16,0.0,2026-08-28T17:51:03.974518,1,"{
  ""score"": 8,
  ""verdict"": ""invest"",
  ""confidence"": 80,
  ""rubric_scores"": {
    ""market_potential"": 5,
    ""technical_feasibility"": 4,
    ""business_viability"": 4
  },
  ""reasoning"": ""ParkEasy addresses a common pain point for urban drivers, and its predictive algorithm has the potential to significantly improve the parking experience. With a solid business model and a clear path to monetization, I'm willing to take a calculated risk on this idea.""
}",8,invest,80,5,4,4,"ParkEasy addresses a common pain point for urban drivers, and its predictive algorithm has the potential to significantly improve the parking experience. With a solid business model and a clear path to monetization, I'm willing to take a calculated risk on this idea.",True
CASE_SYN_016,models/Meta-Llama-3-8B-Instruct,models/Meta-Llama-3-8B-Instruct,vllm,http://localhost:8000/v1,C1,4,3bb65d16,0.0,2026-08-28T17:51:05.228151,1,"{
  ""score"": 8,
  ""verdict"": ""invest"",
  ""confidence"": 80,
  ""rubric_scores"": {
    ""market_potential"": 5,
    ""technical_feasibility"": 4,
    ""business_viability"": 4
  },
  ""reasoning"": ""ParkEasy addresses a common pain point for urban drivers, and its predictive algorithm has the potential to significantly improve the parking experience. With a solid business model and a clear path to monetization, I'm willing to take a calculated risk on this idea.""
}",8,invest,80,5,4,4,"ParkEasy addresses a common pain point for urban drivers, and its predictive algorithm has the potential to significantly improve the parking experience. With a solid business model and a clear path to monetization, I'm willing to take a calculated risk on this idea.",True
CASE_SYN_016,models/Meta-Llama-3-8B-Instruct,models/Meta-Llama-3-8B-Instruct,vllm,http://localhost:8000/v1,C1,3,3bb65d16,0.0,2026-08-28T17:51:05.026202,1,"{
  ""score"": 8,
  ""verdict"": ""invest"",
  ""confidence"": 80,
  ""rubric_scores"": {
    ""market_potential"": 5,
    ""technical_feasibility"": 4,
    ""business_viability"": 4
  },
  ""reasoning"": ""ParkEasy addresses a common pain point for urban drivers, and its predictive algorithm has the potential to significantly improve the parking experience. With a solid business model and a clear path to monetization, I'm willing to take a calculated risk on this idea.""
}",8,invest,80,5,4,4,"ParkEasy addresses a common pain point for urban drivers, and its predictive algorithm has the potential to significantly improve the parking experience. With a solid business model and a clear path to monetization, I'm willing to take a calculated risk on this idea.",True
CASE_SYN_016,models/Meta-Llama-3-8B-Instruct,models/Meta-Llama-3-8B-Instruct,vllm,http://localhost:8000/v1,C1,5,3bb65d16,0.0,2026-08-28T17:51:22.484990,1,"{
  ""score"": 8,
  ""verdict"": ""invest"",
  ""confidence"": 80,
  ""rubric_scores"": {
    ""market_potential"": 5,
    ""technical_feasibility"": 4,
    ""business_viability"": 4
  },
  ""reasoning"": ""ParkEasy addresses a common pain point for urban drivers, and its predictive algorithm has the potential to significantly improve the parking experience. With a solid business model and a clear path to monetization, I'm willing to take a calculated risk on this idea.""
}",8,invest,80,5,4,4,"ParkEasy addresses a common pain point for urban drivers, and its predictive algorithm has the potential to significantly improve the parking experience. With a solid business model and a clear path to monetization, I'm willing to take a calculated risk on this idea.",True
CASE_SYN_016,models/Meta-Llama-3-8B-Instruct,models/Meta-Llama-3-8B-Instruct,vllm,http://localhost:8000/v1,C1,6,3bb65d16,0.0,2026-08-28T17:51:32.504658,1,"{
  ""score"": 8,
  ""verdict"": ""invest"",
  ""confidence"": 80,
  ""rubric_scores"": {
    ""market_potential"": 5,
    ""technical_feasibility"": 4,
    ""business_viability"": 4
  },
  ""reasoning"": ""ParkEasy addresses a common pain point for urban drivers, and its predictive algorithm has the potential to significantly improve the parking experience. With a solid business model and a clear path to monetization, I'm willing to take a calculated risk on this idea.""
}",8,invest,80,5,4,4,"ParkEasy addresses a common pain point for urban drivers, and its predictive algorithm has the potential to significantly improve the parking experience. With a solid business model and a clear path to monetization, I'm willing to take a calculated risk on this idea.",True
CASE_SYN_016,models/Meta-Llama-3-8B-Instruct,models/Meta-Llama-3-8B-Instruct,vllm,http://localhost:8000/v1,C1,7,3bb65d16,0.0,2026-08-28T17:51:41.683861,1,"{
  ""score"": 8,
  ""verdict"": ""invest"",
  ""confidence"": 80,
  ""rubric_scores"": {
    ""market_potential"": 5,
    ""technical_feasibility"": 4,
    ""business_viability"": 4
  },
  ""reasoning"": ""ParkEasy addresses a common pain point for urban drivers, and its predictive algorithm has the potential to significantly improve the parking experience. With a solid business model and a clear path to monetization, I'm willing to take a calculated risk on this idea.""
}",8,invest,80,5,4,4,"ParkEasy addresses a common pain point for urban drivers, and its predictive algorithm has the potential to significantly improve the parking experience. With a solid business model and a clear path to monetization, I'm willing to take a calculated risk on this idea.",True
CASE_SYN_016,models/Meta-Llama-3-8B-Instruct,models/Meta-Llama-3-8B-Instruct,vllm,http://localhost:8000/v1,C1,8,3bb65d16,0.0,2026-08-28T17:51:49.997994,1,"{
  ""score"": 8,
  ""verdict"": ""invest"",
  ""confidence"": 80,
  ""rubric_scores"": {
    ""market_potential"": 5,
    ""technical_feasibility"": 4,
    ""business_viability"": 4
  },
  ""reasoning"": ""ParkEasy addresses a common pain point for urban drivers, and its predictive algorithm has the potential to significantly improve the parking experience. With a solid business model and a clear path to monetization, I'm willing to take a calculated risk on this idea.""
}",8,invest,80,5,4,4,"ParkEasy addresses a common pain point for urban drivers, and its predictive algorithm has the potential to significantly improve the parking experience. With a solid business model and a clear path to monetization, I'm willing to take a calculated risk on this idea.",True
CASE_SYN_017,models/Meta-Llama-3-8B-Instruct,models/Meta-Llama-3-8B-Instruct,vllm,http://localhost:8000/v1,C1,1,3bb65d16,0.0,2026-08-28T17:51:54.164018,1,"{
  ""score"": 7,
  ""verdict"": ""invest"",
  ""confidence"": 80,
  ""rubric_scores"": {
    ""market_potential"": 4,
    ""technical_feasibility"": 5,
    ""business_viability"": 3
  },
  ""reasoning"": ""I'm investing in FlexiFrame because it addresses a common pain point in the photo display market, and the technical feasibility seems high. However, I'm less confident in the business viability, as the market size and competition are unclear.""
}",7,invest,80,4,5,3,"I'm investing in FlexiFrame because it addresses a common pain point in the photo display market, and the technical feasibility seems high. However, I'm less confident in the business viability, as the market size and competition are unclear.",True
CASE_SYN_017,models/Meta-Llama-3-8B-Instruct,models/Meta-Llama-3-8B-Instruct,vllm,http://localhost:8000/v1,C1,2,3bb65d16,0.0,2026-08-28T17:51:55.214997,1,"{
  ""score"": 7,
  ""verdict"": ""invest"",
  ""confidence"": 80,
  ""rubric_scores"": {
    ""market_potential"": 4,
    ""technical_feasibility"": 5,
    ""business_viability"": 3
  },
  ""reasoning"": ""I'm investing in FlexiFrame because it addresses a common pain point in the photo display market, and the technical feasibility seems high. However, I'm less confident in the business viability, as the market size and competition are unclear.""
}",7,invest,80,4,5,3,"I'm investing in FlexiFrame because it addresses a common pain point in the photo display market, and the technical feasibility seems high. However, I'm less confident in the business viability, as the market size and competition are unclear.",True
CASE_SYN_016,models/Meta-Llama-3-8B-Instruct,models/Meta-Llama-3-8B-Instruct,vllm,http://localhost:8000/v1,C1,9,3bb65d16,0.0,2026-08-28T17:51:54.910999,1,"{
  ""score"": 8,
  ""verdict"": ""invest"",
  ""confidence"": 80,
  ""rubric_scores"": {
    ""market_potential"": 5,
    ""technical_feasibility"": 4,
    ""business_viability"": 4
  },
  ""reasoning"": ""ParkEasy addresses a common pain point for urban drivers, and its predictive algorithm has the potential to significantly improve the parking experience. With a solid business model and a clear path to monetization, I'm willing to take a calculated risk on this idea.""
}",8,invest,80,5,4,4,"ParkEasy addresses a common pain point for urban drivers, and its predictive algorithm has the potential to significantly improve the parking experience. With a solid business model and a clear path to monetization, I'm willing to take a calculated risk on this idea.",True
CASE_SYN_016,models/Meta-Llama-3-8B-Instruct,models/Meta-Llama-3-8B-Instruct,vllm,http://localhost:8000/v1,C1,10,3bb65d16,0.0,2026-08-28T17:51:55.538012,1,"{
  ""score"": 8,
  ""verdict"": ""invest"",
  ""confidence"": 80,
  ""rubric_scores"": {
    ""market_potential"": 5,
    ""technical_feasibility"": 4,
    ""business_viability"": 4
  },
  ""reasoning"": ""ParkEasy addresses a common pain point for urban drivers, and its predictive algorithm has the potential to significantly improve the parking experience. With a solid business model and a clear path to monetization, I'm willing to take a calculated risk on this idea.""
}",8,invest,80,5,4,4,"ParkEasy addresses a common pain point for urban drivers, and its predictive algorithm has the potential to significantly improve the parking experience. With a solid business model and a clear path to monetization, I'm willing to take a calculated risk on this idea.",True
CASE_SYN_017,models/Meta-Llama-3-8B-Instruct,models/Meta-Llama-3-8B-Instruct,vllm,http://localhost:8000/v1,C1,4,3bb65d16,0.0,2026-08-28T17:51:56.918777,1,"{
  ""score"": 7,
  ""verdict"": ""invest"",
  ""confidence"": 80,
  ""rubric_scores"": {
    ""market_potential"": 4,
    ""technical_feasibility"": 5,
    ""business_viability"": 3
  },
  ""reasoning"": ""I'm investing in FlexiFrame because it addresses a common pain point in the photo display market, and the technical feasibility seems high. However, I'm less confident in the business viability, as the market size and competition are unclear.""
}",7,invest,80,4,5,3,"I'm investing in FlexiFrame because it addresses a common pain point in the photo display market, and the technical feasibility seems high. However, I'm less confident in the business viability, as the market size and competition are unclear.",True
CASE_SYN_017,models/Meta-Llama-3-8B-Instruct,models/Meta-Llama-3-8B-Instruct,vllm,http://localhost:8000/v1,C1,3,3bb65d16,0.0,2026-08-28T17:51:56.719018,1,"{
  ""score"": 7,
  ""verdict"": ""invest"",
  ""confidence"": 80,
  ""rubric_scores"": {
    ""market_potential"": 4,
    ""technical_feasibility"": 5,
    ""business_viability"": 3
  },
  ""reasoning"": ""I'm investing in FlexiFrame because it addresses a common pain point in the photo display market, and the technical feasibility seems high. However, I'm less confident in the business viability, as the market size and competition are unclear.""
}",7,invest,80,4,5,3,"I'm investing in FlexiFrame because it addresses a common pain point in the photo display market, and the technical feasibility seems high. However, I'm less confident in the business viability, as the market size and competition are unclear.",True
CASE_SYN_017,models/Meta-Llama-3-8B-Instruct,models/Meta-Llama-3-8B-Instruct,vllm,http://localhost:8000/v1,C1,5,3bb65d16,0.0,2026-08-28T17:52:14.594112,1,"{
  ""score"": 7,
  ""verdict"": ""invest"",
  ""confidence"": 80,
  ""rubric_scores"": {
    ""market_potential"": 4,
    ""technical_feasibility"": 5,
    ""business_viability"": 3
  },
  ""reasoning"": ""I'm investing in FlexiFrame because it addresses a common pain point in the photo display market, and the technical feasibility seems high. However, I'm less confident in the business viability, as the market size and competition are unclear.""
}",7,invest,80,4,5,3,"I'm investing in FlexiFrame because it addresses a common pain point in the photo display market, and the technical feasibility seems high. However, I'm less confident in the business viability, as the market size and competition are unclear.",True
CASE_SYN_017,models/Meta-Llama-3-8B-Instruct,models/Meta-Llama-3-8B-Instruct,vllm,http://localhost:8000/v1,C1,6,3bb65d16,0.0,2026-08-28T17:52:24.623261,1,"{
  ""score"": 7,
  ""verdict"": ""invest"",
  ""confidence"": 80,
  ""rubric_scores"": {
    ""market_potential"": 4,
    ""technical_feasibility"": 5,
    ""business_viability"": 3
  },
  ""reasoning"": ""I'm investing in FlexiFrame because it addresses a common pain point in the photo display market, and the technical feasibility seems high. However, I'm less confident in the business viability, as the market size and competition are unclear.""
}",7,invest,80,4,5,3,"I'm investing in FlexiFrame because it addresses a common pain point in the photo display market, and the technical feasibility seems high. However, I'm less confident in the business viability, as the market size and competition are unclear.",True
CASE_SYN_017,models/Meta-Llama-3-8B-Instruct,models/Meta-Llama-3-8B-Instruct,vllm,http://localhost:8000/v1,C1,7,3bb65d16,0.0,2026-08-28T17:52:34.206009,1,"{
  ""score"": 7,
  ""verdict"": ""invest"",
  ""confidence"": 80,
  ""rubric_scores"": {
    ""market_potential"": 4,
    ""technical_feasibility"": 5,
    ""business_viability"": 3
  },
  ""reasoning"": ""I'm investing in FlexiFrame because it addresses a common pain point in the photo display market, and the technical feasibility seems high. However, I'm less confident in the business viability, as the market size and competition are unclear.""
}",7,invest,80,4,5,3,"I'm investing in FlexiFrame because it addresses a common pain point in the photo display market, and the technical feasibility seems high. However, I'm less confident in the business viability, as the market size and competition are unclear.",True
CASE_SYN_017,models/Meta-Llama-3-8B-Instruct,models/Meta-Llama-3-8B-Instruct,vllm,http://localhost:8000/v1,C1,8,3bb65d16,0.0,2026-08-28T17:52:42.528162,1,"{
  ""score"": 7,
  ""verdict"": ""invest"",
  ""confidence"": 80,
  ""rubric_scores"": {
    ""market_potential"": 4,
    ""technical_feasibility"": 5,
    ""business_viability"": 3
  },
  ""reasoning"": ""I'm investing in FlexiFrame because it addresses a common pain point in the photo display market, and the technical feasibility seems high. However, I'm less confident in the business viability, as the market size and competition are unclear.""
}",7,invest,80,4,5,3,"I'm investing in FlexiFrame because it addresses a common pain point in the photo display market, and the technical feasibility seems high. However, I'm less confident in the business viability, as the market size and competition are unclear.",True
CASE_SYN_017,models/Meta-Llama-3-8B-Instruct,models/Meta-Llama-3-8B-Instruct,vllm,http://localhost:8000/v1,C1,9,3bb65d16,0.0,2026-08-28T17:52:45.724055,1,"{
  ""score"": 7,
  ""verdict"": ""invest"",
  ""confidence"": 80,
  ""rubric_scores"": {
    ""market_potential"": 4,
    ""technical_feasibility"": 5,
    ""business_viability"": 3
  },
  ""reasoning"": ""I'm investing in FlexiFrame because it addresses a common pain point in the photo display market, and the technical feasibility seems high. However, I'm less confident in the business viability, as the market size and competition are unclear.""
}",7,invest,80,4,5,3,"I'm investing in FlexiFrame because it addresses a common pain point in the photo display market, and the technical feasibility seems high. However, I'm less confident in the business viability, as the market size and competition are unclear.",True
CASE_SYN_017,models/Meta-Llama-3-8B-Instruct,models/Meta-Llama-3-8B-Instruct,vllm,http://localhost:8000/v1,C1,10,3bb65d16,0.0,2026-08-28T17:52:46.778986,1,"{
  ""score"": 7,
  ""verdict"": ""invest"",
  ""confidence"": 80,
  ""rubric_scores"": {
    ""market_potential"": 4,
    ""technical_feasibility"": 5,
    ""business_viability"": 3
  },
  ""reasoning"": ""I'm investing in FlexiFrame because it addresses a common pain point in the photo display market, and the technical feasibility seems straightforward. However, I'm less confident in the business viability, as the market size and competition in this space are unclear.""
}",7,invest,80,4,5,3,"I'm investing in FlexiFrame because it addresses a common pain point in the photo display market, and the technical feasibility seems straightforward. However, I'm less confident in the business viability, as the market size and competition in this space are unclear.",True
CASE_SYN_018,models/Meta-Llama-3-8B-Instruct,models/Meta-Llama-3-8B-Instruct,vllm,http://localhost:8000/v1,C1,1,3bb65d16,0.0,2026-08-28T17:52:46.249825,1,"{
  ""score"": 8,
  ""verdict"": ""invest"",
  ""confidence"": 80,
  ""rubric_scores"": {
    ""market_potential"": 4,
    ""technical_feasibility"": 5,
    ""business_viability"": 3
  },
  ""reasoning"": ""I'm investing because VoiceVault addresses a significant pain point in password management, leveraging a unique voice biometrics authentication method. While there's still work to be done to refine the business model, the technical feasibility is high, and the market potential is substantial.""
}",8,invest,80,4,5,3,"I'm investing because VoiceVault addresses a significant pain point in password management, leveraging a unique voice biometrics authentication method. While there's still work to be done to refine the business model, the technical feasibility is high, and the market potential is substantial.",True
CASE_SYN_018,models/Meta-Llama-3-8B-Instruct,models/Meta-Llama-3-8B-Instruct,vllm,http://localhost:8000/v1,C1,2,3bb65d16,0.0,2026-08-28T17:52:46.879617,1,"{
  ""score"": 8,
  ""verdict"": ""invest"",
  ""confidence"": 80,
  ""rubric_scores"": {
    ""market_potential"": 4,
    ""technical_feasibility"": 5,
    ""business_viability"": 3
  },
  ""reasoning"": ""I'm investing because VoiceVault addresses a significant pain point in password management, leveraging a unique voice biometrics authentication method. While there's still work to be done to refine the business model, the technical feasibility is high, and the market potential is substantial.""
}",8,invest,80,4,5,3,"I'm investing because VoiceVault addresses a significant pain point in password management, leveraging a unique voice biometrics authentication method. While there's still work to be done to refine the business model, the technical feasibility is high, and the market potential is substantial.",True
CASE_SYN_018,models/Meta-Llama-3-8B-Instruct,models/Meta-Llama-3-8B-Instruct,vllm,http://localhost:8000/v1,C1,3,3bb65d16,0.0,2026-08-28T17:52:47.079666,1,"{
  ""score"": 8,
  ""verdict"": ""invest"",
  ""confidence"": 80,
  ""rubric_scores"": {
    ""market_potential"": 4,
    ""technical_feasibility"": 5,
    ""business_viability"": 3
  },
  ""reasoning"": ""I'm investing because VoiceVault addresses a significant pain point in password management, leveraging a unique voice biometrics authentication method. While there's still work to be done to refine the business model, the technical feasibility is high, and the market potential is substantial.""
}",8,invest,80,4,5,3,"I'm investing because VoiceVault addresses a significant pain point in password management, leveraging a unique voice biometrics authentication method. While there's still work to be done to refine the business model, the technical feasibility is high, and the market potential is substantial.",True
CASE_SYN_018,models/Meta-Llama-3-8B-Instruct,models/Meta-Llama-3-8B-Instruct,vllm,http://localhost:8000/v1,C1,4,3bb65d16,0.0,2026-08-28T17:52:47.279566,1,"{
  ""score"": 8,
  ""verdict"": ""invest"",
  ""confidence"": 80,
  ""rubric_scores"": {
    ""market_potential"": 4,
    ""technical_feasibility"": 5,
    ""business_viability"": 3
  },
  ""reasoning"": ""I'm investing because VoiceVault addresses a significant pain point in password management, leveraging a unique voice biometrics authentication method. While there's still work to be done to refine the business model, the technical feasibility is high, and the market potential is substantial.""
}",8,invest,80,4,5,3,"I'm investing because VoiceVault addresses a significant pain point in password management, leveraging a unique voice biometrics authentication method. While there's still work to be done to refine the business model, the technical feasibility is high, and the market potential is substantial.",True
CASE_SYN_018,models/Meta-Llama-3-8B-Instruct,models/Meta-Llama-3-8B-Instruct,vllm,http://localhost:8000/v1,C1,5,3bb65d16,0.0,2026-08-28T17:53:05.438055,1,"{
  ""score"": 8,
  ""verdict"": ""invest"",
  ""confidence"": 80,
  ""rubric_scores"": {
    ""market_potential"": 4,
    ""technical_feasibility"": 5,
    ""business_viability"": 3
  },
  ""reasoning"": ""I'm investing because VoiceVault addresses a significant pain point in password management, leveraging a unique voice biometrics authentication method. While there's still work to be done to refine the business model, the technical feasibility is high, and the market potential is substantial.""
}",8,invest,80,4,5,3,"I'm investing because VoiceVault addresses a significant pain point in password management, leveraging a unique voice biometrics authentication method. While there's still work to be done to refine the business model, the technical feasibility is high, and the market potential is substantial.",True
CASE_SYN_018,models/Meta-Llama-3-8B-Instruct,models/Meta-Llama-3-8B-Instruct,vllm,http://localhost:8000/v1,C1,6,3bb65d16,0.0,2026-08-28T17:53:15.469022,1,"{
  ""score"": 8,
  ""verdict"": ""invest"",
  ""confidence"": 80,
  ""rubric_scores"": {
    ""market_potential"": 4,
    ""technical_feasibility"": 5,
    ""business_viability"": 3
  },
  ""reasoning"": ""I'm investing because VoiceVault addresses a significant pain point in password management, leveraging a unique voice biometrics authentication method. While there's still work to be done to refine the business model, the technical feasibility is high, and the market potential is substantial.""
}",8,invest,80,4,5,3,"I'm investing because VoiceVault addresses a significant pain point in password management, leveraging a unique voice biometrics authentication method. While there's still work to be done to refine the business model, the technical feasibility is high, and the market potential is substantial.",True
CASE_SYN_018,models/Meta-Llama-3-8B-Instruct,models/Meta-Llama-3-8B-Instruct,vllm,http://localhost:8000/v1,C1,7,3bb65d16,0.0,2026-08-28T17:53:25.507068,1,"{
  ""score"": 8,
  ""verdict"": ""invest"",
  ""confidence"": 80,
  ""rubric_scores"": {
    ""market_potential"": 4,
    ""technical_feasibility"": 5,
    ""business_viability"": 3
  },
  ""reasoning"": ""I'm investing because VoiceVault addresses a significant pain point in password management, leveraging a unique voice biometrics authentication method. While there's still work to be done to refine the business model, the technical feasibility is promising.""
}",8,invest,80,4,5,3,"I'm investing because VoiceVault addresses a significant pain point in password management, leveraging a unique voice biometrics authentication method. While there's still work to be done to refine the business model, the technical feasibility is promising.",True
CASE_SYN_018,models/Meta-Llama-3-8B-Instruct,models/Meta-Llama-3-8B-Instruct,vllm,http://localhost:8000/v1,C1,8,3bb65d16,0.0,2026-08-28T17:53:33.828071,1,"{
  ""score"": 8,
  ""verdict"": ""invest"",
  ""confidence"": 80,
  ""rubric_scores"": {
    ""market_potential"": 4,
    ""technical_feasibility"": 5,
    ""business_viability"": 3
  },
  ""reasoning"": ""I'm investing because VoiceVault addresses a significant pain point in password management, leveraging a unique voice biometrics authentication method. While there's still work to be done to refine the business model, the technical feasibility is high, and the market potential is substantial.""
}",8,invest,80,4,5,3,"I'm investing because VoiceVault addresses a significant pain point in password management, leveraging a unique voice biometrics authentication method. While there's still work to be done to refine the business model, the technical feasibility is high, and the market potential is substantial.",True
CASE_SYN_019,models/Meta-Llama-3-8B-Instruct,models/Meta-Llama-3-8B-Instruct,vllm,http://localhost:8000/v1,C1,1,3bb65d16,0.0,2026-08-28T17:53:37.992312,1,"{
  ""score"": 8,
  ""verdict"": ""invest"",
  ""confidence"": 80,
  ""rubric_scores"": {
    ""market_potential"": 4,
    ""technical_feasibility"": 5,
    ""business_viability"": 3
  },
  ""reasoning"": ""I'm investing in CycleSafe because the idea addresses a real pain point for cyclists, and the technical feasibility seems high. However, I'm less confident in the business viability, as the market size and competitive landscape are unclear.""
}",8,invest,80,4,5,3,"I'm investing in CycleSafe because the idea addresses a real pain point for cyclists, and the technical feasibility seems high. However, I'm less confident in the business viability, as the market size and competitive landscape are unclear.",True
CASE_SYN_019,models/Meta-Llama-3-8B-Instruct,models/Meta-Llama-3-8B-Instruct,vllm,http://localhost:8000/v1,C1,2,3bb65d16,0.0,2026-08-28T17:53:38.617579,1,"{
  ""score"": 8,
  ""verdict"": ""invest"",
  ""confidence"": 80,
  ""rubric_scores"": {
    ""market_potential"": 4,
    ""technical_feasibility"": 5,
    ""business_viability"": 3
  },
  ""reasoning"": ""I'm investing in CycleSafe because the idea addresses a real pain point for cyclists, and the technical feasibility seems high. However, I'm less confident in the business viability, as the market size and competitive landscape are unclear.""
}",8,invest,80,4,5,3,"I'm investing in CycleSafe because the idea addresses a real pain point for cyclists, and the technical feasibility seems high. However, I'm less confident in the business viability, as the market size and competitive landscape are unclear.",True
CASE_SYN_019,models/Meta-Llama-3-8B-Instruct,models/Meta-Llama-3-8B-Instruct,vllm,http://localhost:8000/v1,C1,4,3bb65d16,0.0,2026-08-28T17:53:39.457657,1,"{
  ""score"": 8,
  ""verdict"": ""invest"",
  ""confidence"": 80,
  ""rubric_scores"": {
    ""market_potential"": 4,
    ""technical_feasibility"": 5,
    ""business_viability"": 3
  },
  ""reasoning"": ""I'm investing in CycleSafe because the idea addresses a real pain point for cyclists, and the technical feasibility seems high. However, I'm less confident in the business viability, as the market size and competitive landscape are unclear.""
}",8,invest,80,4,5,3,"I'm investing in CycleSafe because the idea addresses a real pain point for cyclists, and the technical feasibility seems high. However, I'm less confident in the business viability, as the market size and competitive landscape are unclear.",True
CASE_SYN_018,models/Meta-Llama-3-8B-Instruct,models/Meta-Llama-3-8B-Instruct,vllm,http://localhost:8000/v1,C1,10,3bb65d16,0.0,2026-08-28T17:53:39.791812,1,"{
  ""score"": 8,
  ""verdict"": ""invest"",
  ""confidence"": 80,
  ""rubric_scores"": {
    ""market_potential"": 4,
    ""technical_feasibility"": 5,
    ""business_viability"": 3
  },
  ""reasoning"": ""I'm investing because VoiceVault addresses a significant pain point in password management, leveraging a unique voice biometrics authentication method. While there's still work to be done to refine the business model, the technical feasibility is promising.""
}",8,invest,80,4,5,3,"I'm investing because VoiceVault addresses a significant pain point in password management, leveraging a unique voice biometrics authentication method. While there's still work to be done to refine the business model, the technical feasibility is promising.",True
CASE_SYN_018,models/Meta-Llama-3-8B-Instruct,models/Meta-Llama-3-8B-Instruct,vllm,http://localhost:8000/v1,C1,9,3bb65d16,0.0,2026-08-28T17:53:37.467708,1,"{
  ""score"": 8,
  ""verdict"": ""invest"",
  ""confidence"": 80,
  ""rubric_scores"": {
    ""market_potential"": 4,
    ""technical_feasibility"": 5,
    ""business_viability"": 3
  },
  ""reasoning"": ""I'm investing because VoiceVault addresses a significant pain point in password management, leveraging a unique voice biometrics authentication method. While there's still work to be done on business viability, the technical feasibility is high, and the market potential is substantial.""
}",8,invest,80,4,5,3,"I'm investing because VoiceVault addresses a significant pain point in password management, leveraging a unique voice biometrics authentication method. While there's still work to be done on business viability, the technical feasibility is high, and the market potential is substantial.",True
CASE_SYN_019,models/Meta-Llama-3-8B-Instruct,models/Meta-Llama-3-8B-Instruct,vllm,http://localhost:8000/v1,C1,3,3bb65d16,0.0,2026-08-28T17:53:39.256735,1,"{
  ""score"": 8,
  ""verdict"": ""invest"",
  ""confidence"": 80,
  ""rubric_scores"": {
    ""market_potential"": 4,
    ""technical_feasibility"": 5,
    ""business_viability"": 3
  },
  ""reasoning"": ""I'm investing in CycleSafe because the idea addresses a real pain point for cyclists, and the technical feasibility seems high. However, I'm less confident in the business viability, as the market size and competitive landscape are unclear.""
}",8,invest,80,4,5,3,"I'm investing in CycleSafe because the idea addresses a real pain point for cyclists, and the technical feasibility seems high. However, I'm less confident in the business viability, as the market size and competitive landscape are unclear.",True
CASE_SYN_019,models/Meta-Llama-3-8B-Instruct,models/Meta-Llama-3-8B-Instruct,vllm,http://localhost:8000/v1,C1,5,3bb65d16,0.0,2026-08-28T17:53:58.028979,1,"{
  ""score"": 8,
  ""verdict"": ""invest"",
  ""confidence"": 80,
  ""rubric_scores"": {
    ""market_potential"": 4,
    ""technical_feasibility"": 5,
    ""business_viability"": 3
  },
  ""reasoning"": ""I'm investing in CycleSafe because the idea addresses a real pain point for cyclists, and the technical feasibility seems high. However, I'm less confident in the business viability, as the market size and competitive landscape are unclear.""
}",8,invest,80,4,5,3,"I'm investing in CycleSafe because the idea addresses a real pain point for cyclists, and the technical feasibility seems high. However, I'm less confident in the business viability, as the market size and competitive landscape are unclear.",True
CASE_SYN_019,models/Meta-Llama-3-8B-Instruct,models/Meta-Llama-3-8B-Instruct,vllm,http://localhost:8000/v1,C1,6,3bb65d16,0.0,2026-08-28T17:54:08.048081,1,"{
  ""score"": 8,
  ""verdict"": ""invest"",
  ""confidence"": 80,
  ""rubric_scores"": {
    ""market_potential"": 4,
    ""technical_feasibility"": 5,
    ""business_viability"": 3
  },
  ""reasoning"": ""I'm investing in CycleSafe because the idea addresses a real pain point for cyclists, and the technical feasibility seems high. However, I'm less confident in the business viability, as the market size and competitive landscape are unclear.""
}",8,invest,80,4,5,3,"I'm investing in CycleSafe because the idea addresses a real pain point for cyclists, and the technical feasibility seems high. However, I'm less confident in the business viability, as the market size and competitive landscape are unclear.",True
CASE_SYN_019,models/Meta-Llama-3-8B-Instruct,models/Meta-Llama-3-8B-Instruct,vllm,http://localhost:8000/v1,C1,7,3bb65d16,0.0,2026-08-28T17:54:15.521584,1,"{
  ""score"": 8,
  ""verdict"": ""invest"",
  ""confidence"": 80,
  ""rubric_scores"": {
    ""market_potential"": 4,
    ""technical_feasibility"": 5,
    ""business_viability"": 3
  },
  ""reasoning"": ""I'm investing in CycleSafe because the idea addresses a real pain point for cyclists, and the technical feasibility seems high. However, I'm less confident in the business viability, as the market size and competitive landscape are unclear.""
}",8,invest,80,4,5,3,"I'm investing in CycleSafe because the idea addresses a real pain point for cyclists, and the technical feasibility seems high. However, I'm less confident in the business viability, as the market size and competitive landscape are unclear.",True
CASE_SYN_020,models/Meta-Llama-3-8B-Instruct,models/Meta-Llama-3-8B-Instruct,vllm,http://localhost:8000/v1,C1,2,3bb65d16,0.0,2026-08-28T17:54:28.638852,1,"{
  ""score"": 8,
  ""verdict"": ""invest"",
  ""confidence"": 80,
  ""rubric_scores"": {
    ""market_potential"": 4,
    ""technical_feasibility"": 4,
    ""business_viability"": 4
  },
  ""reasoning"": ""RecipeRadar addresses a common pain point for many consumers, and its unique features, such as auto-generated shopping lists, have the potential to drive user engagement and retention.""
}",8,invest,80,4,4,4,"RecipeRadar addresses a common pain point for many consumers, and its unique features, such as auto-generated shopping lists, have the potential to drive user engagement and retention.",True
CASE_SYN_020,models/Meta-Llama-3-8B-Instruct,models/Meta-Llama-3-8B-Instruct,vllm,http://localhost:8000/v1,C1,1,3bb65d16,0.0,2026-08-28T17:54:28.438732,1,"{
  ""score"": 8,
  ""verdict"": ""invest"",
  ""confidence"": 80,
  ""rubric_scores"": {
    ""market_potential"": 4,
    ""technical_feasibility"": 4,
    ""business_viability"": 4
  },
  ""reasoning"": ""RecipeRadar addresses a common pain point for many consumers, and its unique features, such as auto-generated shopping lists, have the potential to drive user engagement and retention.""
}",8,invest,80,4,4,4,"RecipeRadar addresses a common pain point for many consumers, and its unique features, such as auto-generated shopping lists, have the potential to drive user engagement and retention.",True
CASE_SYN_020,models/Meta-Llama-3-8B-Instruct,models/Meta-Llama-3-8B-Instruct,vllm,http://localhost:8000/v1,C1,4,3bb65d16,0.0,2026-08-28T17:54:29.039282,1,"{
  ""score"": 8,
  ""verdict"": ""invest"",
  ""confidence"": 80,
  ""rubric_scores"": {
    ""market_potential"": 4,
    ""technical_feasibility"": 4,
    ""business_viability"": 4
  },
  ""reasoning"": ""RecipeRadar addresses a common pain point for many consumers, and its unique features, such as auto-generated shopping lists, have the potential to drive user engagement and retention.""
}",8,invest,80,4,4,4,"RecipeRadar addresses a common pain point for many consumers, and its unique features, such as auto-generated shopping lists, have the potential to drive user engagement and retention.",True
CASE_SYN_020,models/Meta-Llama-3-8B-Instruct,models/Meta-Llama-3-8B-Instruct,vllm,http://localhost:8000/v1,C1,3,3bb65d16,0.0,2026-08-28T17:54:28.838802,1,"{
  ""score"": 8,
  ""verdict"": ""invest"",
  ""confidence"": 80,
  ""rubric_scores"": {
    ""market_potential"": 4,
    ""technical_feasibility"": 4,
    ""business_viability"": 4
  },
  ""reasoning"": ""RecipeRadar addresses a common pain point for many consumers, and its unique features, such as auto-generated shopping lists, have the potential to drive user engagement and retention.""
}",8,invest,80,4,4,4,"RecipeRadar addresses a common pain point for many consumers, and its unique features, such as auto-generated shopping lists, have the potential to drive user engagement and retention.",True
CASE_SYN_019,models/Meta-Llama-3-8B-Instruct,models/Meta-Llama-3-8B-Instruct,vllm,http://localhost:8000/v1,C1,8,3bb65d16,0.0,2026-08-28T17:54:26.848987,1,"{
  ""score"": 8,
  ""verdict"": ""invest"",
  ""confidence"": 80,
  ""rubric_scores"": {
    ""market_potential"": 4,
    ""technical_feasibility"": 5,
    ""business_viability"": 3
  },
  ""reasoning"": ""I'm investing in CycleSafe because the idea addresses a real pain point for cyclists, and the technical feasibility seems high. However, I'd like to see more clarity on the business model and competitive landscape.""
}",8,invest,80,4,5,3,"I'm investing in CycleSafe because the idea addresses a real pain point for cyclists, and the technical feasibility seems high. However, I'd like to see more clarity on the business model and competitive landscape.",True
CASE_SYN_019,models/Meta-Llama-3-8B-Instruct,models/Meta-Llama-3-8B-Instruct,vllm,http://localhost:8000/v1,C1,9,3bb65d16,0.0,2026-08-28T17:54:28.757856,1,"{
  ""score"": 8,
  ""verdict"": ""invest"",
  ""confidence"": 80,
  ""rubric_scores"": {
    ""market_potential"": 4,
    ""technical_feasibility"": 5,
    ""business_viability"": 3
  },
  ""reasoning"": ""I'm investing in CycleSafe because the idea addresses a real pain point for cyclists, and the technical feasibility seems high. However, I'm less confident in the business viability, as the market size and competitive landscape are unclear.""
}",8,invest,80,4,5,3,"I'm investing in CycleSafe because the idea addresses a real pain point for cyclists, and the technical feasibility seems high. However, I'm less confident in the business viability, as the market size and competitive landscape are unclear.",True
CASE_SYN_019,models/Meta-Llama-3-8B-Instruct,models/Meta-Llama-3-8B-Instruct,vllm,http://localhost:8000/v1,C1,10,3bb65d16,0.0,2026-08-28T17:54:29.385811,1,"{
  ""score"": 8,
  ""verdict"": ""invest"",
  ""confidence"": 80,
  ""rubric_scores"": {
    ""market_potential"": 4,
    ""technical_feasibility"": 5,
    ""business_viability"": 3
  },
  ""reasoning"": ""I'm investing in CycleSafe because the idea addresses a real pain point for cyclists, and the technical feasibility seems high. However, I'm less confident in the business viability, as the market size and competitive landscape are unclear.""
}",8,invest,80,4,5,3,"I'm investing in CycleSafe because the idea addresses a real pain point for cyclists, and the technical feasibility seems high. However, I'm less confident in the business viability, as the market size and competitive landscape are unclear.",True
CASE_SYN_020,models/Meta-Llama-3-8B-Instruct,models/Meta-Llama-3-8B-Instruct,vllm,http://localhost:8000/v1,C1,5,3bb65d16,0.0,2026-08-28T17:54:47.772377,1,"{
  ""score"": 8,
  ""verdict"": ""invest"",
  ""confidence"": 80,
  ""rubric_scores"": {
    ""market_potential"": 4,
    ""technical_feasibility"": 4,
    ""business_viability"": 4
  },
  ""reasoning"": ""RecipeRadar addresses a common pain point for many consumers, and its unique features, such as auto-generated shopping lists, have the potential to drive user engagement and retention.""
}",8,invest,80,4,4,4,"RecipeRadar addresses a common pain point for many consumers, and its unique features, such as auto-generated shopping lists, have the potential to drive user engagement and retention.",True
CASE_SYN_020,models/Meta-Llama-3-8B-Instruct,models/Meta-Llama-3-8B-Instruct,vllm,http://localhost:8000/v1,C1,6,3bb65d16,0.0,2026-08-28T17:54:57.794428,1,"{
  ""score"": 8,
  ""verdict"": ""invest"",
  ""confidence"": 80,
  ""rubric_scores"": {
    ""market_potential"": 4,
    ""technical_feasibility"": 4,
    ""business_viability"": 4
  },
  ""reasoning"": ""RecipeRadar addresses a common pain point for many consumers, and its unique features, such as auto-generated shopping lists, have the potential to drive user engagement and retention.""
}",8,invest,80,4,4,4,"RecipeRadar addresses a common pain point for many consumers, and its unique features, such as auto-generated shopping lists, have the potential to drive user engagement and retention.",True
CASE_SYN_020,models/Meta-Llama-3-8B-Instruct,models/Meta-Llama-3-8B-Instruct,vllm,http://localhost:8000/v1,C1,7,3bb65d16,0.0,2026-08-28T17:55:05.695019,1,"{
  ""score"": 8,
  ""verdict"": ""invest"",
  ""confidence"": 80,
  ""rubric_scores"": {
    ""market_potential"": 4,
    ""technical_feasibility"": 4,
    ""business_viability"": 4
  },
  ""reasoning"": ""RecipeRadar addresses a common pain point for many consumers, and its unique features, such as auto-generated shopping lists, have the potential to drive user engagement and retention.""
}",8,invest,80,4,4,4,"RecipeRadar addresses a common pain point for many consumers, and its unique features, such as auto-generated shopping lists, have the potential to drive user engagement and retention.",True
CASE_SYN_020,models/Meta-Llama-3-8B-Instruct,models/Meta-Llama-3-8B-Instruct,vllm,http://localhost:8000/v1,C1,8,3bb65d16,0.0,2026-08-28T17:55:14.030639,1,"{
  ""score"": 8,
  ""verdict"": ""invest"",
  ""confidence"": 80,
  ""rubric_scores"": {
    ""market_potential"": 4,
    ""technical_feasibility"": 4,
    ""business_viability"": 4
  },
  ""reasoning"": ""RecipeRadar addresses a common pain point for many consumers, and its unique features, such as auto-generated shopping lists, have the potential to drive user engagement and retention.""
}",8,invest,80,4,4,4,"RecipeRadar addresses a common pain point for many consumers, and its unique features, such as auto-generated shopping lists, have the potential to drive user engagement and retention.",True
CASE_SYN_020,models/Meta-Llama-3-8B-Instruct,models/Meta-Llama-3-8B-Instruct,vllm,http://localhost:8000/v1,C1,9,3bb65d16,0.0,2026-08-28T17:55:14.232565,1,"{
  ""score"": 8,
  ""verdict"": ""invest"",
  ""confidence"": 80,
  ""rubric_scores"": {
    ""market_potential"": 4,
    ""technical_feasibility"": 4,
    ""business_viability"": 4
  },
  ""reasoning"": ""RecipeRadar addresses a common pain point for many consumers, and its unique features, such as auto-generated shopping lists, have the potential to drive user engagement and retention.""
}",8,invest,80,4,4,4,"RecipeRadar addresses a common pain point for many consumers, and its unique features, such as auto-generated shopping lists, have the potential to drive user engagement and retention.",True
CASE_SYN_020,models/Meta-Llama-3-8B-Instruct,models/Meta-Llama-3-8B-Instruct,vllm,http://localhost:8000/v1,C1,10,3bb65d16,0.0,2026-08-28T17:55:15.296562,1,"{
  ""score"": 8,
  ""verdict"": ""invest"",
  ""confidence"": 80,
  ""rubric_scores"": {
    ""market_potential"": 4,
    ""technical_feasibility"": 4,
    ""business_viability"": 4
  },
  ""reasoning"": ""RecipeRadar addresses a common pain point for many consumers, and its unique features, such as auto-generated shopping lists, have the potential to drive user engagement and retention.""
}",8,invest,80,4,4,4,"RecipeRadar addresses a common pain point for many consumers, and its unique features, such as auto-generated shopping lists, have the potential to drive user engagement and retention.",True
CASE_SYN_021,models/Meta-Llama-3-8B-Instruct,models/Meta-Llama-3-8B-Instruct,vllm,http://localhost:8000/v1,C1,1,3bb65d16,0.0,2026-08-28T17:55:13.497394,1,"{
  ""score"": 8,
  ""verdict"": ""invest"",
  ""confidence"": 80,
  ""rubric_scores"": {
    ""market_potential"": 4,
    ""technical_feasibility"": 5,
    ""business_viability"": 3
  },
  ""reasoning"": ""I'm investing in LumiLantern because it addresses a specific pain point for campers and outdoor enthusiasts, and its unique features like wireless charging and SOS beacon provide a competitive edge. With a solid technical foundation and a clear target market, I believe this startup has the potential for growth.""
}",8,invest,80,4,5,3,"I'm investing in LumiLantern because it addresses a specific pain point for campers and outdoor enthusiasts, and its unique features like wireless charging and SOS beacon provide a competitive edge. With a solid technical foundation and a clear target market, I believe this startup has the potential for growth.",True
CASE_SYN_021,models/Meta-Llama-3-8B-Instruct,models/Meta-Llama-3-8B-Instruct,vllm,http://localhost:8000/v1,C1,2,3bb65d16,0.0,2026-08-28T17:55:14.107029,1,"{
  ""score"": 8,
  ""verdict"": ""invest"",
  ""confidence"": 80,
  ""rubric_scores"": {
    ""market_potential"": 4,
    ""technical_feasibility"": 5,
    ""business_viability"": 3
  },
  ""reasoning"": ""I'm investing in LumiLantern because it addresses a specific pain point for campers and outdoor enthusiasts, and its unique features like wireless charging and SOS beacon provide a competitive edge. With a solid technical foundation and a clear target market, I believe this startup has the potential for growth.""
}",8,invest,80,4,5,3,"I'm investing in LumiLantern because it addresses a specific pain point for campers and outdoor enthusiasts, and its unique features like wireless charging and SOS beacon provide a competitive edge. With a solid technical foundation and a clear target market, I believe this startup has the potential for growth.",True
CASE_SYN_021,models/Meta-Llama-3-8B-Instruct,models/Meta-Llama-3-8B-Instruct,vllm,http://localhost:8000/v1,C1,3,3bb65d16,0.0,2026-08-28T17:55:18.188403,1,"{
  ""score"": 8,
  ""verdict"": ""invest"",
  ""confidence"": 80,
  ""rubric_scores"": {
    ""market_potential"": 4,
    ""technical_feasibility"": 5,
    ""business_viability"": 3
  },
  ""reasoning"": ""I'm investing in LumiLantern because it addresses a specific pain point for campers and outdoor enthusiasts, and its unique features like wireless charging and SOS beacon provide a competitive edge. With a solid technical foundation and a clear target market, I believe this startup has the potential for growth.""
}",8,invest,80,4,5,3,"I'm investing in LumiLantern because it addresses a specific pain point for campers and outdoor enthusiasts, and its unique features like wireless charging and SOS beacon provide a competitive edge. With a solid technical foundation and a clear target market, I believe this startup has the potential for growth.",True
CASE_SYN_021,models/Meta-Llama-3-8B-Instruct,models/Meta-Llama-3-8B-Instruct,vllm,http://localhost:8000/v1,C1,4,3bb65d16,0.0,2026-08-28T17:55:19.242502,1,"{
  ""score"": 8,
  ""verdict"": ""invest"",
  ""confidence"": 80,
  ""rubric_scores"": {
    ""market_potential"": 4,
    ""technical_feasibility"": 5,
    ""business_viability"": 3
  },
  ""reasoning"": ""I'm investing in LumiLantern because it addresses a specific pain point for campers and outdoor enthusiasts, and its unique features like wireless charging and SOS beacon provide a competitive edge. With a solid technical foundation and a clear target market, I believe this startup has the potential to scale.""
}",8,invest,80,4,5,3,"I'm investing in LumiLantern because it addresses a specific pain point for campers and outdoor enthusiasts, and its unique features like wireless charging and SOS beacon provide a competitive edge. With a solid technical foundation and a clear target market, I believe this startup has the potential to scale.",True
CASE_SYN_021,models/Meta-Llama-3-8B-Instruct,models/Meta-Llama-3-8B-Instruct,vllm,http://localhost:8000/v1,C1,5,3bb65d16,0.0,2026-08-28T17:55:33.080642,1,"{
  ""score"": 8,
  ""verdict"": ""invest"",
  ""confidence"": 80,
  ""rubric_scores"": {
    ""market_potential"": 4,
    ""technical_feasibility"": 5,
    ""business_viability"": 3
  },
  ""reasoning"": ""I'm investing in LumiLantern because it addresses a specific pain point for campers and outdoor enthusiasts, and its unique features like wireless charging and SOS beacon provide a competitive edge. With a solid technical foundation and a clear target market, I believe this startup has the potential for growth.""
}",8,invest,80,4,5,3,"I'm investing in LumiLantern because it addresses a specific pain point for campers and outdoor enthusiasts, and its unique features like wireless charging and SOS beacon provide a competitive edge. With a solid technical foundation and a clear target market, I believe this startup has the potential for growth.",True
CASE_SYN_021,models/Meta-Llama-3-8B-Instruct,models/Meta-Llama-3-8B-Instruct,vllm,http://localhost:8000/v1,C1,6,3bb65d16,0.0,2026-08-28T17:55:43.088026,1,"{
  ""score"": 8,
  ""verdict"": ""invest"",
  ""confidence"": 80,
  ""rubric_scores"": {
    ""market_potential"": 4,
    ""technical_feasibility"": 5,
    ""business_viability"": 3
  },
  ""reasoning"": ""I'm investing in LumiLantern because it addresses a specific pain point for campers and outdoor enthusiasts, and its unique features like wireless charging and SOS beacon provide a competitive edge. With a solid technical foundation and a clear target market, I believe this startup has the potential for growth.""
}",8,invest,80,4,5,3,"I'm investing in LumiLantern because it addresses a specific pain point for campers and outdoor enthusiasts, and its unique features like wireless charging and SOS beacon provide a competitive edge. With a solid technical foundation and a clear target market, I believe this startup has the potential for growth.",True
CASE_SYN_021,models/Meta-Llama-3-8B-Instruct,models/Meta-Llama-3-8B-Instruct,vllm,http://localhost:8000/v1,C1,7,3bb65d16,0.0,2026-08-28T17:55:51.397993,1,"{
  ""score"": 8,
  ""verdict"": ""invest"",
  ""confidence"": 80,
  ""rubric_scores"": {
    ""market_potential"": 4,
    ""technical_feasibility"": 5,
    ""business_viability"": 3
  },
  ""reasoning"": ""I'm investing in LumiLantern because it addresses a specific pain point for campers and outdoor enthusiasts, and its unique features like wireless charging and SOS beacon provide a competitive edge. With a solid technical foundation and a clear target market, I believe this startup has the potential for growth.""
}",8,invest,80,4,5,3,"I'm investing in LumiLantern because it addresses a specific pain point for campers and outdoor enthusiasts, and its unique features like wireless charging and SOS beacon provide a competitive edge. With a solid technical foundation and a clear target market, I believe this startup has the potential for growth.",True
CASE_SYN_021,models/Meta-Llama-3-8B-Instruct,models/Meta-Llama-3-8B-Instruct,vllm,http://localhost:8000/v1,C1,8,3bb65d16,0.0,2026-08-28T17:55:59.727021,1,"{
  ""score"": 8,
  ""verdict"": ""invest"",
  ""confidence"": 80,
  ""rubric_scores"": {
    ""market_potential"": 4,
    ""technical_feasibility"": 5,
    ""business_viability"": 3
  },
  ""reasoning"": ""I'm investing in LumiLantern because it addresses a specific pain point for campers and outdoor enthusiasts, and its unique features like wireless charging and SOS beacon provide a competitive edge. With a solid technical foundation and a clear target market, I believe this startup has the potential for growth.""
}",8,invest,80,4,5,3,"I'm investing in LumiLantern because it addresses a specific pain point for campers and outdoor enthusiasts, and its unique features like wireless charging and SOS beacon provide a competitive edge. With a solid technical foundation and a clear target market, I believe this startup has the potential for growth.",True
CASE_SYN_021,models/Meta-Llama-3-8B-Instruct,models/Meta-Llama-3-8B-Instruct,vllm,http://localhost:8000/v1,C1,9,3bb65d16,0.0,2026-08-28T17:56:00.347049,1,"{
  ""score"": 8,
  ""verdict"": ""invest"",
  ""confidence"": 80,
  ""rubric_scores"": {
    ""market_potential"": 4,
    ""technical_feasibility"": 5,
    ""business_viability"": 3
  },
  ""reasoning"": ""I'm investing in LumiLantern because it addresses a specific pain point for campers and outdoor enthusiasts, and its unique features like wireless charging and SOS beacon provide a competitive edge. With a solid technical foundation and a clear target market, I believe this startup has the potential for growth.""
}",8,invest,80,4,5,3,"I'm investing in LumiLantern because it addresses a specific pain point for campers and outdoor enthusiasts, and its unique features like wireless charging and SOS beacon provide a competitive edge. With a solid technical foundation and a clear target market, I believe this startup has the potential for growth.",True
CASE_SYN_021,models/Meta-Llama-3-8B-Instruct,models/Meta-Llama-3-8B-Instruct,vllm,http://localhost:8000/v1,C1,10,3bb65d16,0.0,2026-08-28T17:56:01.399832,1,"{
  ""score"": 8,
  ""verdict"": ""invest"",
  ""confidence"": 80,
  ""rubric_scores"": {
    ""market_potential"": 4,
    ""technical_feasibility"": 5,
    ""business_viability"": 3
  },
  ""reasoning"": ""I'm investing in LumiLantern because it addresses a specific pain point for campers and outdoor enthusiasts, and its unique features like wireless charging and SOS beacon provide a competitive edge. With a solid technical foundation and a clear target market, I believe this startup has the potential for growth.""
}",8,invest,80,4,5,3,"I'm investing in LumiLantern because it addresses a specific pain point for campers and outdoor enthusiasts, and its unique features like wireless charging and SOS beacon provide a competitive edge. With a solid technical foundation and a clear target market, I believe this startup has the potential for growth.",True
CASE_SYN_022,models/Meta-Llama-3-8B-Instruct,models/Meta-Llama-3-8B-Instruct,vllm,http://localhost:8000/v1,C1,1,3bb65d16,0.0,2026-08-28T17:56:08.542529,1,"{
  ""score"": 7,
  ""verdict"": ""invest"",
  ""confidence"": 80,
  ""rubric_scores"": {
    ""market_potential"": 4,
    ""technical_feasibility"": 3,
    ""business_viability"": 4
  },
  ""reasoning"": ""While the idea is not revolutionary, it addresses a common problem and has a clear value proposition. With a well-designed app and marketing strategy, PosturePro has the potential to attract a loyal user base and generate revenue.""
}",7,invest,80,4,3,4,"While the idea is not revolutionary, it addresses a common problem and has a clear value proposition. With a well-designed app and marketing strategy, PosturePro has the potential to attract a loyal user base and generate revenue.",True
CASE_SYN_022,models/Meta-Llama-3-8B-Instruct,models/Meta-Llama-3-8B-Instruct,vllm,http://localhost:8000/v1,C1,2,3bb65d16,0.0,2026-08-28T17:56:09.169203,1,"{
  ""score"": 7,
  ""verdict"": ""invest"",
  ""confidence"": 80,
  ""rubric_scores"": {
    ""market_potential"": 4,
    ""technical_feasibility"": 4,
    ""business_viability"": 3
  },
  ""reasoning"": ""While the idea is not revolutionary, it addresses a common problem and has a clear value proposition. With a well-designed app and marketing strategy, PosturePro has the potential to attract a loyal user base and generate revenue.""
}",7,invest,80,4,4,3,"While the idea is not revolutionary, it addresses a common problem and has a clear value proposition. With a well-designed app and marketing strategy, PosturePro has the potential to attract a loyal user base and generate revenue.",True
CASE_SYN_022,models/Meta-Llama-3-8B-Instruct,models/Meta-Llama-3-8B-Instruct,vllm,http://localhost:8000/v1,C1,3,3bb65d16,0.0,2026-08-28T17:56:13.679602,1,"{
  ""score"": 7,
  ""verdict"": ""invest"",
  ""confidence"": 80,
  ""rubric_scores"": {
    ""market_potential"": 4,
    ""technical_feasibility"": 3,
    ""business_viability"": 4
  },
  ""reasoning"": ""While the idea is not revolutionary, it addresses a common problem and has a clear value proposition. With a well-designed app and marketing strategy, PosturePro has the potential to attract a loyal user base and generate revenue.""
}",7,invest,80,4,3,4,"While the idea is not revolutionary, it addresses a common problem and has a clear value proposition. With a well-designed app and marketing strategy, PosturePro has the potential to attract a loyal user base and generate revenue.",True
CASE_SYN_022,models/Meta-Llama-3-8B-Instruct,models/Meta-Llama-3-8B-Instruct,vllm,http://localhost:8000/v1,C1,4,3bb65d16,0.0,2026-08-28T17:56:14.741000,1,"{
  ""score"": 7,
  ""verdict"": ""invest"",
  ""confidence"": 80,
  ""rubric_scores"": {
    ""market_potential"": 4,
    ""technical_feasibility"": 4,
    ""business_viability"": 3
  },
  ""reasoning"": ""While the idea is not revolutionary, it addresses a common problem and has a clear value proposition. With a well-designed app and marketing strategy, PosturePro has the potential to attract a loyal user base and generate revenue.""
}",7,invest,80,4,4,3,"While the idea is not revolutionary, it addresses a common problem and has a clear value proposition. With a well-designed app and marketing strategy, PosturePro has the potential to attract a loyal user base and generate revenue.",True
CASE_SYN_022,models/Meta-Llama-3-8B-Instruct,models/Meta-Llama-3-8B-Instruct,vllm,http://localhost:8000/v1,C1,5,3bb65d16,0.0,2026-08-28T17:56:29.020124,1,"{
  ""score"": 7,
  ""verdict"": ""invest"",
  ""confidence"": 80,
  ""rubric_scores"": {
    ""market_potential"": 4,
    ""technical_feasibility"": 4,
    ""business_viability"": 3
  },
  ""reasoning"": ""While the idea is not revolutionary, it addresses a common problem and has a clear value proposition. With a well-designed app and marketing strategy, PosturePro has the potential to attract a loyal user base and generate revenue.""
}",7,invest,80,4,4,3,"While the idea is not revolutionary, it addresses a common problem and has a clear value proposition. With a well-designed app and marketing strategy, PosturePro has the potential to attract a loyal user base and generate revenue.",True
CASE_SYN_022,models/Meta-Llama-3-8B-Instruct,models/Meta-Llama-3-8B-Instruct,vllm,http://localhost:8000/v1,C1,6,3bb65d16,0.0,2026-08-28T17:56:39.052005,1,"{
  ""score"": 7,
  ""verdict"": ""invest"",
  ""confidence"": 80,
  ""rubric_scores"": {
    ""market_potential"": 4,
    ""technical_feasibility"": 3,
    ""business_viability"": 4
  },
  ""reasoning"": ""While the idea is not revolutionary, it addresses a common problem and has a clear value proposition. With a well-designed app and marketing strategy, PosturePro has the potential to attract a loyal user base and generate revenue.""
}",7,invest,80,4,3,4,"While the idea is not revolutionary, it addresses a common problem and has a clear value proposition. With a well-designed app and marketing strategy, PosturePro has the potential to attract a loyal user base and generate revenue.",True
CASE_SYN_022,models/Meta-Llama-3-8B-Instruct,models/Meta-Llama-3-8B-Instruct,vllm,http://localhost:8000/v1,C1,7,3bb65d16,0.0,2026-08-28T17:56:47.823207,1,"{
  ""score"": 7,
  ""verdict"": ""invest"",
  ""confidence"": 80,
  ""rubric_scores"": {
    ""market_potential"": 4,
    ""technical_feasibility"": 3,
    ""business_viability"": 4
  },
  ""reasoning"": ""While the idea is not revolutionary, it addresses a common problem and has a clear value proposition. With a well-designed app and marketing strategy, PosturePro has the potential to attract a loyal user base and generate revenue.""
}",7,invest,80,4,3,4,"While the idea is not revolutionary, it addresses a common problem and has a clear value proposition. With a well-designed app and marketing strategy, PosturePro has the potential to attract a loyal user base and generate revenue.",True
CASE_SYN_022,models/Meta-Llama-3-8B-Instruct,models/Meta-Llama-3-8B-Instruct,vllm,http://localhost:8000/v1,C1,8,3bb65d16,0.0,2026-08-28T17:56:56.157934,1,"{
  ""score"": 7,
  ""verdict"": ""invest"",
  ""confidence"": 80,
  ""rubric_scores"": {
    ""market_potential"": 4,
    ""technical_feasibility"": 4,
    ""business_viability"": 3
  },
  ""reasoning"": ""While the idea is not revolutionary, it addresses a common problem and has a clear value proposition. With a well-designed app and marketing strategy, PosturePro has the potential to attract a loyal user base and generate revenue.""
}",7,invest,80,4,4,3,"While the idea is not revolutionary, it addresses a common problem and has a clear value proposition. With a well-designed app and marketing strategy, PosturePro has the potential to attract a loyal user base and generate revenue.",True
CASE_SYN_022,models/Meta-Llama-3-8B-Instruct,models/Meta-Llama-3-8B-Instruct,vllm,http://localhost:8000/v1,C1,9,3bb65d16,0.0,2026-08-28T17:56:57.208598,1,"{
  ""score"": 7,
  ""verdict"": ""invest"",
  ""confidence"": 80,
  ""rubric_scores"": {
    ""market_potential"": 4,
    ""technical_feasibility"": 4,
    ""business_viability"": 3
  },
  ""reasoning"": ""While the idea is not revolutionary, it addresses a common problem and has a clear value proposition. With a well-designed app and marketing strategy, PosturePro has the potential to attract a loyal user base and generate revenue.""
}",7,invest,80,4,4,3,"While the idea is not revolutionary, it addresses a common problem and has a clear value proposition. With a well-designed app and marketing strategy, PosturePro has the potential to attract a loyal user base and generate revenue.",True
CASE_SYN_022,models/Meta-Llama-3-8B-Instruct,models/Meta-Llama-3-8B-Instruct,vllm,http://localhost:8000/v1,C1,10,3bb65d16,0.0,2026-08-28T17:56:58.262727,1,"{
  ""score"": 7,
  ""verdict"": ""invest"",
  ""confidence"": 80,
  ""rubric_scores"": {
    ""market_potential"": 4,
    ""technical_feasibility"": 4,
    ""business_viability"": 3
  },
  ""reasoning"": ""While the idea is not revolutionary, it addresses a common problem and has a clear value proposition. With a well-designed app and marketing strategy, PosturePro has the potential to attract a loyal user base and generate revenue.""
}",7,invest,80,4,4,3,"While the idea is not revolutionary, it addresses a common problem and has a clear value proposition. With a well-designed app and marketing strategy, PosturePro has the potential to attract a loyal user base and generate revenue.",True
CASE_SYN_023,models/Meta-Llama-3-8B-Instruct,models/Meta-Llama-3-8B-Instruct,vllm,http://localhost:8000/v1,C1,1,3bb65d16,0.0,2026-08-28T17:56:57.315587,1,"{
  ""score"": 7,
  ""verdict"": ""invest"",
  ""confidence"": 80,
  ""rubric_scores"": {
    ""market_potential"": 4,
    ""technical_feasibility"": 3,
    ""business_viability"": 4
  },
  ""reasoning"": ""I'm investing in ArtisanBox because it combines the growing demand for subscription boxes with the unique value proposition of showcasing local artisans. The video tutorials and artist stories add an educational and emotional layer to the experience, making it a compelling offering.""
}",7,invest,80,4,3,4,"I'm investing in ArtisanBox because it combines the growing demand for subscription boxes with the unique value proposition of showcasing local artisans. The video tutorials and artist stories add an educational and emotional layer to the experience, making it a compelling offering.",True
CASE_SYN_023,models/Meta-Llama-3-8B-Instruct,models/Meta-Llama-3-8B-Instruct,vllm,http://localhost:8000/v1,C1,2,3bb65d16,0.0,2026-08-28T17:56:57.937457,1,"{
  ""score"": 7,
  ""verdict"": ""invest"",
  ""confidence"": 80,
  ""rubric_scores"": {
    ""market_potential"": 4,
    ""technical_feasibility"": 3,
    ""business_viability"": 4
  },
  ""reasoning"": ""I'm investing in ArtisanBox because it combines the growing demand for subscription boxes with the unique value proposition of showcasing local artisans. The video tutorials and artist stories add an educational and emotional layer to the experience, making it a compelling offering.""
}",7,invest,80,4,3,4,"I'm investing in ArtisanBox because it combines the growing demand for subscription boxes with the unique value proposition of showcasing local artisans. The video tutorials and artist stories add an educational and emotional layer to the experience, making it a compelling offering.",True
CASE_SYN_023,models/Meta-Llama-3-8B-Instruct,models/Meta-Llama-3-8B-Instruct,vllm,http://localhost:8000/v1,C1,3,3bb65d16,0.0,2026-08-28T17:57:02.867579,1,"{
  ""score"": 7,
  ""verdict"": ""invest"",
  ""confidence"": 80,
  ""rubric_scores"": {
    ""market_potential"": 4,
    ""technical_feasibility"": 3,
    ""business_viability"": 4
  },
  ""reasoning"": ""I'm investing in ArtisanBox because it combines the growing demand for subscription boxes with the unique value proposition of showcasing local artisans. The video tutorials and artist stories add an educational and emotional layer to the experience, making it a compelling offering.""
}",7,invest,80,4,3,4,"I'm investing in ArtisanBox because it combines the growing demand for subscription boxes with the unique value proposition of showcasing local artisans. The video tutorials and artist stories add an educational and emotional layer to the experience, making it a compelling offering.",True
CASE_SYN_023,models/Meta-Llama-3-8B-Instruct,models/Meta-Llama-3-8B-Instruct,vllm,http://localhost:8000/v1,C1,4,3bb65d16,0.0,2026-08-28T17:57:03.926007,1,"{
  ""score"": 7,
  ""verdict"": ""invest"",
  ""confidence"": 80,
  ""rubric_scores"": {
    ""market_potential"": 4,
    ""technical_feasibility"": 3,
    ""business_viability"": 4
  },
  ""reasoning"": ""I'm investing in ArtisanBox because it combines the growing demand for subscription boxes with the unique value proposition of showcasing local artisans. The video tutorials and artist stories add an educational and emotional layer to the experience, making it a compelling offering.""
}",7,invest,80,4,3,4,"I'm investing in ArtisanBox because it combines the growing demand for subscription boxes with the unique value proposition of showcasing local artisans. The video tutorials and artist stories add an educational and emotional layer to the experience, making it a compelling offering.",True
CASE_SYN_023,models/Meta-Llama-3-8B-Instruct,models/Meta-Llama-3-8B-Instruct,vllm,http://localhost:8000/v1,C1,5,3bb65d16,0.0,2026-08-28T17:57:18.611982,1,"{
  ""score"": 7,
  ""verdict"": ""invest"",
  ""confidence"": 80,
  ""rubric_scores"": {
    ""market_potential"": 4,
    ""technical_feasibility"": 3,
    ""business_viability"": 4
  },
  ""reasoning"": ""I'm investing in ArtisanBox because it combines the growing demand for subscription boxes with the unique value proposition of showcasing local artisans. The video tutorials and artist stories add an educational and emotional layer to the experience, making it a compelling offering.""
}",7,invest,80,4,3,4,"I'm investing in ArtisanBox because it combines the growing demand for subscription boxes with the unique value proposition of showcasing local artisans. The video tutorials and artist stories add an educational and emotional layer to the experience, making it a compelling offering.",True
CASE_SYN_023,models/Meta-Llama-3-8B-Instruct,models/Meta-Llama-3-8B-Instruct,vllm,http://localhost:8000/v1,C1,6,3bb65d16,0.0,2026-08-28T17:57:28.621623,1,"{
  ""score"": 7,
  ""verdict"": ""invest"",
  ""confidence"": 80,
  ""rubric_scores"": {
    ""market_potential"": 4,
    ""technical_feasibility"": 3,
    ""business_viability"": 4
  },
  ""reasoning"": ""I'm investing in ArtisanBox because it combines the growing demand for subscription boxes with the unique value proposition of showcasing local artisans. The video tutorials and artist stories add an educational and emotional layer to the experience, making it a compelling offering.""
}",7,invest,80,4,3,4,"I'm investing in ArtisanBox because it combines the growing demand for subscription boxes with the unique value proposition of showcasing local artisans. The video tutorials and artist stories add an educational and emotional layer to the experience, making it a compelling offering.",True
CASE_SYN_023,models/Meta-Llama-3-8B-Instruct,models/Meta-Llama-3-8B-Instruct,vllm,http://localhost:8000/v1,C1,7,3bb65d16,0.0,2026-08-28T17:57:37.797999,1,"{
  ""score"": 7,
  ""verdict"": ""invest"",
  ""confidence"": 80,
  ""rubric_scores"": {
    ""market_potential"": 4,
    ""technical_feasibility"": 3,
    ""business_viability"": 4
  },
  ""reasoning"": ""I'm investing in ArtisanBox because it combines the growing demand for subscription boxes with the unique value proposition of showcasing local artisans. The video tutorials and artist stories add an educational and emotional layer to the experience, making it a compelling offering.""
}",7,invest,80,4,3,4,"I'm investing in ArtisanBox because it combines the growing demand for subscription boxes with the unique value proposition of showcasing local artisans. The video tutorials and artist stories add an educational and emotional layer to the experience, making it a compelling offering.",True
CASE_SYN_023,models/Meta-Llama-3-8B-Instruct,models/Meta-Llama-3-8B-Instruct,vllm,http://localhost:8000/v1,C1,8,3bb65d16,0.0,2026-08-28T17:57:46.109171,1,"{
  ""score"": 7,
  ""verdict"": ""invest"",
  ""confidence"": 80,
  ""rubric_scores"": {
    ""market_potential"": 4,
    ""technical_feasibility"": 3,
    ""business_viability"": 4
  },
  ""reasoning"": ""I'm investing in ArtisanBox because it combines the growing demand for subscription boxes with the unique value proposition of showcasing local artisans. The video tutorials and artist stories add an educational and emotional layer to the experience, making it a compelling offering.""
}",7,invest,80,4,3,4,"I'm investing in ArtisanBox because it combines the growing demand for subscription boxes with the unique value proposition of showcasing local artisans. The video tutorials and artist stories add an educational and emotional layer to the experience, making it a compelling offering.",True
CASE_SYN_023,models/Meta-Llama-3-8B-Instruct,models/Meta-Llama-3-8B-Instruct,vllm,http://localhost:8000/v1,C1,9,3bb65d16,0.0,2026-08-28T17:57:47.589386,1,"{
  ""score"": 7,
  ""verdict"": ""invest"",
  ""confidence"": 80,
  ""rubric_scores"": {
    ""market_potential"": 4,
    ""technical_feasibility"": 3,
    ""business_viability"": 4
  },
  ""reasoning"": ""I'm investing in ArtisanBox because it combines the growing demand for subscription boxes with the unique value proposition of showcasing local artisans. The video tutorials and artist stories add an educational and emotional layer to the experience, making it a compelling offering.""
}",7,invest,80,4,3,4,"I'm investing in ArtisanBox because it combines the growing demand for subscription boxes with the unique value proposition of showcasing local artisans. The video tutorials and artist stories add an educational and emotional layer to the experience, making it a compelling offering.",True
CASE_SYN_023,models/Meta-Llama-3-8B-Instruct,models/Meta-Llama-3-8B-Instruct,vllm,http://localhost:8000/v1,C1,10,3bb65d16,0.0,2026-08-28T17:57:48.636435,1,"{
  ""score"": 7,
  ""verdict"": ""invest"",
  ""confidence"": 80,
  ""rubric_scores"": {
    ""market_potential"": 4,
    ""technical_feasibility"": 3,
    ""business_viability"": 4
  },
  ""reasoning"": ""I'm investing in ArtisanBox because it combines the growing demand for subscription boxes with the unique value proposition of showcasing local artisans. The video tutorials and artist stories add an educational and emotional layer to the experience, making it a compelling offering.""
}",7,invest,80,4,3,4,"I'm investing in ArtisanBox because it combines the growing demand for subscription boxes with the unique value proposition of showcasing local artisans. The video tutorials and artist stories add an educational and emotional layer to the experience, making it a compelling offering.",True
CASE_SYN_024,models/Meta-Llama-3-8B-Instruct,models/Meta-Llama-3-8B-Instruct,vllm,http://localhost:8000/v1,C1,1,3bb65d16,0.0,2026-08-28T17:57:47.683373,1,"{
  ""score"": 8,
  ""verdict"": ""invest"",
  ""confidence"": 80,
  ""rubric_scores"": {
    ""market_potential"": 4,
    ""technical_feasibility"": 5,
    ""business_viability"": 3
  },
  ""reasoning"": ""I'm investing in NoiseNest because it addresses a common problem (noise disturbance) with a unique solution (adaptive soundscapes). While the market potential is significant, I'm less confident in the business viability due to the competitive white noise machine market.""
}",8,invest,80,4,5,3,"I'm investing in NoiseNest because it addresses a common problem (noise disturbance) with a unique solution (adaptive soundscapes). While the market potential is significant, I'm less confident in the business viability due to the competitive white noise machine market.",True
CASE_SYN_024,models/Meta-Llama-3-8B-Instruct,models/Meta-Llama-3-8B-Instruct,vllm,http://localhost:8000/v1,C1,2,3bb65d16,0.0,2026-08-28T17:57:48.306516,1,"{
  ""score"": 8,
  ""verdict"": ""invest"",
  ""confidence"": 80,
  ""rubric_scores"": {
    ""market_potential"": 4,
    ""technical_feasibility"": 5,
    ""business_viability"": 3
  },
  ""reasoning"": ""I'm investing in NoiseNest because it addresses a common problem (noise disturbance) with a unique solution (adaptive soundscapes). While the market potential is significant, I'm less confident in the business viability due to the competitive white noise machine market.""
}",8,invest,80,4,5,3,"I'm investing in NoiseNest because it addresses a common problem (noise disturbance) with a unique solution (adaptive soundscapes). While the market potential is significant, I'm less confident in the business viability due to the competitive white noise machine market.",True
CASE_SYN_024,models/Meta-Llama-3-8B-Instruct,models/Meta-Llama-3-8B-Instruct,vllm,http://localhost:8000/v1,C1,3,3bb65d16,0.0,2026-08-28T17:57:53.637010,1,"{
  ""score"": 8,
  ""verdict"": ""invest"",
  ""confidence"": 80,
  ""rubric_scores"": {
    ""market_potential"": 4,
    ""technical_feasibility"": 5,
    ""business_viability"": 3
  },
  ""reasoning"": ""I'm investing in NoiseNest because it addresses a common problem (noise disturbance) with a unique solution (adaptive soundscapes). While the market potential is significant, I'm less confident in the business viability due to the competitive white noise machine market.""
}",8,invest,80,4,5,3,"I'm investing in NoiseNest because it addresses a common problem (noise disturbance) with a unique solution (adaptive soundscapes). While the market potential is significant, I'm less confident in the business viability due to the competitive white noise machine market.",True
CASE_SYN_024,models/Meta-Llama-3-8B-Instruct,models/Meta-Llama-3-8B-Instruct,vllm,http://localhost:8000/v1,C1,4,3bb65d16,0.0,2026-08-28T17:57:54.686241,1,"{
  ""score"": 8,
  ""verdict"": ""invest"",
  ""confidence"": 80,
  ""rubric_scores"": {
    ""market_potential"": 4,
    ""technical_feasibility"": 5,
    ""business_viability"": 3
  },
  ""reasoning"": ""I'm investing in NoiseNest because it addresses a common problem (noise disturbance) with a unique solution (adaptive soundscapes). While the market potential is significant, I'm less confident in the business viability due to the competitive white noise machine market.""
}",8,invest,80,4,5,3,"I'm investing in NoiseNest because it addresses a common problem (noise disturbance) with a unique solution (adaptive soundscapes). While the market potential is significant, I'm less confident in the business viability due to the competitive white noise machine market.",True
CASE_SYN_024,models/Meta-Llama-3-8B-Instruct,models/Meta-Llama-3-8B-Instruct,vllm,http://localhost:8000/v1,C1,5,3bb65d16,0.0,2026-08-28T17:58:09.801986,1,"{
  ""score"": 8,
  ""verdict"": ""invest"",
  ""confidence"": 80,
  ""rubric_scores"": {
    ""market_potential"": 4,
    ""technical_feasibility"": 5,
    ""business_viability"": 3
  },
  ""reasoning"": ""I'm investing in NoiseNest because it addresses a common problem (noise disturbance) with a unique solution (adaptive soundscapes). While the market potential is significant, I'm less confident in the business viability due to the competitive white noise machine market.""
}",8,invest,80,4,5,3,"I'm investing in NoiseNest because it addresses a common problem (noise disturbance) with a unique solution (adaptive soundscapes). While the market potential is significant, I'm less confident in the business viability due to the competitive white noise machine market.",True
CASE_SYN_024,models/Meta-Llama-3-8B-Instruct,models/Meta-Llama-3-8B-Instruct,vllm,http://localhost:8000/v1,C1,6,3bb65d16,0.0,2026-08-28T17:58:19.813012,1,"{
  ""score"": 8,
  ""verdict"": ""invest"",
  ""confidence"": 80,
  ""rubric_scores"": {
    ""market_potential"": 4,
    ""technical_feasibility"": 5,
    ""business_viability"": 3
  },
  ""reasoning"": ""I'm investing in NoiseNest because it addresses a common problem (noise disturbance) with a unique solution (adaptive soundscapes). While the market potential is significant, I'm less confident in the business viability due to the competitive white noise machine market.""
}",8,invest,80,4,5,3,"I'm investing in NoiseNest because it addresses a common problem (noise disturbance) with a unique solution (adaptive soundscapes). While the market potential is significant, I'm less confident in the business viability due to the competitive white noise machine market.",True
CASE_SYN_024,models/Meta-Llama-3-8B-Instruct,models/Meta-Llama-3-8B-Instruct,vllm,http://localhost:8000/v1,C1,7,3bb65d16,0.0,2026-08-28T17:58:29.424118,1,"{
  ""score"": 8,
  ""verdict"": ""invest"",
  ""confidence"": 80,
  ""rubric_scores"": {
    ""market_potential"": 4,
    ""technical_feasibility"": 5,
    ""business_viability"": 3
  },
  ""reasoning"": ""I'm investing in NoiseNest because it addresses a common problem (noise disturbance) with a unique solution (adaptive soundscapes). While the market potential is significant, I'm less confident in the business viability due to the competitive white noise machine market.""
}",8,invest,80,4,5,3,"I'm investing in NoiseNest because it addresses a common problem (noise disturbance) with a unique solution (adaptive soundscapes). While the market potential is significant, I'm less confident in the business viability due to the competitive white noise machine market.",True
CASE_SYN_025,models/Meta-Llama-3-8B-Instruct,models/Meta-Llama-3-8B-Instruct,vllm,http://localhost:8000/v1,C1,1,3bb65d16,0.0,2026-08-28T17:58:39.328919,1,"{
  ""score"": 8,
  ""verdict"": ""invest"",
  ""confidence"": 80,
  ""rubric_scores"": {
    ""market_potential"": 4,
    ""technical_feasibility"": 4,
    ""business_viability"": 4
  },
  ""reasoning"": ""TaskTally's gamified approach to task management has the potential to engage users and drive adoption. With a clear path to monetization through partner rewards, the business model appears viable.""
}",8,invest,80,4,4,4,"TaskTally's gamified approach to task management has the potential to engage users and drive adoption. With a clear path to monetization through partner rewards, the business model appears viable.",True
CASE_SYN_025,models/Meta-Llama-3-8B-Instruct,models/Meta-Llama-3-8B-Instruct,vllm,http://localhost:8000/v1,C1,2,3bb65d16,0.0,2026-08-28T17:58:39.954478,1,"{
  ""score"": 8,
  ""verdict"": ""invest"",
  ""confidence"": 80,
  ""rubric_scores"": {
    ""market_potential"": 4,
    ""technical_feasibility"": 4,
    ""business_viability"": 4
  },
  ""reasoning"": ""TaskTally's gamified approach to task management has the potential to engage users and drive adoption. With a clear path to monetization through partner rewards, the business model appears viable.""
}",8,invest,80,4,4,4,"TaskTally's gamified approach to task management has the potential to engage users and drive adoption. With a clear path to monetization through partner rewards, the business model appears viable.",True
CASE_SYN_024,models/Meta-Llama-3-8B-Instruct,models/Meta-Llama-3-8B-Instruct,vllm,http://localhost:8000/v1,C1,8,3bb65d16,0.0,2026-08-28T17:58:37.742361,1,"{
  ""score"": 8,
  ""verdict"": ""invest"",
  ""confidence"": 80,
  ""rubric_scores"": {
    ""market_potential"": 4,
    ""technical_feasibility"": 5,
    ""business_viability"": 3
  },
  ""reasoning"": ""I'm investing in NoiseNest because it addresses a common problem (noise disturbance) with a unique solution (adaptive soundscapes). While the market potential is significant, I'm less confident in the business viability due to the competitive white noise machine market.""
}",8,invest,80,4,5,3,"I'm investing in NoiseNest because it addresses a common problem (noise disturbance) with a unique solution (adaptive soundscapes). While the market potential is significant, I'm less confident in the business viability due to the competitive white noise machine market.",True
CASE_SYN_025,models/Meta-Llama-3-8B-Instruct,models/Meta-Llama-3-8B-Instruct,vllm,http://localhost:8000/v1,C1,3,3bb65d16,0.0,2026-08-28T17:58:45.727382,1,"{
  ""score"": 8,
  ""verdict"": ""invest"",
  ""confidence"": 80,
  ""rubric_scores"": {
    ""market_potential"": 4,
    ""technical_feasibility"": 4,
    ""business_viability"": 4
  },
  ""reasoning"": ""TaskTally's gamified approach to task management has the potential to engage users and drive adoption. With a clear path to monetization through partner rewards, the business model appears viable.""
}",8,invest,80,4,4,4,"TaskTally's gamified approach to task management has the potential to engage users and drive adoption. With a clear path to monetization through partner rewards, the business model appears viable.",True
CASE_SYN_024,models/Meta-Llama-3-8B-Instruct,models/Meta-Llama-3-8B-Instruct,vllm,http://localhost:8000/v1,C1,9,3bb65d16,0.0,2026-08-28T17:58:39.648296,1,"{
  ""score"": 8,
  ""verdict"": ""invest"",
  ""confidence"": 80,
  ""rubric_scores"": {
    ""market_potential"": 4,
    ""technical_feasibility"": 5,
    ""business_viability"": 3
  },
  ""reasoning"": ""I'm investing in NoiseNest because it addresses a common problem (noise disturbance) with a unique solution (adaptive soundscapes). While the market potential is significant, I'm less confident in the business viability due to the competitive white noise machine market.""
}",8,invest,80,4,5,3,"I'm investing in NoiseNest because it addresses a common problem (noise disturbance) with a unique solution (adaptive soundscapes). While the market potential is significant, I'm less confident in the business viability due to the competitive white noise machine market.",True
CASE_SYN_024,models/Meta-Llama-3-8B-Instruct,models/Meta-Llama-3-8B-Instruct,vllm,http://localhost:8000/v1,C1,10,3bb65d16,0.0,2026-08-28T17:58:40.702055,1,"{
  ""score"": 8,
  ""verdict"": ""invest"",
  ""confidence"": 80,
  ""rubric_scores"": {
    ""market_potential"": 4,
    ""technical_feasibility"": 5,
    ""business_viability"": 3
  },
  ""reasoning"": ""I'm investing in NoiseNest because it addresses a common problem (noise disturbance) with a unique solution (adaptive soundscapes). While the market potential is significant, I'm less confident in the business viability due to the competitive white noise machine market.""
}",8,invest,80,4,5,3,"I'm investing in NoiseNest because it addresses a common problem (noise disturbance) with a unique solution (adaptive soundscapes). While the market potential is significant, I'm less confident in the business viability due to the competitive white noise machine market.",True
CASE_SYN_025,models/Meta-Llama-3-8B-Instruct,models/Meta-Llama-3-8B-Instruct,vllm,http://localhost:8000/v1,C1,4,3bb65d16,0.0,2026-08-28T17:58:46.784206,1,"{
  ""score"": 8,
  ""verdict"": ""invest"",
  ""confidence"": 80,
  ""rubric_scores"": {
    ""market_potential"": 4,
    ""technical_feasibility"": 4,
    ""business_viability"": 4
  },
  ""reasoning"": ""TaskTally's gamified approach to task management has the potential to engage users and drive adoption. With a clear path to monetization through partner rewards, the business model appears viable.""
}",8,invest,80,4,4,4,"TaskTally's gamified approach to task management has the potential to engage users and drive adoption. With a clear path to monetization through partner rewards, the business model appears viable.",True
CASE_SYN_025,models/Meta-Llama-3-8B-Instruct,models/Meta-Llama-3-8B-Instruct,vllm,http://localhost:8000/v1,C1,5,3bb65d16,0.0,2026-08-28T17:59:02.323141,1,"{
  ""score"": 8,
  ""verdict"": ""invest"",
  ""confidence"": 80,
  ""rubric_scores"": {
    ""market_potential"": 4,
    ""technical_feasibility"": 4,
    ""business_viability"": 4
  },
  ""reasoning"": ""TaskTally's gamified approach to task management has the potential to engage users and drive adoption. With a clear path to monetization through partner rewards, the business model appears viable.""
}",8,invest,80,4,4,4,"TaskTally's gamified approach to task management has the potential to engage users and drive adoption. With a clear path to monetization through partner rewards, the business model appears viable.",True
CASE_SYN_025,models/Meta-Llama-3-8B-Instruct,models/Meta-Llama-3-8B-Instruct,vllm,http://localhost:8000/v1,C1,6,3bb65d16,0.0,2026-08-28T17:59:12.343611,1,"{
  ""score"": 8,
  ""verdict"": ""invest"",
  ""confidence"": 80,
  ""rubric_scores"": {
    ""market_potential"": 4,
    ""technical_feasibility"": 4,
    ""business_viability"": 4
  },
  ""reasoning"": ""TaskTally's gamified approach to task management has the potential to engage users and drive adoption. With a clear path to monetization through partner rewards, the business model appears viable.""
}",8,invest,80,4,4,4,"TaskTally's gamified approach to task management has the potential to engage users and drive adoption. With a clear path to monetization through partner rewards, the business model appears viable.",True
CASE_SYN_025,models/Meta-Llama-3-8B-Instruct,models/Meta-Llama-3-8B-Instruct,vllm,http://localhost:8000/v1,C1,7,3bb65d16,0.0,2026-08-28T17:59:22.378650,1,"{
  ""score"": 8,
  ""verdict"": ""invest"",
  ""confidence"": 80,
  ""rubric_scores"": {
    ""market_potential"": 4,
    ""technical_feasibility"": 4,
    ""business_viability"": 4
  },
  ""reasoning"": ""TaskTally's gamified approach to task management has the potential to engage users and drive adoption. With a clear path to monetization through partner rewards, the business model appears viable.""
}",8,invest,80,4,4,4,"TaskTally's gamified approach to task management has the potential to engage users and drive adoption. With a clear path to monetization through partner rewards, the business model appears viable.",True
CASE_SYN_025,models/Meta-Llama-3-8B-Instruct,models/Meta-Llama-3-8B-Instruct,vllm,http://localhost:8000/v1,C1,8,3bb65d16,0.0,2026-08-28T17:59:26.426452,1,"{
  ""score"": 8,
  ""verdict"": ""invest"",
  ""confidence"": 80,
  ""rubric_scores"": {
    ""market_potential"": 4,
    ""technical_feasibility"": 4,
    ""business_viability"": 4
  },
  ""reasoning"": ""TaskTally's gamified approach to task management has the potential to engage users and drive adoption. With a clear path to monetization through partner rewards, the business model appears viable.""
}",8,invest,80,4,4,4,"TaskTally's gamified approach to task management has the potential to engage users and drive adoption. With a clear path to monetization through partner rewards, the business model appears viable.",True
CASE_SYN_025,models/Meta-Llama-3-8B-Instruct,models/Meta-Llama-3-8B-Instruct,vllm,http://localhost:8000/v1,C1,9,3bb65d16,0.0,2026-08-28T17:59:27.050023,1,"{
  ""score"": 8,
  ""verdict"": ""invest"",
  ""confidence"": 80,
  ""rubric_scores"": {
    ""market_potential"": 4,
    ""technical_feasibility"": 4,
    ""business_viability"": 4
  },
  ""reasoning"": ""TaskTally's gamified approach to task management has the potential to engage users and drive adoption. With a clear path to monetization through partner rewards, the business model appears viable.""
}",8,invest,80,4,4,4,"TaskTally's gamified approach to task management has the potential to engage users and drive adoption. With a clear path to monetization through partner rewards, the business model appears viable.",True
CASE_SYN_025,models/Meta-Llama-3-8B-Instruct,models/Meta-Llama-3-8B-Instruct,vllm,http://localhost:8000/v1,C1,10,3bb65d16,0.0,2026-08-28T17:59:31.082035,1,"{
  ""score"": 8,
  ""verdict"": ""invest"",
  ""confidence"": 80,
  ""rubric_scores"": {
    ""market_potential"": 4,
    ""technical_feasibility"": 4,
    ""business_viability"": 4
  },
  ""reasoning"": ""TaskTally's gamified approach to task management has the potential to engage users and drive adoption. With a clear path to monetization through partner rewards, the business model appears viable.""
}",8,invest,80,4,4,4,"TaskTally's gamified approach to task management has the potential to engage users and drive adoption. With a clear path to monetization through partner rewards, the business model appears viable.",True
