case_id,model,model_snapshot,provider,endpoint,condition,replicate_index,prompt_version_hash,temperature,timestamp,attempt_index,raw_response_text,parsed_score,parsed_verdict,parsed_confidence,parsed_rubric_market_potential,parsed_rubric_technical_feasibility,parsed_rubric_business_viability,parsed_reasoning,validity_flag
CASE_KS_001,models/Mistral-7B-Instruct-v0.3,models/Mistral-7B-Instruct-v0.3,vllm,http://localhost:8000/v1,C1,1,3bb65d16,0.0,2026-08-28T15:32:13.540913,1," {
  ""score"": 4,
  ""verdict"": ""pass"",
  ""confidence"": 80,
  ""rubric_scores"": {
    ""market_potential"": 3,
    ""technical_feasibility"": 5,
    ""business_viability"": 2
  },
  ""reasoning"": ""Limited market potential as it's a local event, and the business model relies on sponsorships for revenue. While technically feasible, the lack of a scalable or innovative aspect reduces its long-term viability.""
}",4,pass,80,3,5,2,"Limited market potential as it's a local event, and the business model relies on sponsorships for revenue. While technically feasible, the lack of a scalable or innovative aspect reduces its long-term viability.",True
CASE_KS_001,models/Mistral-7B-Instruct-v0.3,models/Mistral-7B-Instruct-v0.3,vllm,http://localhost:8000/v1,C1,4,3bb65d16,0.0,2026-08-28T15:32:14.355984,1," {
  ""score"": 4,
  ""verdict"": ""pass"",
  ""confidence"": 80,
  ""rubric_scores"": {
    ""market_potential"": 3,
    ""technical_feasibility"": 5,
    ""business_viability"": 2
  },
  ""reasoning"": ""Limited market potential as it's a local event, and the business model relies on sponsorships for revenue. While technically feasible, the lack of a scalable or innovative aspect reduces its long-term viability.""
}",4,pass,80,3,5,2,"Limited market potential as it's a local event, and the business model relies on sponsorships for revenue. While technically feasible, the lack of a scalable or innovative aspect reduces its long-term viability.",True
CASE_KS_001,models/Mistral-7B-Instruct-v0.3,models/Mistral-7B-Instruct-v0.3,vllm,http://localhost:8000/v1,C1,10,3bb65d16,0.0,2026-08-28T15:32:15.341034,1," {
  ""score"": 4,
  ""verdict"": ""pass"",
  ""confidence"": 80,
  ""rubric_scores"": {
    ""market_potential"": 3,
    ""technical_feasibility"": 5,
    ""business_viability"": 2
  },
  ""reasoning"": ""Limited market potential as it's a local event, and the business model relies on sponsorships for revenue. While technically feasible, the lack of a scalable or innovative aspect reduces its long-term viability.""
}",4,pass,80,3,5,2,"Limited market potential as it's a local event, and the business model relies on sponsorships for revenue. While technically feasible, the lack of a scalable or innovative aspect reduces its long-term viability.",True
CASE_KS_001,models/Mistral-7B-Instruct-v0.3,models/Mistral-7B-Instruct-v0.3,vllm,http://localhost:8000/v1,C1,5,3bb65d16,0.0,2026-08-28T15:32:14.363446,1," {
  ""score"": 4,
  ""verdict"": ""pass"",
  ""confidence"": 80,
  ""rubric_scores"": {
    ""market_potential"": 3,
    ""technical_feasibility"": 5,
    ""business_viability"": 2
  },
  ""reasoning"": ""Limited market potential as it's a local event, and the business model relies on sponsorships for revenue. While technically feasible, the lack of a scalable or innovative aspect reduces its long-term viability.""
}",4,pass,80,3,5,2,"Limited market potential as it's a local event, and the business model relies on sponsorships for revenue. While technically feasible, the lack of a scalable or innovative aspect reduces its long-term viability.",True
CASE_KS_001,models/Mistral-7B-Instruct-v0.3,models/Mistral-7B-Instruct-v0.3,vllm,http://localhost:8000/v1,C1,8,3bb65d16,0.0,2026-08-28T15:32:14.941020,1," {
  ""score"": 4,
  ""verdict"": ""pass"",
  ""confidence"": 80,
  ""rubric_scores"": {
    ""market_potential"": 3,
    ""technical_feasibility"": 5,
    ""business_viability"": 2
  },
  ""reasoning"": ""Limited market potential as it's a local event, and the business model relies on sponsorships for revenue. While technically feasible, the lack of a scalable or innovative aspect reduces its long-term viability.""
}",4,pass,80,3,5,2,"Limited market potential as it's a local event, and the business model relies on sponsorships for revenue. While technically feasible, the lack of a scalable or innovative aspect reduces its long-term viability.",True
CASE_KS_001,models/Mistral-7B-Instruct-v0.3,models/Mistral-7B-Instruct-v0.3,vllm,http://localhost:8000/v1,C1,2,3bb65d16,0.0,2026-08-28T15:32:14.353118,1," {
  ""score"": 4,
  ""verdict"": ""pass"",
  ""confidence"": 80,
  ""rubric_scores"": {
    ""market_potential"": 3,
    ""technical_feasibility"": 5,
    ""business_viability"": 2
  },
  ""reasoning"": ""Limited market potential as it's a local event, and the business model relies on sponsorships for revenue. While technically feasible, the lack of a scalable or innovative aspect reduces its long-term viability.""
}",4,pass,80,3,5,2,"Limited market potential as it's a local event, and the business model relies on sponsorships for revenue. While technically feasible, the lack of a scalable or innovative aspect reduces its long-term viability.",True
CASE_KS_001,models/Mistral-7B-Instruct-v0.3,models/Mistral-7B-Instruct-v0.3,vllm,http://localhost:8000/v1,C1,9,3bb65d16,0.0,2026-08-28T15:32:15.141049,1," {
  ""score"": 4,
  ""verdict"": ""pass"",
  ""confidence"": 80,
  ""rubric_scores"": {
    ""market_potential"": 3,
    ""technical_feasibility"": 5,
    ""business_viability"": 2
  },
  ""reasoning"": ""Limited market potential as it's a local event, and the business model relies on sponsorships for revenue. While technically feasible, the lack of a scalable or innovative aspect reduces its long-term viability.""
}",4,pass,80,3,5,2,"Limited market potential as it's a local event, and the business model relies on sponsorships for revenue. While technically feasible, the lack of a scalable or innovative aspect reduces its long-term viability.",True
CASE_KS_001,models/Mistral-7B-Instruct-v0.3,models/Mistral-7B-Instruct-v0.3,vllm,http://localhost:8000/v1,C1,7,3bb65d16,0.0,2026-08-28T15:32:14.743011,1," {
  ""score"": 4,
  ""verdict"": ""pass"",
  ""confidence"": 80,
  ""rubric_scores"": {
    ""market_potential"": 3,
    ""technical_feasibility"": 5,
    ""business_viability"": 2
  },
  ""reasoning"": ""Limited market potential as it's a local event, and the business model relies on sponsorships for revenue. While technically feasible, the lack of a scalable or innovative aspect reduces its long-term viability.""
}",4,pass,80,3,5,2,"Limited market potential as it's a local event, and the business model relies on sponsorships for revenue. While technically feasible, the lack of a scalable or innovative aspect reduces its long-term viability.",True
CASE_KS_001,models/Mistral-7B-Instruct-v0.3,models/Mistral-7B-Instruct-v0.3,vllm,http://localhost:8000/v1,C1,6,3bb65d16,0.0,2026-08-28T15:32:14.540993,1," {
  ""score"": 4,
  ""verdict"": ""pass"",
  ""confidence"": 80,
  ""rubric_scores"": {
    ""market_potential"": 3,
    ""technical_feasibility"": 5,
    ""business_viability"": 2
  },
  ""reasoning"": ""Limited market potential as it's a local event, and the business model relies on sponsorships for revenue. While technically feasible, the lack of a scalable or innovative aspect reduces its long-term viability.""
}",4,pass,80,3,5,2,"Limited market potential as it's a local event, and the business model relies on sponsorships for revenue. While technically feasible, the lack of a scalable or innovative aspect reduces its long-term viability.",True
CASE_KS_001,models/Mistral-7B-Instruct-v0.3,models/Mistral-7B-Instruct-v0.3,vllm,http://localhost:8000/v1,C1,3,3bb65d16,0.0,2026-08-28T15:32:14.354758,1," {
  ""score"": 4,
  ""verdict"": ""pass"",
  ""confidence"": 80,
  ""rubric_scores"": {
    ""market_potential"": 3,
    ""technical_feasibility"": 5,
    ""business_viability"": 2
  },
  ""reasoning"": ""Limited market potential as it's a local event, and the business model relies on sponsorships for revenue. While technically feasible, the lack of a scalable or innovative aspect reduces its long-term viability.""
}",4,pass,80,3,5,2,"Limited market potential as it's a local event, and the business model relies on sponsorships for revenue. While technically feasible, the lack of a scalable or innovative aspect reduces its long-term viability.",True
CASE_KS_002,models/Mistral-7B-Instruct-v0.3,models/Mistral-7B-Instruct-v0.3,vllm,http://localhost:8000/v1,C1,5,3bb65d16,0.0,2026-08-28T15:33:14.264425,1," {
  ""score"": 6,
  ""verdict"": ""pass"",
  ""confidence"": 70,
  ""rubric_scores"": {
    ""market_potential"": 4,
    ""technical_feasibility"": 4,
    ""business_viability"": 4
  },
  ""reasoning"": ""Limited market potential due to niche focus on CUNY students. Technical feasibility is achievable with a well-structured curriculum. Business viability is questionable without a clear revenue model or scalability beyond CUNY.""
}",6,pass,70,4,4,4,Limited market potential due to niche focus on CUNY students. Technical feasibility is achievable with a well-structured curriculum. Business viability is questionable without a clear revenue model or scalability beyond CUNY.,True
CASE_KS_002,models/Mistral-7B-Instruct-v0.3,models/Mistral-7B-Instruct-v0.3,vllm,http://localhost:8000/v1,C1,10,3bb65d16,0.0,2026-08-28T15:33:15.269906,1," {
  ""score"": 6,
  ""verdict"": ""pass"",
  ""confidence"": 70,
  ""rubric_scores"": {
    ""market_potential"": 4,
    ""technical_feasibility"": 4,
    ""business_viability"": 4
  },
  ""reasoning"": ""Limited market potential due to niche focus on CUNY students. Technical feasibility is achievable with a well-structured curriculum. Business viability is questionable without a clear revenue model or scalability beyond CUNY.""
}",6,pass,70,4,4,4,Limited market potential due to niche focus on CUNY students. Technical feasibility is achievable with a well-structured curriculum. Business viability is questionable without a clear revenue model or scalability beyond CUNY.,True
CASE_KS_002,models/Mistral-7B-Instruct-v0.3,models/Mistral-7B-Instruct-v0.3,vllm,http://localhost:8000/v1,C1,1,3bb65d16,0.0,2026-08-28T15:33:13.052012,1," {
  ""score"": 6,
  ""verdict"": ""pass"",
  ""confidence"": 80,
  ""rubric_scores"": {
    ""market_potential"": 4,
    ""technical_feasibility"": 5,
    ""business_viability"": 3
  },
  ""reasoning"": ""While the idea has potential to create positive impact within CUNY, the market potential is limited due to its focus on a specific educational institution. Technical feasibility is high as it involves organizing and activism training, a well-established practice. However, the business viability is questionable due to potential funding challenges and scalability beyond CUNY.""
}",6,pass,80,4,5,3,"While the idea has potential to create positive impact within CUNY, the market potential is limited due to its focus on a specific educational institution. Technical feasibility is high as it involves organizing and activism training, a well-established practice. However, the business viability is questionable due to potential funding challenges and scalability beyond CUNY.",True
CASE_KS_002,models/Mistral-7B-Instruct-v0.3,models/Mistral-7B-Instruct-v0.3,vllm,http://localhost:8000/v1,C1,2,3bb65d16,0.0,2026-08-28T15:33:13.656613,1," {
  ""score"": 6,
  ""verdict"": ""pass"",
  ""confidence"": 80,
  ""rubric_scores"": {
    ""market_potential"": 4,
    ""technical_feasibility"": 5,
    ""business_viability"": 3
  },
  ""reasoning"": ""While the idea has potential to create positive impact within CUNY, the market potential is limited due to its focus on a specific educational institution. Technical feasibility is high as it involves organizing and activism training, a well-established practice. However, the business viability is questionable due to potential funding challenges and scalability beyond CUNY.""
}",6,pass,80,4,5,3,"While the idea has potential to create positive impact within CUNY, the market potential is limited due to its focus on a specific educational institution. Technical feasibility is high as it involves organizing and activism training, a well-established practice. However, the business viability is questionable due to potential funding challenges and scalability beyond CUNY.",True
CASE_KS_002,models/Mistral-7B-Instruct-v0.3,models/Mistral-7B-Instruct-v0.3,vllm,http://localhost:8000/v1,C1,4,3bb65d16,0.0,2026-08-28T15:33:14.064662,1," {
  ""score"": 6,
  ""verdict"": ""pass"",
  ""confidence"": 80,
  ""rubric_scores"": {
    ""market_potential"": 4,
    ""technical_feasibility"": 5,
    ""business_viability"": 3
  },
  ""reasoning"": ""While the idea has potential to create positive impact within CUNY, the market potential is limited due to its focus on a specific educational institution. Technical feasibility is high as it involves organizing and activism training, a well-established practice. However, the business viability is questionable due to potential funding challenges and scalability beyond CUNY.""
}",6,pass,80,4,5,3,"While the idea has potential to create positive impact within CUNY, the market potential is limited due to its focus on a specific educational institution. Technical feasibility is high as it involves organizing and activism training, a well-established practice. However, the business viability is questionable due to potential funding challenges and scalability beyond CUNY.",True
CASE_KS_002,models/Mistral-7B-Instruct-v0.3,models/Mistral-7B-Instruct-v0.3,vllm,http://localhost:8000/v1,C1,3,3bb65d16,0.0,2026-08-28T15:33:13.865843,1," {
  ""score"": 6,
  ""verdict"": ""pass"",
  ""confidence"": 80,
  ""rubric_scores"": {
    ""market_potential"": 4,
    ""technical_feasibility"": 5,
    ""business_viability"": 3
  },
  ""reasoning"": ""While the idea has potential to create positive impact within CUNY, the market potential is limited due to its focus on a specific educational institution. Technical feasibility is high as it involves organizing and activism training, a well-established practice. However, the business viability is questionable due to potential funding challenges and scalability beyond CUNY.""
}",6,pass,80,4,5,3,"While the idea has potential to create positive impact within CUNY, the market potential is limited due to its focus on a specific educational institution. Technical feasibility is high as it involves organizing and activism training, a well-established practice. However, the business viability is questionable due to potential funding challenges and scalability beyond CUNY.",True
CASE_KS_002,models/Mistral-7B-Instruct-v0.3,models/Mistral-7B-Instruct-v0.3,vllm,http://localhost:8000/v1,C1,7,3bb65d16,0.0,2026-08-28T15:33:14.670429,1," {
  ""score"": 6,
  ""verdict"": ""pass"",
  ""confidence"": 80,
  ""rubric_scores"": {
    ""market_potential"": 4,
    ""technical_feasibility"": 5,
    ""business_viability"": 3
  },
  ""reasoning"": ""While the idea has potential to create positive impact within CUNY, the market potential is limited due to its focus on a specific educational institution. Technical feasibility is high as it involves organizing and activism training, a well-established practice. However, the business viability is questionable due to potential funding challenges and scalability beyond CUNY.""
}",6,pass,80,4,5,3,"While the idea has potential to create positive impact within CUNY, the market potential is limited due to its focus on a specific educational institution. Technical feasibility is high as it involves organizing and activism training, a well-established practice. However, the business viability is questionable due to potential funding challenges and scalability beyond CUNY.",True
CASE_KS_002,models/Mistral-7B-Instruct-v0.3,models/Mistral-7B-Instruct-v0.3,vllm,http://localhost:8000/v1,C1,6,3bb65d16,0.0,2026-08-28T15:33:14.464500,1," {
  ""score"": 6,
  ""verdict"": ""pass"",
  ""confidence"": 80,
  ""rubric_scores"": {
    ""market_potential"": 4,
    ""technical_feasibility"": 5,
    ""business_viability"": 3
  },
  ""reasoning"": ""While the idea has potential to create positive impact within CUNY, the market potential is limited due to its focus on a specific educational institution. Technical feasibility is high as it involves organizing and activism training, a well-established practice. However, the business viability is questionable due to potential funding challenges and scalability beyond CUNY.""
}",6,pass,80,4,5,3,"While the idea has potential to create positive impact within CUNY, the market potential is limited due to its focus on a specific educational institution. Technical feasibility is high as it involves organizing and activism training, a well-established practice. However, the business viability is questionable due to potential funding challenges and scalability beyond CUNY.",True
CASE_KS_002,models/Mistral-7B-Instruct-v0.3,models/Mistral-7B-Instruct-v0.3,vllm,http://localhost:8000/v1,C1,8,3bb65d16,0.0,2026-08-28T15:33:14.869509,1," {
  ""score"": 6,
  ""verdict"": ""pass"",
  ""confidence"": 80,
  ""rubric_scores"": {
    ""market_potential"": 4,
    ""technical_feasibility"": 5,
    ""business_viability"": 3
  },
  ""reasoning"": ""While the idea has potential to create positive impact within CUNY, the market potential is limited due to its focus on a specific educational institution. Technical feasibility is high as it involves organizing and activism training, a well-established practice. However, the business viability is questionable due to potential funding challenges and scalability beyond CUNY.""
}",6,pass,80,4,5,3,"While the idea has potential to create positive impact within CUNY, the market potential is limited due to its focus on a specific educational institution. Technical feasibility is high as it involves organizing and activism training, a well-established practice. However, the business viability is questionable due to potential funding challenges and scalability beyond CUNY.",True
CASE_KS_002,models/Mistral-7B-Instruct-v0.3,models/Mistral-7B-Instruct-v0.3,vllm,http://localhost:8000/v1,C1,9,3bb65d16,0.0,2026-08-28T15:33:15.069900,1," {
  ""score"": 6,
  ""verdict"": ""pass"",
  ""confidence"": 80,
  ""rubric_scores"": {
    ""market_potential"": 4,
    ""technical_feasibility"": 5,
    ""business_viability"": 3
  },
  ""reasoning"": ""While the idea has potential to create positive impact within CUNY, the market potential is limited due to its focus on a specific educational institution. Technical feasibility is high as it involves organizing and activism training, a well-established practice. However, the business viability is questionable due to potential funding challenges and scalability beyond CUNY.""
}",6,pass,80,4,5,3,"While the idea has potential to create positive impact within CUNY, the market potential is limited due to its focus on a specific educational institution. Technical feasibility is high as it involves organizing and activism training, a well-established practice. However, the business viability is questionable due to potential funding challenges and scalability beyond CUNY.",True
CASE_KS_003,models/Mistral-7B-Instruct-v0.3,models/Mistral-7B-Instruct-v0.3,vllm,http://localhost:8000/v1,C1,1,3bb65d16,0.0,2026-08-28T15:34:11.726461,1," {
  ""score"": 3,
  ""verdict"": ""pass"",
  ""confidence"": 80,
  ""rubric_scores"": {
    ""market_potential"": 0,
    ""technical_feasibility"": 2,
    ""business_viability"": 1
  },
  ""reasoning"": ""Limited market potential for a niche, scientific product. Technical feasibility is questionable given the complexity and safety concerns of nuclear fusion. Business viability is low due to high costs, regulatory hurdles, and lack of scalability.""
}",3,pass,80,0,2,1,"Limited market potential for a niche, scientific product. Technical feasibility is questionable given the complexity and safety concerns of nuclear fusion. Business viability is low due to high costs, regulatory hurdles, and lack of scalability.",True
CASE_KS_003,models/Mistral-7B-Instruct-v0.3,models/Mistral-7B-Instruct-v0.3,vllm,http://localhost:8000/v1,C1,2,3bb65d16,0.0,2026-08-28T15:34:13.244482,1," {
  ""score"": 3,
  ""verdict"": ""pass"",
  ""confidence"": 80,
  ""rubric_scores"": {
    ""market_potential"": 0,
    ""technical_feasibility"": 2,
    ""business_viability"": 1
  },
  ""reasoning"": ""Limited market potential for a niche, scientific product. Technical feasibility is questionable given the complexity and safety concerns of nuclear fusion. Business viability is low due to high costs, regulatory hurdles, and lack of scalability.""
}",3,pass,80,0,2,1,"Limited market potential for a niche, scientific product. Technical feasibility is questionable given the complexity and safety concerns of nuclear fusion. Business viability is low due to high costs, regulatory hurdles, and lack of scalability.",True
CASE_KS_003,models/Mistral-7B-Instruct-v0.3,models/Mistral-7B-Instruct-v0.3,vllm,http://localhost:8000/v1,C1,3,3bb65d16,0.0,2026-08-28T15:34:21.546173,1," {
  ""score"": 3,
  ""verdict"": ""pass"",
  ""confidence"": 80,
  ""rubric_scores"": {
    ""market_potential"": 0,
    ""technical_feasibility"": 2,
    ""business_viability"": 1
  },
  ""reasoning"": ""Limited market potential for a niche, scientific product. Technical feasibility is questionable given the complexity and safety concerns of nuclear fusion. Business viability is low due to high costs, regulatory hurdles, and lack of scalability.""
}",3,pass,80,0,2,1,"Limited market potential for a niche, scientific product. Technical feasibility is questionable given the complexity and safety concerns of nuclear fusion. Business viability is low due to high costs, regulatory hurdles, and lack of scalability.",True
CASE_KS_003,models/Mistral-7B-Instruct-v0.3,models/Mistral-7B-Instruct-v0.3,vllm,http://localhost:8000/v1,C1,4,3bb65d16,0.0,2026-08-28T15:34:22.172994,1," {
  ""score"": 3,
  ""verdict"": ""pass"",
  ""confidence"": 80,
  ""rubric_scores"": {
    ""market_potential"": 0,
    ""technical_feasibility"": 2,
    ""business_viability"": 1
  },
  ""reasoning"": ""Limited market potential for a niche, scientific product. Technical feasibility is questionable given the complexity and safety concerns of nuclear fusion. Business viability is low due to high costs, regulatory hurdles, and lack of scalability.""
}",3,pass,80,0,2,1,"Limited market potential for a niche, scientific product. Technical feasibility is questionable given the complexity and safety concerns of nuclear fusion. Business viability is low due to high costs, regulatory hurdles, and lack of scalability.",True
CASE_KS_003,models/Mistral-7B-Instruct-v0.3,models/Mistral-7B-Instruct-v0.3,vllm,http://localhost:8000/v1,C1,6,3bb65d16,0.0,2026-08-28T15:34:22.999784,1," {
  ""score"": 3,
  ""verdict"": ""pass"",
  ""confidence"": 80,
  ""rubric_scores"": {
    ""market_potential"": 0,
    ""technical_feasibility"": 2,
    ""business_viability"": 1
  },
  ""reasoning"": ""Limited market potential for a niche, scientific product. Technical feasibility is questionable given the complexity and safety concerns of nuclear fusion. Business viability is low due to high costs, regulatory hurdles, and lack of scalability.""
}",3,pass,80,0,2,1,"Limited market potential for a niche, scientific product. Technical feasibility is questionable given the complexity and safety concerns of nuclear fusion. Business viability is low due to high costs, regulatory hurdles, and lack of scalability.",True
CASE_KS_003,models/Mistral-7B-Instruct-v0.3,models/Mistral-7B-Instruct-v0.3,vllm,http://localhost:8000/v1,C1,5,3bb65d16,0.0,2026-08-28T15:34:22.797695,1," {
  ""score"": 3,
  ""verdict"": ""pass"",
  ""confidence"": 80,
  ""rubric_scores"": {
    ""market_potential"": 0,
    ""technical_feasibility"": 2,
    ""business_viability"": 1
  },
  ""reasoning"": ""Limited market potential for a niche, scientific product. Technical feasibility is questionable given the complexity and safety concerns of nuclear fusion. Business viability is low due to high costs, regulatory hurdles, and lack of scalability.""
}",3,pass,80,0,2,1,"Limited market potential for a niche, scientific product. Technical feasibility is questionable given the complexity and safety concerns of nuclear fusion. Business viability is low due to high costs, regulatory hurdles, and lack of scalability.",True
CASE_KS_003,models/Mistral-7B-Instruct-v0.3,models/Mistral-7B-Instruct-v0.3,vllm,http://localhost:8000/v1,C1,8,3bb65d16,0.0,2026-08-28T15:34:24.243092,1," {
  ""score"": 3,
  ""verdict"": ""pass"",
  ""confidence"": 80,
  ""rubric_scores"": {
    ""market_potential"": 0,
    ""technical_feasibility"": 2,
    ""business_viability"": 1
  },
  ""reasoning"": ""Limited market potential for a niche, scientific product. Technical feasibility is questionable given the complexity and safety concerns of nuclear fusion. Business viability is low due to high costs, regulatory hurdles, and lack of scalability.""
}",3,pass,80,0,2,1,"Limited market potential for a niche, scientific product. Technical feasibility is questionable given the complexity and safety concerns of nuclear fusion. Business viability is low due to high costs, regulatory hurdles, and lack of scalability.",True
CASE_KS_003,models/Mistral-7B-Instruct-v0.3,models/Mistral-7B-Instruct-v0.3,vllm,http://localhost:8000/v1,C1,7,3bb65d16,0.0,2026-08-28T15:34:24.041990,1," {
  ""score"": 3,
  ""verdict"": ""pass"",
  ""confidence"": 80,
  ""rubric_scores"": {
    ""market_potential"": 0,
    ""technical_feasibility"": 2,
    ""business_viability"": 1
  },
  ""reasoning"": ""Limited market potential for a niche, scientific product. Technical feasibility is questionable given the complexity and safety concerns of nuclear fusion. Business viability is low due to high costs, regulatory hurdles, and lack of scalability.""
}",3,pass,80,0,2,1,"Limited market potential for a niche, scientific product. Technical feasibility is questionable given the complexity and safety concerns of nuclear fusion. Business viability is low due to high costs, regulatory hurdles, and lack of scalability.",True
CASE_KS_003,models/Mistral-7B-Instruct-v0.3,models/Mistral-7B-Instruct-v0.3,vllm,http://localhost:8000/v1,C1,9,3bb65d16,0.0,2026-08-28T15:34:24.881651,1," {
  ""score"": 3,
  ""verdict"": ""pass"",
  ""confidence"": 80,
  ""rubric_scores"": {
    ""market_potential"": 0,
    ""technical_feasibility"": 2,
    ""business_viability"": 1
  },
  ""reasoning"": ""Limited market potential for a niche, scientific product. Technical feasibility is questionable given the complexity and safety concerns of nuclear fusion. Business viability is low due to high costs, regulatory hurdles, and lack of scalability.""
}",3,pass,80,0,2,1,"Limited market potential for a niche, scientific product. Technical feasibility is questionable given the complexity and safety concerns of nuclear fusion. Business viability is low due to high costs, regulatory hurdles, and lack of scalability.",True
CASE_KS_003,models/Mistral-7B-Instruct-v0.3,models/Mistral-7B-Instruct-v0.3,vllm,http://localhost:8000/v1,C1,10,3bb65d16,0.0,2026-08-28T15:34:25.085955,1," {
  ""score"": 3,
  ""verdict"": ""pass"",
  ""confidence"": 80,
  ""rubric_scores"": {
    ""market_potential"": 0,
    ""technical_feasibility"": 2,
    ""business_viability"": 1
  },
  ""reasoning"": ""Limited market potential for a niche, scientific product. Technical feasibility is questionable given the complexity and safety concerns of nuclear fusion. Business viability is low due to high costs, regulatory hurdles, and lack of scalability.""
}",3,pass,80,0,2,1,"Limited market potential for a niche, scientific product. Technical feasibility is questionable given the complexity and safety concerns of nuclear fusion. Business viability is low due to high costs, regulatory hurdles, and lack of scalability.",True
CASE_KS_004,models/Mistral-7B-Instruct-v0.3,models/Mistral-7B-Instruct-v0.3,vllm,http://localhost:8000/v1,C1,1,3bb65d16,0.0,2026-08-28T15:35:09.541894,1," {
  ""score"": 7,
  ""verdict"": ""invest"",
  ""confidence"": 85,
  ""rubric_scores"": {
    ""market_potential"": 4,
    ""technical_feasibility"": 4,
    ""business_viability"": 4
  },
  ""reasoning"": ""The concept of a video-commerce marketplace has potential in the growing e-commerce and video streaming markets. However, the success of IVIOU will depend on its ability to differentiate itself from existing platforms and overcome technical challenges related to seamless video-product integration and user experience.""
}",7,invest,85,4,4,4,"The concept of a video-commerce marketplace has potential in the growing e-commerce and video streaming markets. However, the success of IVIOU will depend on its ability to differentiate itself from existing platforms and overcome technical challenges related to seamless video-product integration and user experience.",True
CASE_KS_004,models/Mistral-7B-Instruct-v0.3,models/Mistral-7B-Instruct-v0.3,vllm,http://localhost:8000/v1,C1,2,3bb65d16,0.0,2026-08-28T15:35:11.060000,1," {
  ""score"": 7,
  ""verdict"": ""invest"",
  ""confidence"": 85,
  ""rubric_scores"": {
    ""market_potential"": 4,
    ""technical_feasibility"": 4,
    ""business_viability"": 4
  },
  ""reasoning"": ""The concept of a video-commerce marketplace has potential in the growing e-commerce and video streaming markets. However, the success of IVIOU will depend on its ability to differentiate itself from existing platforms and overcome technical challenges related to seamless video-to-purchase integration.""
}",7,invest,85,4,4,4,"The concept of a video-commerce marketplace has potential in the growing e-commerce and video streaming markets. However, the success of IVIOU will depend on its ability to differentiate itself from existing platforms and overcome technical challenges related to seamless video-to-purchase integration.",True
CASE_KS_004,models/Mistral-7B-Instruct-v0.3,models/Mistral-7B-Instruct-v0.3,vllm,http://localhost:8000/v1,C1,4,3bb65d16,0.0,2026-08-28T15:35:20.418998,1," {
  ""score"": 7,
  ""verdict"": ""invest"",
  ""confidence"": 85,
  ""rubric_scores"": {
    ""market_potential"": 4,
    ""technical_feasibility"": 4,
    ""business_viability"": 4
  },
  ""reasoning"": ""The concept of a video-commerce marketplace has potential in the growing e-commerce and video streaming markets. However, the success of IVIOU will depend on its ability to differentiate itself from existing platforms and overcome technical challenges related to seamless video-product integration and user experience.""
}",7,invest,85,4,4,4,"The concept of a video-commerce marketplace has potential in the growing e-commerce and video streaming markets. However, the success of IVIOU will depend on its ability to differentiate itself from existing platforms and overcome technical challenges related to seamless video-product integration and user experience.",True
CASE_KS_004,models/Mistral-7B-Instruct-v0.3,models/Mistral-7B-Instruct-v0.3,vllm,http://localhost:8000/v1,C1,6,3bb65d16,0.0,2026-08-28T15:35:21.674081,1," {
  ""score"": 7,
  ""verdict"": ""invest"",
  ""confidence"": 85,
  ""rubric_scores"": {
    ""market_potential"": 4,
    ""technical_feasibility"": 4,
    ""business_viability"": 4
  },
  ""reasoning"": ""The concept of a video-commerce marketplace has potential in the growing e-commerce and video streaming markets. However, the success of IVIOU will depend on its ability to differentiate itself from existing platforms and overcome technical challenges related to seamless video-product integration and user experience.""
}",7,invest,85,4,4,4,"The concept of a video-commerce marketplace has potential in the growing e-commerce and video streaming markets. However, the success of IVIOU will depend on its ability to differentiate itself from existing platforms and overcome technical challenges related to seamless video-product integration and user experience.",True
CASE_KS_004,models/Mistral-7B-Instruct-v0.3,models/Mistral-7B-Instruct-v0.3,vllm,http://localhost:8000/v1,C1,5,3bb65d16,0.0,2026-08-28T15:35:21.473996,1," {
  ""score"": 7,
  ""verdict"": ""invest"",
  ""confidence"": 85,
  ""rubric_scores"": {
    ""market_potential"": 4,
    ""technical_feasibility"": 4,
    ""business_viability"": 4
  },
  ""reasoning"": ""The concept of a video-commerce marketplace has potential in the growing e-commerce and video streaming markets. However, the success of IVIOU will depend on its ability to differentiate itself from existing platforms and overcome technical challenges related to seamless video-product integration and user experience.""
}",7,invest,85,4,4,4,"The concept of a video-commerce marketplace has potential in the growing e-commerce and video streaming markets. However, the success of IVIOU will depend on its ability to differentiate itself from existing platforms and overcome technical challenges related to seamless video-product integration and user experience.",True
CASE_KS_004,models/Mistral-7B-Instruct-v0.3,models/Mistral-7B-Instruct-v0.3,vllm,http://localhost:8000/v1,C1,3,3bb65d16,0.0,2026-08-28T15:35:19.807360,1," {
  ""score"": 7,
  ""verdict"": ""invest"",
  ""confidence"": 85,
  ""rubric_scores"": {
    ""market_potential"": 4,
    ""technical_feasibility"": 4,
    ""business_viability"": 5
  },
  ""reasoning"": ""The concept of a video-commerce marketplace has potential in the growing e-commerce and video streaming markets. While technical feasibility may be challenging due to the integration of video and e-commerce functionalities, the business model could be viable with a strong focus on user experience and partnerships with content creators.""
}",7,invest,85,4,4,5,"The concept of a video-commerce marketplace has potential in the growing e-commerce and video streaming markets. While technical feasibility may be challenging due to the integration of video and e-commerce functionalities, the business model could be viable with a strong focus on user experience and partnerships with content creators.",True
CASE_KS_004,models/Mistral-7B-Instruct-v0.3,models/Mistral-7B-Instruct-v0.3,vllm,http://localhost:8000/v1,C1,8,3bb65d16,0.0,2026-08-28T15:35:23.356684,1," {
  ""score"": 7,
  ""verdict"": ""invest"",
  ""confidence"": 85,
  ""rubric_scores"": {
    ""market_potential"": 4,
    ""technical_feasibility"": 4,
    ""business_viability"": 4
  },
  ""reasoning"": ""The concept of a video-commerce marketplace has potential in the growing e-commerce and video streaming markets. However, the success of IVIOU will depend on its ability to differentiate itself from existing platforms and overcome technical challenges related to seamless video-product integration and user experience.""
}",7,invest,85,4,4,4,"The concept of a video-commerce marketplace has potential in the growing e-commerce and video streaming markets. However, the success of IVIOU will depend on its ability to differentiate itself from existing platforms and overcome technical challenges related to seamless video-product integration and user experience.",True
CASE_KS_004,models/Mistral-7B-Instruct-v0.3,models/Mistral-7B-Instruct-v0.3,vllm,http://localhost:8000/v1,C1,7,3bb65d16,0.0,2026-08-28T15:35:23.154028,1," {
  ""score"": 7,
  ""verdict"": ""invest"",
  ""confidence"": 85,
  ""rubric_scores"": {
    ""market_potential"": 4,
    ""technical_feasibility"": 4,
    ""business_viability"": 4
  },
  ""reasoning"": ""The concept of a video-commerce marketplace has potential in the growing e-commerce and video streaming markets. However, the success of IVIOU will depend on its ability to differentiate itself from existing platforms and overcome technical challenges related to seamless video-product integration and user experience.""
}",7,invest,85,4,4,4,"The concept of a video-commerce marketplace has potential in the growing e-commerce and video streaming markets. However, the success of IVIOU will depend on its ability to differentiate itself from existing platforms and overcome technical challenges related to seamless video-product integration and user experience.",True
CASE_KS_004,models/Mistral-7B-Instruct-v0.3,models/Mistral-7B-Instruct-v0.3,vllm,http://localhost:8000/v1,C1,9,3bb65d16,0.0,2026-08-28T15:35:24.422121,1," {
  ""score"": 7,
  ""verdict"": ""invest"",
  ""confidence"": 85,
  ""rubric_scores"": {
    ""market_potential"": 4,
    ""technical_feasibility"": 4,
    ""business_viability"": 4
  },
  ""reasoning"": ""The concept of a video-commerce marketplace has potential in the growing e-commerce and video streaming markets. However, the success of IVIOU will depend on its ability to differentiate itself from existing platforms and overcome technical challenges related to seamless video-to-purchase integration.""
}",7,invest,85,4,4,4,"The concept of a video-commerce marketplace has potential in the growing e-commerce and video streaming markets. However, the success of IVIOU will depend on its ability to differentiate itself from existing platforms and overcome technical challenges related to seamless video-to-purchase integration.",True
CASE_KS_004,models/Mistral-7B-Instruct-v0.3,models/Mistral-7B-Instruct-v0.3,vllm,http://localhost:8000/v1,C1,10,3bb65d16,0.0,2026-08-28T15:35:24.621322,1," {
  ""score"": 7,
  ""verdict"": ""invest"",
  ""confidence"": 85,
  ""rubric_scores"": {
    ""market_potential"": 4,
    ""technical_feasibility"": 4,
    ""business_viability"": 4
  },
  ""reasoning"": ""The concept of a video-commerce marketplace has potential in the growing e-commerce and video streaming markets. However, the success of IVIOU will depend on its ability to differentiate itself from existing platforms and overcome technical challenges related to seamless video-to-purchase integration.""
}",7,invest,85,4,4,4,"The concept of a video-commerce marketplace has potential in the growing e-commerce and video streaming markets. However, the success of IVIOU will depend on its ability to differentiate itself from existing platforms and overcome technical challenges related to seamless video-to-purchase integration.",True
CASE_KS_005,models/Mistral-7B-Instruct-v0.3,models/Mistral-7B-Instruct-v0.3,vllm,http://localhost:8000/v1,C1,1,3bb65d16,0.0,2026-08-28T15:36:11.725012,1," {
  ""score"": 7,
  ""verdict"": ""invest"",
  ""confidence"": 85,
  ""rubric_scores"": {
    ""market_potential"": 4,
    ""technical_feasibility"": 4,
    ""business_viability"": 5
  },
  ""reasoning"": ""The niche focus on non-fiction storytelling and art from around the world presents a unique market opportunity. The dedicated distribution platform for filmmakers is a valuable service. While the technical feasibility is moderate due to the competitive video streaming market, the business viability is strong due to the potential for recurring revenue from subscription fees and partnerships.""
}",7,invest,85,4,4,5,"The niche focus on non-fiction storytelling and art from around the world presents a unique market opportunity. The dedicated distribution platform for filmmakers is a valuable service. While the technical feasibility is moderate due to the competitive video streaming market, the business viability is strong due to the potential for recurring revenue from subscription fees and partnerships.",True
CASE_KS_005,models/Mistral-7B-Instruct-v0.3,models/Mistral-7B-Instruct-v0.3,vllm,http://localhost:8000/v1,C1,2,3bb65d16,0.0,2026-08-28T15:36:13.242992,1," {
  ""score"": 7,
  ""verdict"": ""invest"",
  ""confidence"": 85,
  ""rubric_scores"": {
    ""market_potential"": 4,
    ""technical_feasibility"": 4,
    ""business_viability"": 5
  },
  ""reasoning"": ""The niche focus on non-fiction storytelling and art from around the world presents a unique market opportunity. The dedicated distribution platform for filmmakers is a valuable service. While the technical feasibility is moderate due to the competitive video streaming market, the business viability is strong due to the potential for recurring revenue from subscription fees and partnerships.""
}",7,invest,85,4,4,5,"The niche focus on non-fiction storytelling and art from around the world presents a unique market opportunity. The dedicated distribution platform for filmmakers is a valuable service. While the technical feasibility is moderate due to the competitive video streaming market, the business viability is strong due to the potential for recurring revenue from subscription fees and partnerships.",True
CASE_KS_005,models/Mistral-7B-Instruct-v0.3,models/Mistral-7B-Instruct-v0.3,vllm,http://localhost:8000/v1,C1,3,3bb65d16,0.0,2026-08-28T15:36:22.829005,1," {
  ""score"": 7,
  ""verdict"": ""invest"",
  ""confidence"": 85,
  ""rubric_scores"": {
    ""market_potential"": 4,
    ""technical_feasibility"": 4,
    ""business_viability"": 5
  },
  ""reasoning"": ""The niche focus on non-fiction storytelling and art from around the world presents a unique market opportunity. The dedicated distribution platform for filmmakers is a valuable service. While the technical feasibility is moderate due to the competitive video streaming market, the business viability is strong due to the potential for recurring revenue from subscription fees and partnerships.""
}",7,invest,85,4,4,5,"The niche focus on non-fiction storytelling and art from around the world presents a unique market opportunity. The dedicated distribution platform for filmmakers is a valuable service. While the technical feasibility is moderate due to the competitive video streaming market, the business viability is strong due to the potential for recurring revenue from subscription fees and partnerships.",True
CASE_KS_005,models/Mistral-7B-Instruct-v0.3,models/Mistral-7B-Instruct-v0.3,vllm,http://localhost:8000/v1,C1,4,3bb65d16,0.0,2026-08-28T15:36:24.309499,1," {
  ""score"": 7,
  ""verdict"": ""invest"",
  ""confidence"": 85,
  ""rubric_scores"": {
    ""market_potential"": 4,
    ""technical_feasibility"": 4,
    ""business_viability"": 5
  },
  ""reasoning"": ""The niche focus on non-fiction storytelling and art from around the world presents a unique market opportunity. The dedicated distribution platform for filmmakers is a valuable service. While the technical feasibility is moderate due to the competitive video streaming market, the business viability is strong due to the potential for recurring revenue from subscription fees and partnerships.""
}",7,invest,85,4,4,5,"The niche focus on non-fiction storytelling and art from around the world presents a unique market opportunity. The dedicated distribution platform for filmmakers is a valuable service. While the technical feasibility is moderate due to the competitive video streaming market, the business viability is strong due to the potential for recurring revenue from subscription fees and partnerships.",True
CASE_KS_005,models/Mistral-7B-Instruct-v0.3,models/Mistral-7B-Instruct-v0.3,vllm,http://localhost:8000/v1,C1,5,3bb65d16,0.0,2026-08-28T15:36:24.510669,1," {
  ""score"": 7,
  ""verdict"": ""invest"",
  ""confidence"": 85,
  ""rubric_scores"": {
    ""market_potential"": 4,
    ""technical_feasibility"": 4,
    ""business_viability"": 5
  },
  ""reasoning"": ""The niche focus on non-fiction storytelling and art from around the world presents a unique market opportunity. The dedicated distribution platform for filmmakers is a valuable service. While the technical feasibility is moderate due to the competitive video streaming market, the business viability is strong due to the potential for recurring revenue from subscription fees and partnerships.""
}",7,invest,85,4,4,5,"The niche focus on non-fiction storytelling and art from around the world presents a unique market opportunity. The dedicated distribution platform for filmmakers is a valuable service. While the technical feasibility is moderate due to the competitive video streaming market, the business viability is strong due to the potential for recurring revenue from subscription fees and partnerships.",True
CASE_KS_005,models/Mistral-7B-Instruct-v0.3,models/Mistral-7B-Instruct-v0.3,vllm,http://localhost:8000/v1,C1,6,3bb65d16,0.0,2026-08-28T15:36:25.138315,1," {
  ""score"": 7,
  ""verdict"": ""invest"",
  ""confidence"": 85,
  ""rubric_scores"": {
    ""market_potential"": 4,
    ""technical_feasibility"": 4,
    ""business_viability"": 5
  },
  ""reasoning"": ""The niche focus on non-fiction storytelling and art from around the world presents a unique market opportunity. The dedicated distribution platform for filmmakers is a valuable service. While the technical feasibility is moderate due to the competitive video streaming market, the business viability is strong due to the potential for recurring revenue from subscription fees and partnerships.""
}",7,invest,85,4,4,5,"The niche focus on non-fiction storytelling and art from around the world presents a unique market opportunity. The dedicated distribution platform for filmmakers is a valuable service. While the technical feasibility is moderate due to the competitive video streaming market, the business viability is strong due to the potential for recurring revenue from subscription fees and partnerships.",True
CASE_KS_005,models/Mistral-7B-Instruct-v0.3,models/Mistral-7B-Instruct-v0.3,vllm,http://localhost:8000/v1,C1,8,3bb65d16,0.0,2026-08-28T15:36:26.804498,1," {
  ""score"": 7,
  ""verdict"": ""invest"",
  ""confidence"": 85,
  ""rubric_scores"": {
    ""market_potential"": 4,
    ""technical_feasibility"": 4,
    ""business_viability"": 5
  },
  ""reasoning"": ""The niche focus on non-fiction storytelling and art from around the world presents a unique market opportunity. The dedicated distribution platform for filmmakers is a valuable service. While the technical feasibility is moderate due to the competitive video streaming market, the business viability is strong due to the potential for recurring revenue from subscription fees and partnerships.""
}",7,invest,85,4,4,5,"The niche focus on non-fiction storytelling and art from around the world presents a unique market opportunity. The dedicated distribution platform for filmmakers is a valuable service. While the technical feasibility is moderate due to the competitive video streaming market, the business viability is strong due to the potential for recurring revenue from subscription fees and partnerships.",True
CASE_KS_005,models/Mistral-7B-Instruct-v0.3,models/Mistral-7B-Instruct-v0.3,vllm,http://localhost:8000/v1,C1,7,3bb65d16,0.0,2026-08-28T15:36:26.600358,1," {
  ""score"": 7,
  ""verdict"": ""invest"",
  ""confidence"": 85,
  ""rubric_scores"": {
    ""market_potential"": 4,
    ""technical_feasibility"": 4,
    ""business_viability"": 5
  },
  ""reasoning"": ""The niche focus on non-fiction storytelling and art from around the world presents a unique market opportunity. The dedicated distribution platform for filmmakers is a valuable service. While the technical feasibility is moderate due to the competitive video streaming market, the business viability is strong due to the potential for recurring revenue from subscription fees and partnerships.""
}",7,invest,85,4,4,5,"The niche focus on non-fiction storytelling and art from around the world presents a unique market opportunity. The dedicated distribution platform for filmmakers is a valuable service. While the technical feasibility is moderate due to the competitive video streaming market, the business viability is strong due to the potential for recurring revenue from subscription fees and partnerships.",True
CASE_KS_005,models/Mistral-7B-Instruct-v0.3,models/Mistral-7B-Instruct-v0.3,vllm,http://localhost:8000/v1,C1,9,3bb65d16,0.0,2026-08-28T15:36:28.264075,1," {
  ""score"": 7,
  ""verdict"": ""invest"",
  ""confidence"": 85,
  ""rubric_scores"": {
    ""market_potential"": 4,
    ""technical_feasibility"": 4,
    ""business_viability"": 5
  },
  ""reasoning"": ""The niche focus on non-fiction storytelling and art from around the world presents a unique market opportunity. The dedicated distribution platform for filmmakers is a valuable service. While the technical feasibility is moderate due to the competitive video streaming market, the business viability is strong due to the potential for recurring revenue from subscription fees and partnerships.""
}",7,invest,85,4,4,5,"The niche focus on non-fiction storytelling and art from around the world presents a unique market opportunity. The dedicated distribution platform for filmmakers is a valuable service. While the technical feasibility is moderate due to the competitive video streaming market, the business viability is strong due to the potential for recurring revenue from subscription fees and partnerships.",True
CASE_KS_005,models/Mistral-7B-Instruct-v0.3,models/Mistral-7B-Instruct-v0.3,vllm,http://localhost:8000/v1,C1,10,3bb65d16,0.0,2026-08-28T15:36:28.464788,1," {
  ""score"": 7,
  ""verdict"": ""invest"",
  ""confidence"": 85,
  ""rubric_scores"": {
    ""market_potential"": 4,
    ""technical_feasibility"": 4,
    ""business_viability"": 5
  },
  ""reasoning"": ""The niche focus on non-fiction storytelling and art from around the world presents a unique market opportunity. The dedicated distribution platform for filmmakers is a valuable service. While the technical feasibility is moderate due to the competitive video streaming market, the business viability is strong due to the potential for recurring revenue from subscription fees and partnerships.""
}",7,invest,85,4,4,5,"The niche focus on non-fiction storytelling and art from around the world presents a unique market opportunity. The dedicated distribution platform for filmmakers is a valuable service. While the technical feasibility is moderate due to the competitive video streaming market, the business viability is strong due to the potential for recurring revenue from subscription fees and partnerships.",True
CASE_KS_006,models/Mistral-7B-Instruct-v0.3,models/Mistral-7B-Instruct-v0.3,vllm,http://localhost:8000/v1,C1,1,3bb65d16,0.0,2026-08-28T15:37:19.814536,1," {
  ""score"": 6,
  ""verdict"": ""pass"",
  ""confidence"": 80,
  ""rubric_scores"": {
    ""market_potential"": 3,
    ""technical_feasibility"": 5,
    ""business_viability"": 3
  },
  ""reasoning"": ""Niche market with limited appeal, but technically feasible product. However, the business model lacks scalability and competition is high in the home decor market.""
}",6,pass,80,3,5,3,"Niche market with limited appeal, but technically feasible product. However, the business model lacks scalability and competition is high in the home decor market.",True
CASE_KS_006,models/Mistral-7B-Instruct-v0.3,models/Mistral-7B-Instruct-v0.3,vllm,http://localhost:8000/v1,C1,2,3bb65d16,0.0,2026-08-28T15:37:21.614914,1," {
  ""score"": 6,
  ""verdict"": ""pass"",
  ""confidence"": 80,
  ""rubric_scores"": {
    ""market_potential"": 3,
    ""technical_feasibility"": 5,
    ""business_viability"": 3
  },
  ""reasoning"": ""Niche market with limited appeal, but technically feasible product. However, the business model lacks scalability and competition is high in the home decor market.""
}",6,pass,80,3,5,3,"Niche market with limited appeal, but technically feasible product. However, the business model lacks scalability and competition is high in the home decor market.",True
CASE_KS_006,models/Mistral-7B-Instruct-v0.3,models/Mistral-7B-Instruct-v0.3,vllm,http://localhost:8000/v1,C1,3,3bb65d16,0.0,2026-08-28T15:37:31.641296,1," {
  ""score"": 6,
  ""verdict"": ""pass"",
  ""confidence"": 80,
  ""rubric_scores"": {
    ""market_potential"": 3,
    ""technical_feasibility"": 5,
    ""business_viability"": 3
  },
  ""reasoning"": ""Niche market with limited appeal, but technically feasible product. However, the business model lacks scalability and competition is high in the home decor market.""
}",6,pass,80,3,5,3,"Niche market with limited appeal, but technically feasible product. However, the business model lacks scalability and competition is high in the home decor market.",True
CASE_KS_006,models/Mistral-7B-Instruct-v0.3,models/Mistral-7B-Instruct-v0.3,vllm,http://localhost:8000/v1,C1,4,3bb65d16,0.0,2026-08-28T15:37:33.119623,1," {
  ""score"": 6,
  ""verdict"": ""pass"",
  ""confidence"": 80,
  ""rubric_scores"": {
    ""market_potential"": 3,
    ""technical_feasibility"": 5,
    ""business_viability"": 3
  },
  ""reasoning"": ""Niche market with limited appeal, but technically feasible product. However, the business model lacks scalability and competition is high in the home decor market.""
}",6,pass,80,3,5,3,"Niche market with limited appeal, but technically feasible product. However, the business model lacks scalability and competition is high in the home decor market.",True
CASE_KS_006,models/Mistral-7B-Instruct-v0.3,models/Mistral-7B-Instruct-v0.3,vllm,http://localhost:8000/v1,C1,5,3bb65d16,0.0,2026-08-28T15:37:33.759905,1," {
  ""score"": 6,
  ""verdict"": ""pass"",
  ""confidence"": 80,
  ""rubric_scores"": {
    ""market_potential"": 3,
    ""technical_feasibility"": 5,
    ""business_viability"": 3
  },
  ""reasoning"": ""Niche market with limited appeal, but technically feasible product. However, the business model lacks scalability and competition is high in the home decor market.""
}",6,pass,80,3,5,3,"Niche market with limited appeal, but technically feasible product. However, the business model lacks scalability and competition is high in the home decor market.",True
CASE_KS_006,models/Mistral-7B-Instruct-v0.3,models/Mistral-7B-Instruct-v0.3,vllm,http://localhost:8000/v1,C1,6,3bb65d16,0.0,2026-08-28T15:37:34.384291,1," {
  ""score"": 6,
  ""verdict"": ""pass"",
  ""confidence"": 80,
  ""rubric_scores"": {
    ""market_potential"": 3,
    ""technical_feasibility"": 5,
    ""business_viability"": 3
  },
  ""reasoning"": ""Niche market with limited appeal, but technically feasible product. However, the business model lacks scalability and competition is high in the home decor market.""
}",6,pass,80,3,5,3,"Niche market with limited appeal, but technically feasible product. However, the business model lacks scalability and competition is high in the home decor market.",True
CASE_KS_006,models/Mistral-7B-Instruct-v0.3,models/Mistral-7B-Instruct-v0.3,vllm,http://localhost:8000/v1,C1,8,3bb65d16,0.0,2026-08-28T15:37:36.515237,1," {
  ""score"": 6,
  ""verdict"": ""pass"",
  ""confidence"": 80,
  ""rubric_scores"": {
    ""market_potential"": 3,
    ""technical_feasibility"": 5,
    ""business_viability"": 3
  },
  ""reasoning"": ""Niche market with limited appeal, but technically feasible product. However, the business model lacks scalability and competition is high in the home decor market.""
}",6,pass,80,3,5,3,"Niche market with limited appeal, but technically feasible product. However, the business model lacks scalability and competition is high in the home decor market.",True
CASE_KS_006,models/Mistral-7B-Instruct-v0.3,models/Mistral-7B-Instruct-v0.3,vllm,http://localhost:8000/v1,C1,7,3bb65d16,0.0,2026-08-28T15:37:36.316991,1," {
  ""score"": 6,
  ""verdict"": ""pass"",
  ""confidence"": 80,
  ""rubric_scores"": {
    ""market_potential"": 3,
    ""technical_feasibility"": 5,
    ""business_viability"": 3
  },
  ""reasoning"": ""Niche market with limited appeal, but technically feasible product. However, the business model lacks scalability and competition is high in the home decor market.""
}",6,pass,80,3,5,3,"Niche market with limited appeal, but technically feasible product. However, the business model lacks scalability and competition is high in the home decor market.",True
CASE_KS_006,models/Mistral-7B-Instruct-v0.3,models/Mistral-7B-Instruct-v0.3,vllm,http://localhost:8000/v1,C1,9,3bb65d16,0.0,2026-08-28T15:37:38.390673,1," {
  ""score"": 6,
  ""verdict"": ""pass"",
  ""confidence"": 80,
  ""rubric_scores"": {
    ""market_potential"": 3,
    ""technical_feasibility"": 5,
    ""business_viability"": 3
  },
  ""reasoning"": ""Niche market with limited appeal, but technically feasible product. However, the business model lacks scalability and competition is high in the home decor market.""
}",6,pass,80,3,5,3,"Niche market with limited appeal, but technically feasible product. However, the business model lacks scalability and competition is high in the home decor market.",True
CASE_KS_006,models/Mistral-7B-Instruct-v0.3,models/Mistral-7B-Instruct-v0.3,vllm,http://localhost:8000/v1,C1,10,3bb65d16,0.0,2026-08-28T15:37:38.592818,1," {
  ""score"": 6,
  ""verdict"": ""pass"",
  ""confidence"": 80,
  ""rubric_scores"": {
    ""market_potential"": 3,
    ""technical_feasibility"": 5,
    ""business_viability"": 3
  },
  ""reasoning"": ""Niche market with limited appeal, but technically feasible product. However, the business model lacks scalability and competition is high in the home decor market.""
}",6,pass,80,3,5,3,"Niche market with limited appeal, but technically feasible product. However, the business model lacks scalability and competition is high in the home decor market.",True
CASE_KS_007,models/Mistral-7B-Instruct-v0.3,models/Mistral-7B-Instruct-v0.3,vllm,http://localhost:8000/v1,C1,1,3bb65d16,0.0,2026-08-28T15:38:10.859983,1," {
  ""score"": 7,
  ""verdict"": ""invest"",
  ""confidence"": 85,
  ""rubric_scores"": {
    ""market_potential"": 4,
    ""technical_feasibility"": 5,
    ""business_viability"": 4
  },
  ""reasoning"": ""The fitness app market is saturated, but Kilojoules' focus on data-driven insights could differentiate it. Technical feasibility is high due to the existing technology for tracking nutrition and exercise. Business viability is moderate due to competition, but the potential for recurring revenue through premium features could make it a strong investment.""
}",7,invest,85,4,5,4,"The fitness app market is saturated, but Kilojoules' focus on data-driven insights could differentiate it. Technical feasibility is high due to the existing technology for tracking nutrition and exercise. Business viability is moderate due to competition, but the potential for recurring revenue through premium features could make it a strong investment.",True
CASE_KS_007,models/Mistral-7B-Instruct-v0.3,models/Mistral-7B-Instruct-v0.3,vllm,http://localhost:8000/v1,C1,2,3bb65d16,0.0,2026-08-28T15:38:12.374902,1," {
  ""score"": 7,
  ""verdict"": ""invest"",
  ""confidence"": 85,
  ""rubric_scores"": {
    ""market_potential"": 4,
    ""technical_feasibility"": 5,
    ""business_viability"": 4
  },
  ""reasoning"": ""The fitness app market is saturated, but Kilojoules' focus on data-driven insights could differentiate it. Technical feasibility is high due to the existing technology for tracking nutrition and exercise. Business viability is moderate due to competition, but the potential for recurring revenue through premium features could make it a strong investment.""
}",7,invest,85,4,5,4,"The fitness app market is saturated, but Kilojoules' focus on data-driven insights could differentiate it. Technical feasibility is high due to the existing technology for tracking nutrition and exercise. Business viability is moderate due to competition, but the potential for recurring revenue through premium features could make it a strong investment.",True
CASE_KS_007,models/Mistral-7B-Instruct-v0.3,models/Mistral-7B-Instruct-v0.3,vllm,http://localhost:8000/v1,C1,3,3bb65d16,0.0,2026-08-28T15:38:22.807362,1," {
  ""score"": 7,
  ""verdict"": ""invest"",
  ""confidence"": 85,
  ""rubric_scores"": {
    ""market_potential"": 4,
    ""technical_feasibility"": 5,
    ""business_viability"": 4
  },
  ""reasoning"": ""The fitness app market is saturated, but Kilojoules' focus on data-driven insights could differentiate it. Technical feasibility is high due to the existing technology for tracking nutrition and exercise. Business viability is moderate due to competition, but the potential for recurring revenue through premium features could make it a strong investment.""
}",7,invest,85,4,5,4,"The fitness app market is saturated, but Kilojoules' focus on data-driven insights could differentiate it. Technical feasibility is high due to the existing technology for tracking nutrition and exercise. Business viability is moderate due to competition, but the potential for recurring revenue through premium features could make it a strong investment.",True
CASE_KS_007,models/Mistral-7B-Instruct-v0.3,models/Mistral-7B-Instruct-v0.3,vllm,http://localhost:8000/v1,C1,4,3bb65d16,0.0,2026-08-28T15:38:24.280023,1," {
  ""score"": 7,
  ""verdict"": ""invest"",
  ""confidence"": 85,
  ""rubric_scores"": {
    ""market_potential"": 4,
    ""technical_feasibility"": 5,
    ""business_viability"": 4
  },
  ""reasoning"": ""The fitness app market is saturated, but Kilojoules' focus on data-driven insights could differentiate it. Technical feasibility is high due to the existing technology for tracking nutrition and exercise. Business viability is moderate due to competition, but the potential for recurring revenue through premium features could make it a strong investment.""
}",7,invest,85,4,5,4,"The fitness app market is saturated, but Kilojoules' focus on data-driven insights could differentiate it. Technical feasibility is high due to the existing technology for tracking nutrition and exercise. Business viability is moderate due to competition, but the potential for recurring revenue through premium features could make it a strong investment.",True
CASE_KS_007,models/Mistral-7B-Instruct-v0.3,models/Mistral-7B-Instruct-v0.3,vllm,http://localhost:8000/v1,C1,5,3bb65d16,0.0,2026-08-28T15:38:25.331377,1," {
  ""score"": 7,
  ""verdict"": ""invest"",
  ""confidence"": 85,
  ""rubric_scores"": {
    ""market_potential"": 4,
    ""technical_feasibility"": 5,
    ""business_viability"": 4
  },
  ""reasoning"": ""The fitness app market is saturated, but Kilojoules' focus on data-driven insights could differentiate it. Technical feasibility is high due to the existing technology for tracking nutrition and exercise. Business viability is moderate due to competition, but the potential for recurring revenue through premium features could make it a strong investment.""
}",7,invest,85,4,5,4,"The fitness app market is saturated, but Kilojoules' focus on data-driven insights could differentiate it. Technical feasibility is high due to the existing technology for tracking nutrition and exercise. Business viability is moderate due to competition, but the potential for recurring revenue through premium features could make it a strong investment.",True
CASE_KS_007,models/Mistral-7B-Instruct-v0.3,models/Mistral-7B-Instruct-v0.3,vllm,http://localhost:8000/v1,C1,6,3bb65d16,0.0,2026-08-28T15:38:25.959818,1," {
  ""score"": 7,
  ""verdict"": ""invest"",
  ""confidence"": 85,
  ""rubric_scores"": {
    ""market_potential"": 4,
    ""technical_feasibility"": 5,
    ""business_viability"": 4
  },
  ""reasoning"": ""The fitness app market is saturated, but Kilojoules' focus on data-driven insights could differentiate it. Technical feasibility is high due to the existing technology for tracking nutrition and exercise. Business viability is moderate due to competition, but the potential for recurring revenue through premium features could make it a strong investment.""
}",7,invest,85,4,5,4,"The fitness app market is saturated, but Kilojoules' focus on data-driven insights could differentiate it. Technical feasibility is high due to the existing technology for tracking nutrition and exercise. Business viability is moderate due to competition, but the potential for recurring revenue through premium features could make it a strong investment.",True
CASE_KS_007,models/Mistral-7B-Instruct-v0.3,models/Mistral-7B-Instruct-v0.3,vllm,http://localhost:8000/v1,C1,8,3bb65d16,0.0,2026-08-28T15:38:28.474544,1," {
  ""score"": 7,
  ""verdict"": ""invest"",
  ""confidence"": 85,
  ""rubric_scores"": {
    ""market_potential"": 4,
    ""technical_feasibility"": 5,
    ""business_viability"": 4
  },
  ""reasoning"": ""The fitness app market is saturated, but Kilojoules' focus on data-driven insights could differentiate it. Technical feasibility is high due to the existing technology for tracking nutrition and exercise. Business viability is moderate due to competition, but the potential for recurring revenue through premium features could make it a strong investment.""
}",7,invest,85,4,5,4,"The fitness app market is saturated, but Kilojoules' focus on data-driven insights could differentiate it. Technical feasibility is high due to the existing technology for tracking nutrition and exercise. Business viability is moderate due to competition, but the potential for recurring revenue through premium features could make it a strong investment.",True
CASE_KS_007,models/Mistral-7B-Instruct-v0.3,models/Mistral-7B-Instruct-v0.3,vllm,http://localhost:8000/v1,C1,7,3bb65d16,0.0,2026-08-28T15:38:28.271076,1," {
  ""score"": 7,
  ""verdict"": ""invest"",
  ""confidence"": 85,
  ""rubric_scores"": {
    ""market_potential"": 4,
    ""technical_feasibility"": 5,
    ""business_viability"": 4
  },
  ""reasoning"": ""The fitness app market is saturated, but Kilojoules' focus on data-driven insights could differentiate it. Technical feasibility is high due to the existing technology for tracking nutrition and exercise. Business viability is moderate due to competition, but the potential for recurring revenue through premium features could make it a strong investment.""
}",7,invest,85,4,5,4,"The fitness app market is saturated, but Kilojoules' focus on data-driven insights could differentiate it. Technical feasibility is high due to the existing technology for tracking nutrition and exercise. Business viability is moderate due to competition, but the potential for recurring revenue through premium features could make it a strong investment.",True
CASE_KS_007,models/Mistral-7B-Instruct-v0.3,models/Mistral-7B-Instruct-v0.3,vllm,http://localhost:8000/v1,C1,9,3bb65d16,0.0,2026-08-28T15:38:30.787012,1," {
  ""score"": 7,
  ""verdict"": ""invest"",
  ""confidence"": 85,
  ""rubric_scores"": {
    ""market_potential"": 4,
    ""technical_feasibility"": 5,
    ""business_viability"": 4
  },
  ""reasoning"": ""The fitness app market is saturated, but Kilojoules' focus on data-driven insights could differentiate it. Technical feasibility is high due to the existing technology for tracking nutrition and exercise. Business viability is moderate due to competition, but the potential for recurring revenue through premium features could make it a strong investment.""
}",7,invest,85,4,5,4,"The fitness app market is saturated, but Kilojoules' focus on data-driven insights could differentiate it. Technical feasibility is high due to the existing technology for tracking nutrition and exercise. Business viability is moderate due to competition, but the potential for recurring revenue through premium features could make it a strong investment.",True
CASE_KS_007,models/Mistral-7B-Instruct-v0.3,models/Mistral-7B-Instruct-v0.3,vllm,http://localhost:8000/v1,C1,10,3bb65d16,0.0,2026-08-28T15:38:30.985003,1," {
  ""score"": 7,
  ""verdict"": ""invest"",
  ""confidence"": 85,
  ""rubric_scores"": {
    ""market_potential"": 4,
    ""technical_feasibility"": 5,
    ""business_viability"": 4
  },
  ""reasoning"": ""The fitness app market is saturated, but Kilojoules' focus on data-driven insights could differentiate it. Technical feasibility is high due to the existing technology for tracking nutrition and exercise. Business viability is moderate due to competition, but the potential for recurring revenue through premium features could make it a strong investment.""
}",7,invest,85,4,5,4,"The fitness app market is saturated, but Kilojoules' focus on data-driven insights could differentiate it. Technical feasibility is high due to the existing technology for tracking nutrition and exercise. Business viability is moderate due to competition, but the potential for recurring revenue through premium features could make it a strong investment.",True
CASE_KS_008,models/Mistral-7B-Instruct-v0.3,models/Mistral-7B-Instruct-v0.3,vllm,http://localhost:8000/v1,C1,1,3bb65d16,0.0,2026-08-28T15:39:17.231701,1," {
  ""score"": 7,
  ""verdict"": ""invest"",
  ""confidence"": 85,
  ""rubric_scores"": {
    ""market_potential"": 4,
    ""technical_feasibility"": 4,
    ""business_viability"": 5
  },
  ""reasoning"": ""Strong market potential in NYC's urban professional demographic. While technical feasibility is achievable, the unique selling point lies in the business model's viability, leveraging existing infrastructure and addressing a genuine need for convenience.""
}",7,invest,85,4,4,5,"Strong market potential in NYC's urban professional demographic. While technical feasibility is achievable, the unique selling point lies in the business model's viability, leveraging existing infrastructure and addressing a genuine need for convenience.",True
CASE_KS_008,models/Mistral-7B-Instruct-v0.3,models/Mistral-7B-Instruct-v0.3,vllm,http://localhost:8000/v1,C1,2,3bb65d16,0.0,2026-08-28T15:39:18.750680,1," {
  ""score"": 7,
  ""verdict"": ""invest"",
  ""confidence"": 85,
  ""rubric_scores"": {
    ""market_potential"": 4,
    ""technical_feasibility"": 4,
    ""business_viability"": 5
  },
  ""reasoning"": ""ValetSmartz addresses a clear need for convenience in NYC's urban professional market, demonstrating market potential. While the technical feasibility is straightforward, the app's success hinges on effective execution and user experience. The business model appears viable, with potential for scalability and recurring revenue.""
}",7,invest,85,4,4,5,"ValetSmartz addresses a clear need for convenience in NYC's urban professional market, demonstrating market potential. While the technical feasibility is straightforward, the app's success hinges on effective execution and user experience. The business model appears viable, with potential for scalability and recurring revenue.",True
CASE_KS_008,models/Mistral-7B-Instruct-v0.3,models/Mistral-7B-Instruct-v0.3,vllm,http://localhost:8000/v1,C1,4,3bb65d16,0.0,2026-08-28T15:39:31.094030,1," {
  ""score"": 7,
  ""verdict"": ""invest"",
  ""confidence"": 85,
  ""rubric_scores"": {
    ""market_potential"": 4,
    ""technical_feasibility"": 4,
    ""business_viability"": 5
  },
  ""reasoning"": ""Strong market potential in NYC's urban professional demographic. While technical feasibility is achievable, the unique selling point lies in the business model's viability, leveraging existing infrastructure and addressing a genuine need for convenience.""
}",7,invest,85,4,4,5,"Strong market potential in NYC's urban professional demographic. While technical feasibility is achievable, the unique selling point lies in the business model's viability, leveraging existing infrastructure and addressing a genuine need for convenience.",True
CASE_KS_008,models/Mistral-7B-Instruct-v0.3,models/Mistral-7B-Instruct-v0.3,vllm,http://localhost:8000/v1,C1,5,3bb65d16,0.0,2026-08-28T15:39:32.574648,1," {
  ""score"": 7,
  ""verdict"": ""invest"",
  ""confidence"": 85,
  ""rubric_scores"": {
    ""market_potential"": 4,
    ""technical_feasibility"": 4,
    ""business_viability"": 5
  },
  ""reasoning"": ""Strong market potential in NYC's urban professional demographic. While technical feasibility is achievable, the unique selling point lies in the business model's viability, leveraging existing infrastructure and addressing a real pain point.""
}",7,invest,85,4,4,5,"Strong market potential in NYC's urban professional demographic. While technical feasibility is achievable, the unique selling point lies in the business model's viability, leveraging existing infrastructure and addressing a real pain point.",True
CASE_KS_008,models/Mistral-7B-Instruct-v0.3,models/Mistral-7B-Instruct-v0.3,vllm,http://localhost:8000/v1,C1,6,3bb65d16,0.0,2026-08-28T15:39:33.197154,1," {
  ""score"": 7,
  ""verdict"": ""invest"",
  ""confidence"": 85,
  ""rubric_scores"": {
    ""market_potential"": 4,
    ""technical_feasibility"": 4,
    ""business_viability"": 5
  },
  ""reasoning"": ""Strong market potential in NYC's urban professional demographic. While technical feasibility is achievable, the unique selling point lies in the business model's viability, leveraging existing infrastructure and addressing a genuine need for convenience.""
}",7,invest,85,4,4,5,"Strong market potential in NYC's urban professional demographic. While technical feasibility is achievable, the unique selling point lies in the business model's viability, leveraging existing infrastructure and addressing a genuine need for convenience.",True
CASE_KS_008,models/Mistral-7B-Instruct-v0.3,models/Mistral-7B-Instruct-v0.3,vllm,http://localhost:8000/v1,C1,3,3bb65d16,0.0,2026-08-28T15:39:29.618018,1," {
  ""score"": 7,
  ""verdict"": ""invest"",
  ""confidence"": 85,
  ""rubric_scores"": {
    ""market_potential"": 4,
    ""technical_feasibility"": 4,
    ""business_viability"": 5
  },
  ""reasoning"": ""ValetSmartz addresses a clear need for convenience in NYC's urban professional market, demonstrating market potential. While the technical feasibility is straightforward, the app's success hinges on effective execution and user experience. The business model appears viable, with potential for scalability and recurring revenue.""
}",7,invest,85,4,4,5,"ValetSmartz addresses a clear need for convenience in NYC's urban professional market, demonstrating market potential. While the technical feasibility is straightforward, the app's success hinges on effective execution and user experience. The business model appears viable, with potential for scalability and recurring revenue.",True
CASE_KS_008,models/Mistral-7B-Instruct-v0.3,models/Mistral-7B-Instruct-v0.3,vllm,http://localhost:8000/v1,C1,9,3bb65d16,0.0,2026-08-28T15:39:38.870988,1," {
  ""score"": 7,
  ""verdict"": ""invest"",
  ""confidence"": 85,
  ""rubric_scores"": {
    ""market_potential"": 4,
    ""technical_feasibility"": 4,
    ""business_viability"": 5
  },
  ""reasoning"": ""Strong market potential in NYC's urban professional demographic. While technical feasibility is achievable, the unique selling point lies in the business model's viability, leveraging existing infrastructure and addressing a genuine need for convenience.""
}",7,invest,85,4,4,5,"Strong market potential in NYC's urban professional demographic. While technical feasibility is achievable, the unique selling point lies in the business model's viability, leveraging existing infrastructure and addressing a genuine need for convenience.",True
CASE_KS_008,models/Mistral-7B-Instruct-v0.3,models/Mistral-7B-Instruct-v0.3,vllm,http://localhost:8000/v1,C1,10,3bb65d16,0.0,2026-08-28T15:39:39.072015,1," {
  ""score"": 7,
  ""verdict"": ""invest"",
  ""confidence"": 85,
  ""rubric_scores"": {
    ""market_potential"": 4,
    ""technical_feasibility"": 4,
    ""business_viability"": 5
  },
  ""reasoning"": ""Strong market potential in NYC's urban professional demographic. While technical feasibility is achievable, the unique selling point lies in the business model's viability, leveraging existing infrastructure and addressing a genuine need for convenience.""
}",7,invest,85,4,4,5,"Strong market potential in NYC's urban professional demographic. While technical feasibility is achievable, the unique selling point lies in the business model's viability, leveraging existing infrastructure and addressing a genuine need for convenience.",True
CASE_KS_008,models/Mistral-7B-Instruct-v0.3,models/Mistral-7B-Instruct-v0.3,vllm,http://localhost:8000/v1,C1,8,3bb65d16,0.0,2026-08-28T15:39:36.138763,1," {
  ""score"": 7,
  ""verdict"": ""invest"",
  ""confidence"": 85,
  ""rubric_scores"": {
    ""market_potential"": 4,
    ""technical_feasibility"": 4,
    ""business_viability"": 5
  },
  ""reasoning"": ""ValetSmartz addresses a clear need for convenience in NYC's urban professional market, demonstrating market potential. While the technical feasibility is straightforward, the app's success hinges on effective execution and user experience. The business model appears viable, with potential for scalability and recurring revenue.""
}",7,invest,85,4,4,5,"ValetSmartz addresses a clear need for convenience in NYC's urban professional market, demonstrating market potential. While the technical feasibility is straightforward, the app's success hinges on effective execution and user experience. The business model appears viable, with potential for scalability and recurring revenue.",True
CASE_KS_008,models/Mistral-7B-Instruct-v0.3,models/Mistral-7B-Instruct-v0.3,vllm,http://localhost:8000/v1,C1,7,3bb65d16,0.0,2026-08-28T15:39:35.938631,1," {
  ""score"": 7,
  ""verdict"": ""invest"",
  ""confidence"": 85,
  ""rubric_scores"": {
    ""market_potential"": 4,
    ""technical_feasibility"": 4,
    ""business_viability"": 5
  },
  ""reasoning"": ""ValetSmartz addresses a clear need for convenience in NYC's urban professional market, demonstrating market potential. While the technical feasibility is straightforward, the app's success hinges on effective execution and user experience. The business model appears viable, with potential for scalability and recurring revenue.""
}",7,invest,85,4,4,5,"ValetSmartz addresses a clear need for convenience in NYC's urban professional market, demonstrating market potential. While the technical feasibility is straightforward, the app's success hinges on effective execution and user experience. The business model appears viable, with potential for scalability and recurring revenue.",True
CASE_KS_009,models/Mistral-7B-Instruct-v0.3,models/Mistral-7B-Instruct-v0.3,vllm,http://localhost:8000/v1,C1,1,3bb65d16,0.0,2026-08-28T15:40:15.503675,1," {
  ""score"": 7,
  ""verdict"": ""invest"",
  ""confidence"": 85,
  ""rubric_scores"": {
    ""market_potential"": 4,
    ""technical_feasibility"": 4,
    ""business_viability"": 5
  },
  ""reasoning"": ""The idea addresses a significant social issue and has a large potential market. While the technical implementation may face challenges, the business model seems viable with multiple revenue streams. The key to success will be effective execution and differentiation from existing ride-sharing services.""
}",7,invest,85,4,4,5,"The idea addresses a significant social issue and has a large potential market. While the technical implementation may face challenges, the business model seems viable with multiple revenue streams. The key to success will be effective execution and differentiation from existing ride-sharing services.",True
CASE_KS_009,models/Mistral-7B-Instruct-v0.3,models/Mistral-7B-Instruct-v0.3,vllm,http://localhost:8000/v1,C1,2,3bb65d16,0.0,2026-08-28T15:40:23.701765,1," {
  ""score"": 7,
  ""verdict"": ""invest"",
  ""confidence"": 85,
  ""rubric_scores"": {
    ""market_potential"": 4,
    ""technical_feasibility"": 5,
    ""business_viability"": 4
  },
  ""reasoning"": ""Strong market potential in addressing a pressing social issue (DUI deaths). The technical feasibility is high given the existing Uber model as a blueprint. However, business viability is somewhat lower due to competition and the need for partnerships with various transportation services.""
}",7,invest,85,4,5,4,"Strong market potential in addressing a pressing social issue (DUI deaths). The technical feasibility is high given the existing Uber model as a blueprint. However, business viability is somewhat lower due to competition and the need for partnerships with various transportation services.",True
CASE_KS_009,models/Mistral-7B-Instruct-v0.3,models/Mistral-7B-Instruct-v0.3,vllm,http://localhost:8000/v1,C1,3,3bb65d16,0.0,2026-08-28T15:40:29.871553,1," {
  ""score"": 7,
  ""verdict"": ""invest"",
  ""confidence"": 85,
  ""rubric_scores"": {
    ""market_potential"": 4,
    ""technical_feasibility"": 5,
    ""business_viability"": 4
  },
  ""reasoning"": ""Strong market potential in addressing a pressing social issue (DUI deaths). The technical feasibility is high given the existing Uber model as a blueprint. However, business viability is somewhat lower due to competition and the need for partnerships with various transportation services.""
}",7,invest,85,4,5,4,"Strong market potential in addressing a pressing social issue (DUI deaths). The technical feasibility is high given the existing Uber model as a blueprint. However, business viability is somewhat lower due to competition and the need for partnerships with various transportation services.",True
CASE_KS_009,models/Mistral-7B-Instruct-v0.3,models/Mistral-7B-Instruct-v0.3,vllm,http://localhost:8000/v1,C1,5,3bb65d16,0.0,2026-08-28T15:40:32.399018,1," {
  ""score"": 7,
  ""verdict"": ""invest"",
  ""confidence"": 85,
  ""rubric_scores"": {
    ""market_potential"": 4,
    ""technical_feasibility"": 5,
    ""business_viability"": 4
  },
  ""reasoning"": ""Strong market potential in addressing a pressing social issue (DUI deaths). The technical feasibility is high given the existing Uber model as a blueprint. However, business viability is somewhat lower due to competition and the need for partnerships with various transportation services.""
}",7,invest,85,4,5,4,"Strong market potential in addressing a pressing social issue (DUI deaths). The technical feasibility is high given the existing Uber model as a blueprint. However, business viability is somewhat lower due to competition and the need for partnerships with various transportation services.",True
CASE_KS_009,models/Mistral-7B-Instruct-v0.3,models/Mistral-7B-Instruct-v0.3,vllm,http://localhost:8000/v1,C1,4,3bb65d16,0.0,2026-08-28T15:40:31.344722,1," {
  ""score"": 7,
  ""verdict"": ""invest"",
  ""confidence"": 85,
  ""rubric_scores"": {
    ""market_potential"": 4,
    ""technical_feasibility"": 5,
    ""business_viability"": 4
  },
  ""reasoning"": ""Strong market potential in addressing a pressing social issue (DUI deaths). The technical feasibility is high given the existing Uber model as a blueprint. However, business viability is somewhat lower due to competition and the need for partnerships with public transportation systems and companies offering employee programs.""
}",7,invest,85,4,5,4,"Strong market potential in addressing a pressing social issue (DUI deaths). The technical feasibility is high given the existing Uber model as a blueprint. However, business viability is somewhat lower due to competition and the need for partnerships with public transportation systems and companies offering employee programs.",True
CASE_KS_009,models/Mistral-7B-Instruct-v0.3,models/Mistral-7B-Instruct-v0.3,vllm,http://localhost:8000/v1,C1,6,3bb65d16,0.0,2026-08-28T15:40:35.579025,1," {
  ""score"": 7,
  ""verdict"": ""invest"",
  ""confidence"": 85,
  ""rubric_scores"": {
    ""market_potential"": 4,
    ""technical_feasibility"": 5,
    ""business_viability"": 4
  },
  ""reasoning"": ""Strong market potential in addressing a pressing social issue (DUI deaths). The technical feasibility is high given the existing Uber model as a blueprint. However, business viability is somewhat lower due to competition and the need for partnerships with various transportation services.""
}",7,invest,85,4,5,4,"Strong market potential in addressing a pressing social issue (DUI deaths). The technical feasibility is high given the existing Uber model as a blueprint. However, business viability is somewhat lower due to competition and the need for partnerships with various transportation services.",True
CASE_KS_009,models/Mistral-7B-Instruct-v0.3,models/Mistral-7B-Instruct-v0.3,vllm,http://localhost:8000/v1,C1,7,3bb65d16,0.0,2026-08-28T15:40:38.755825,1," {
  ""score"": 7,
  ""verdict"": ""invest"",
  ""confidence"": 85,
  ""rubric_scores"": {
    ""market_potential"": 4,
    ""technical_feasibility"": 5,
    ""business_viability"": 4
  },
  ""reasoning"": ""Strong market potential in addressing a pressing social issue (DUI deaths). The technical feasibility is high given the existing Uber model as a blueprint. However, business viability is somewhat lower due to competition and the need for partnerships with public transportation systems and companies offering employee programs.""
}",7,invest,85,4,5,4,"Strong market potential in addressing a pressing social issue (DUI deaths). The technical feasibility is high given the existing Uber model as a blueprint. However, business viability is somewhat lower due to competition and the need for partnerships with public transportation systems and companies offering employee programs.",True
CASE_KS_009,models/Mistral-7B-Instruct-v0.3,models/Mistral-7B-Instruct-v0.3,vllm,http://localhost:8000/v1,C1,8,3bb65d16,0.0,2026-08-28T15:40:38.956322,1," {
  ""score"": 7,
  ""verdict"": ""invest"",
  ""confidence"": 85,
  ""rubric_scores"": {
    ""market_potential"": 4,
    ""technical_feasibility"": 5,
    ""business_viability"": 4
  },
  ""reasoning"": ""Strong market potential in addressing a pressing social issue (DUI deaths). The technical feasibility is high given the existing Uber model as a blueprint. However, business viability is somewhat lower due to competition and the need for partnerships with public transportation systems and companies offering employee programs.""
}",7,invest,85,4,5,4,"Strong market potential in addressing a pressing social issue (DUI deaths). The technical feasibility is high given the existing Uber model as a blueprint. However, business viability is somewhat lower due to competition and the need for partnerships with public transportation systems and companies offering employee programs.",True
CASE_KS_009,models/Mistral-7B-Instruct-v0.3,models/Mistral-7B-Instruct-v0.3,vllm,http://localhost:8000/v1,C1,10,3bb65d16,0.0,2026-08-28T15:40:42.733018,1," {
  ""score"": 7,
  ""verdict"": ""invest"",
  ""confidence"": 85,
  ""rubric_scores"": {
    ""market_potential"": 4,
    ""technical_feasibility"": 5,
    ""business_viability"": 4
  },
  ""reasoning"": ""Strong market potential in addressing a pressing social issue (DUI deaths). The technical feasibility is high given the existing Uber model as a blueprint. However, business viability is somewhat lower due to competition and the need for partnerships with public transportation systems and companies offering employee programs.""
}",7,invest,85,4,5,4,"Strong market potential in addressing a pressing social issue (DUI deaths). The technical feasibility is high given the existing Uber model as a blueprint. However, business viability is somewhat lower due to competition and the need for partnerships with public transportation systems and companies offering employee programs.",True
CASE_KS_009,models/Mistral-7B-Instruct-v0.3,models/Mistral-7B-Instruct-v0.3,vllm,http://localhost:8000/v1,C1,9,3bb65d16,0.0,2026-08-28T15:40:42.532809,1," {
  ""score"": 7,
  ""verdict"": ""invest"",
  ""confidence"": 85,
  ""rubric_scores"": {
    ""market_potential"": 4,
    ""technical_feasibility"": 5,
    ""business_viability"": 4
  },
  ""reasoning"": ""Strong market potential in addressing a pressing social issue (DUI deaths). The technical feasibility is high given the existing Uber model as a blueprint. However, business viability is somewhat lower due to competition and the need for partnerships with public transportation systems and companies offering employee programs.""
}",7,invest,85,4,5,4,"Strong market potential in addressing a pressing social issue (DUI deaths). The technical feasibility is high given the existing Uber model as a blueprint. However, business viability is somewhat lower due to competition and the need for partnerships with public transportation systems and companies offering employee programs.",True
CASE_KS_010,models/Mistral-7B-Instruct-v0.3,models/Mistral-7B-Instruct-v0.3,vllm,http://localhost:8000/v1,C1,1,3bb65d16,0.0,2026-08-28T15:41:14.931021,1," {
  ""score"": 4,
  ""verdict"": ""pass"",
  ""confidence"": 80,
  ""rubric_scores"": {
    ""market_potential"": 2,
    ""technical_feasibility"": 4,
    ""business_viability"": 2
  },
  ""reasoning"": ""Limited market potential due to niche focus, feasibility is moderate as repair events can be organized, but business viability is low due to lack of scalability and monetization opportunities.""
}",4,pass,80,2,4,2,"Limited market potential due to niche focus, feasibility is moderate as repair events can be organized, but business viability is low due to lack of scalability and monetization opportunities.",True
CASE_KS_010,models/Mistral-7B-Instruct-v0.3,models/Mistral-7B-Instruct-v0.3,vllm,http://localhost:8000/v1,C1,2,3bb65d16,0.0,2026-08-28T15:41:24.396272,1," {
  ""score"": 4,
  ""verdict"": ""pass"",
  ""confidence"": 80,
  ""rubric_scores"": {
    ""market_potential"": 2,
    ""technical_feasibility"": 4,
    ""business_viability"": 2
  },
  ""reasoning"": ""Limited market potential due to niche focus, feasibility is moderate as repair events can be organized, but business viability is low due to lack of scalability and monetization opportunities.""
}",4,pass,80,2,4,2,"Limited market potential due to niche focus, feasibility is moderate as repair events can be organized, but business viability is low due to lack of scalability and monetization opportunities.",True
CASE_KS_010,models/Mistral-7B-Instruct-v0.3,models/Mistral-7B-Instruct-v0.3,vllm,http://localhost:8000/v1,C1,3,3bb65d16,0.0,2026-08-28T15:41:31.004987,1," {
  ""score"": 4,
  ""verdict"": ""pass"",
  ""confidence"": 80,
  ""rubric_scores"": {
    ""market_potential"": 2,
    ""technical_feasibility"": 4,
    ""business_viability"": 2
  },
  ""reasoning"": ""Limited market potential due to niche focus, feasibility is moderate as repair events can be organized, but business viability is low due to lack of scalability and revenue streams.""
}",4,pass,80,2,4,2,"Limited market potential due to niche focus, feasibility is moderate as repair events can be organized, but business viability is low due to lack of scalability and revenue streams.",True
CASE_KS_010,models/Mistral-7B-Instruct-v0.3,models/Mistral-7B-Instruct-v0.3,vllm,http://localhost:8000/v1,C1,4,3bb65d16,0.0,2026-08-28T15:41:33.765995,1," {
  ""score"": 4,
  ""verdict"": ""pass"",
  ""confidence"": 80,
  ""rubric_scores"": {
    ""market_potential"": 2,
    ""technical_feasibility"": 4,
    ""business_viability"": 2
  },
  ""reasoning"": ""Limited market potential due to niche focus, feasibility is moderate as repair events can be organized, but business viability is low due to lack of scalability and monetization opportunities.""
}",4,pass,80,2,4,2,"Limited market potential due to niche focus, feasibility is moderate as repair events can be organized, but business viability is low due to lack of scalability and monetization opportunities.",True
CASE_KS_010,models/Mistral-7B-Instruct-v0.3,models/Mistral-7B-Instruct-v0.3,vllm,http://localhost:8000/v1,C1,5,3bb65d16,0.0,2026-08-28T15:41:34.814026,1," {
  ""score"": 4,
  ""verdict"": ""pass"",
  ""confidence"": 80,
  ""rubric_scores"": {
    ""market_potential"": 2,
    ""technical_feasibility"": 4,
    ""business_viability"": 2
  },
  ""reasoning"": ""Limited market potential due to niche focus, feasibility is moderate as repair events can be organized, but business viability is low due to lack of scalability and monetization opportunities.""
}",4,pass,80,2,4,2,"Limited market potential due to niche focus, feasibility is moderate as repair events can be organized, but business viability is low due to lack of scalability and monetization opportunities.",True
CASE_KS_010,models/Mistral-7B-Instruct-v0.3,models/Mistral-7B-Instruct-v0.3,vllm,http://localhost:8000/v1,C1,6,3bb65d16,0.0,2026-08-28T15:41:37.160028,1," {
  ""score"": 4,
  ""verdict"": ""pass"",
  ""confidence"": 80,
  ""rubric_scores"": {
    ""market_potential"": 2,
    ""technical_feasibility"": 4,
    ""business_viability"": 2
  },
  ""reasoning"": ""Limited market potential due to niche focus, feasibility is moderate as repair events can be organized, but business viability is low due to lack of scalability and monetization opportunities.""
}",4,pass,80,2,4,2,"Limited market potential due to niche focus, feasibility is moderate as repair events can be organized, but business viability is low due to lack of scalability and monetization opportunities.",True
CASE_KS_010,models/Mistral-7B-Instruct-v0.3,models/Mistral-7B-Instruct-v0.3,vllm,http://localhost:8000/v1,C1,7,3bb65d16,0.0,2026-08-28T15:41:42.900994,1," {
  ""score"": 4,
  ""verdict"": ""pass"",
  ""confidence"": 80,
  ""rubric_scores"": {
    ""market_potential"": 2,
    ""technical_feasibility"": 4,
    ""business_viability"": 2
  },
  ""reasoning"": ""Limited market potential due to niche focus, feasibility is moderate as repair events can be organized, but business viability is low due to lack of scalability and revenue streams.""
}",4,pass,80,2,4,2,"Limited market potential due to niche focus, feasibility is moderate as repair events can be organized, but business viability is low due to lack of scalability and revenue streams.",True
CASE_KS_010,models/Mistral-7B-Instruct-v0.3,models/Mistral-7B-Instruct-v0.3,vllm,http://localhost:8000/v1,C1,8,3bb65d16,0.0,2026-08-28T15:41:43.101044,1," {
  ""score"": 4,
  ""verdict"": ""pass"",
  ""confidence"": 80,
  ""rubric_scores"": {
    ""market_potential"": 2,
    ""technical_feasibility"": 4,
    ""business_viability"": 2
  },
  ""reasoning"": ""Limited market potential due to niche focus, feasibility is moderate as repair events can be organized, but business viability is low due to lack of scalability and revenue streams.""
}",4,pass,80,2,4,2,"Limited market potential due to niche focus, feasibility is moderate as repair events can be organized, but business viability is low due to lack of scalability and revenue streams.",True
CASE_KS_010,models/Mistral-7B-Instruct-v0.3,models/Mistral-7B-Instruct-v0.3,vllm,http://localhost:8000/v1,C1,10,3bb65d16,0.0,2026-08-28T15:41:47.331535,1," {
  ""score"": 4,
  ""verdict"": ""pass"",
  ""confidence"": 80,
  ""rubric_scores"": {
    ""market_potential"": 2,
    ""technical_feasibility"": 4,
    ""business_viability"": 2
  },
  ""reasoning"": ""Limited market potential due to niche focus, feasibility is moderate as repair events can be organized, but business viability is low due to lack of scalability and monetization opportunities.""
}",4,pass,80,2,4,2,"Limited market potential due to niche focus, feasibility is moderate as repair events can be organized, but business viability is low due to lack of scalability and monetization opportunities.",True
CASE_KS_010,models/Mistral-7B-Instruct-v0.3,models/Mistral-7B-Instruct-v0.3,vllm,http://localhost:8000/v1,C1,9,3bb65d16,0.0,2026-08-28T15:41:47.130513,1," {
  ""score"": 4,
  ""verdict"": ""pass"",
  ""confidence"": 80,
  ""rubric_scores"": {
    ""market_potential"": 2,
    ""technical_feasibility"": 4,
    ""business_viability"": 2
  },
  ""reasoning"": ""Limited market potential due to niche focus, feasibility is moderate as repair events can be organized, but business viability is low due to lack of scalability and monetization opportunities.""
}",4,pass,80,2,4,2,"Limited market potential due to niche focus, feasibility is moderate as repair events can be organized, but business viability is low due to lack of scalability and monetization opportunities.",True
CASE_KS_011,models/Mistral-7B-Instruct-v0.3,models/Mistral-7B-Instruct-v0.3,vllm,http://localhost:8000/v1,C1,1,3bb65d16,0.0,2026-08-28T15:42:08.897002,1," {
  ""score"": 6,
  ""verdict"": ""pass"",
  ""confidence"": 80,
  ""rubric_scores"": {
    ""market_potential"": 4,
    ""technical_feasibility"": 5,
    ""business_viability"": 3
  },
  ""reasoning"": ""While the idea has a strong technical feasibility and a growing community, the market potential is limited due to the niche nature of the hackerspace. The business viability score is low due to the need for consistent revenue streams and potential competition from other similar spaces.""
}",6,pass,80,4,5,3,"While the idea has a strong technical feasibility and a growing community, the market potential is limited due to the niche nature of the hackerspace. The business viability score is low due to the need for consistent revenue streams and potential competition from other similar spaces.",True
CASE_KS_011,models/Mistral-7B-Instruct-v0.3,models/Mistral-7B-Instruct-v0.3,vllm,http://localhost:8000/v1,C1,2,3bb65d16,0.0,2026-08-28T15:42:18.350432,1," {
  ""score"": 6,
  ""verdict"": ""pass"",
  ""confidence"": 80,
  ""rubric_scores"": {
    ""market_potential"": 4,
    ""technical_feasibility"": 5,
    ""business_viability"": 3
  },
  ""reasoning"": ""While the idea has a strong technical feasibility and a growing community, the market potential is limited due to the niche nature of the hackerspace. The business viability score is low due to the need for consistent revenue streams and potential competition from other similar spaces.""
}",6,pass,80,4,5,3,"While the idea has a strong technical feasibility and a growing community, the market potential is limited due to the niche nature of the hackerspace. The business viability score is low due to the need for consistent revenue streams and potential competition from other similar spaces.",True
CASE_KS_011,models/Mistral-7B-Instruct-v0.3,models/Mistral-7B-Instruct-v0.3,vllm,http://localhost:8000/v1,C1,3,3bb65d16,0.0,2026-08-28T15:42:24.527594,1," {
  ""score"": 6,
  ""verdict"": ""pass"",
  ""confidence"": 80,
  ""rubric_scores"": {
    ""market_potential"": 4,
    ""technical_feasibility"": 5,
    ""business_viability"": 3
  },
  ""reasoning"": ""While the idea has a strong technical feasibility and a growing community, the market potential is limited due to the niche nature of the hackerspace. The business viability score is low due to the need for consistent revenue streams and potential competition from other similar spaces.""
}",6,pass,80,4,5,3,"While the idea has a strong technical feasibility and a growing community, the market potential is limited due to the niche nature of the hackerspace. The business viability score is low due to the need for consistent revenue streams and potential competition from other similar spaces.",True
CASE_KS_011,models/Mistral-7B-Instruct-v0.3,models/Mistral-7B-Instruct-v0.3,vllm,http://localhost:8000/v1,C1,4,3bb65d16,0.0,2026-08-28T15:42:28.133736,1," {
  ""score"": 6,
  ""verdict"": ""pass"",
  ""confidence"": 80,
  ""rubric_scores"": {
    ""market_potential"": 4,
    ""technical_feasibility"": 5,
    ""business_viability"": 3
  },
  ""reasoning"": ""While the idea has a strong technical feasibility and a growing community, the market potential is limited due to the niche nature of the hackerspace. The business viability score is low due to the need for consistent revenue streams and potential competition from other similar spaces.""
}",6,pass,80,4,5,3,"While the idea has a strong technical feasibility and a growing community, the market potential is limited due to the niche nature of the hackerspace. The business viability score is low due to the need for consistent revenue streams and potential competition from other similar spaces.",True
CASE_KS_011,models/Mistral-7B-Instruct-v0.3,models/Mistral-7B-Instruct-v0.3,vllm,http://localhost:8000/v1,C1,5,3bb65d16,0.0,2026-08-28T15:42:29.612043,1," {
  ""score"": 6,
  ""verdict"": ""pass"",
  ""confidence"": 80,
  ""rubric_scores"": {
    ""market_potential"": 4,
    ""technical_feasibility"": 5,
    ""business_viability"": 3
  },
  ""reasoning"": ""While the idea has a strong technical feasibility and a growing community, the market potential is limited due to the niche nature of the hackerspace. The business viability score is low due to the need for consistent revenue streams and potential competition from other similar spaces.""
}",6,pass,80,4,5,3,"While the idea has a strong technical feasibility and a growing community, the market potential is limited due to the niche nature of the hackerspace. The business viability score is low due to the need for consistent revenue streams and potential competition from other similar spaces.",True
CASE_KS_011,models/Mistral-7B-Instruct-v0.3,models/Mistral-7B-Instruct-v0.3,vllm,http://localhost:8000/v1,C1,6,3bb65d16,0.0,2026-08-28T15:42:31.956025,1," {
  ""score"": 6,
  ""verdict"": ""pass"",
  ""confidence"": 80,
  ""rubric_scores"": {
    ""market_potential"": 4,
    ""technical_feasibility"": 5,
    ""business_viability"": 3
  },
  ""reasoning"": ""While the idea has a strong technical feasibility and a growing community, the market potential is limited due to the niche nature of the hackerspace. The business viability score is low due to the need for consistent revenue streams and potential competition from other similar spaces.""
}",6,pass,80,4,5,3,"While the idea has a strong technical feasibility and a growing community, the market potential is limited due to the niche nature of the hackerspace. The business viability score is low due to the need for consistent revenue streams and potential competition from other similar spaces.",True
CASE_KS_011,models/Mistral-7B-Instruct-v0.3,models/Mistral-7B-Instruct-v0.3,vllm,http://localhost:8000/v1,C1,7,3bb65d16,0.0,2026-08-28T15:42:37.280202,1," {
  ""score"": 6,
  ""verdict"": ""pass"",
  ""confidence"": 80,
  ""rubric_scores"": {
    ""market_potential"": 4,
    ""technical_feasibility"": 5,
    ""business_viability"": 3
  },
  ""reasoning"": ""While the idea has a strong technical feasibility and a growing community, the market potential is limited due to the niche nature of the hackerspace. The business viability score is low due to the need for consistent revenue streams and potential competition from other similar spaces.""
}",6,pass,80,4,5,3,"While the idea has a strong technical feasibility and a growing community, the market potential is limited due to the niche nature of the hackerspace. The business viability score is low due to the need for consistent revenue streams and potential competition from other similar spaces.",True
CASE_KS_011,models/Mistral-7B-Instruct-v0.3,models/Mistral-7B-Instruct-v0.3,vllm,http://localhost:8000/v1,C1,8,3bb65d16,0.0,2026-08-28T15:42:37.482247,1," {
  ""score"": 6,
  ""verdict"": ""pass"",
  ""confidence"": 80,
  ""rubric_scores"": {
    ""market_potential"": 4,
    ""technical_feasibility"": 5,
    ""business_viability"": 3
  },
  ""reasoning"": ""While the idea has a strong technical feasibility and a growing community, the market potential is limited due to the niche nature of the hackerspace. The business viability score is low due to the need for consistent revenue streams and potential competition from other similar spaces.""
}",6,pass,80,4,5,3,"While the idea has a strong technical feasibility and a growing community, the market potential is limited due to the niche nature of the hackerspace. The business viability score is low due to the need for consistent revenue streams and potential competition from other similar spaces.",True
CASE_KS_011,models/Mistral-7B-Instruct-v0.3,models/Mistral-7B-Instruct-v0.3,vllm,http://localhost:8000/v1,C1,10,3bb65d16,0.0,2026-08-28T15:42:42.966845,1," {
  ""score"": 6,
  ""verdict"": ""pass"",
  ""confidence"": 80,
  ""rubric_scores"": {
    ""market_potential"": 4,
    ""technical_feasibility"": 5,
    ""business_viability"": 3
  },
  ""reasoning"": ""While the idea has a strong technical feasibility and a growing community, the market potential is limited due to the niche nature of the hackerspace. The business viability score is low due to the need for consistent revenue streams and potential competition from other similar spaces.""
}",6,pass,80,4,5,3,"While the idea has a strong technical feasibility and a growing community, the market potential is limited due to the niche nature of the hackerspace. The business viability score is low due to the need for consistent revenue streams and potential competition from other similar spaces.",True
CASE_KS_011,models/Mistral-7B-Instruct-v0.3,models/Mistral-7B-Instruct-v0.3,vllm,http://localhost:8000/v1,C1,9,3bb65d16,0.0,2026-08-28T15:42:42.767765,1," {
  ""score"": 6,
  ""verdict"": ""pass"",
  ""confidence"": 80,
  ""rubric_scores"": {
    ""market_potential"": 4,
    ""technical_feasibility"": 5,
    ""business_viability"": 3
  },
  ""reasoning"": ""While the idea has a strong technical feasibility and a growing community, the market potential is limited due to the niche nature of the hackerspace. The business viability score is low due to the need for consistent revenue streams and potential competition from other similar spaces.""
}",6,pass,80,4,5,3,"While the idea has a strong technical feasibility and a growing community, the market potential is limited due to the niche nature of the hackerspace. The business viability score is low due to the need for consistent revenue streams and potential competition from other similar spaces.",True
CASE_KS_012,models/Mistral-7B-Instruct-v0.3,models/Mistral-7B-Instruct-v0.3,vllm,http://localhost:8000/v1,C1,1,3bb65d16,0.0,2026-08-28T15:43:09.196274,1," {
  ""score"": 7,
  ""verdict"": ""invest"",
  ""confidence"": 85,
  ""rubric_scores"": {
    ""market_potential"": 4,
    ""technical_feasibility"": 5,
    ""business_viability"": 3
  },
  ""reasoning"": ""Strong technical feasibility with an existing proof-of-concept (Power Laces from 'Back to the Future'). Market potential is moderate due to niche appeal (80s nostalgia and motor disabilities). Business viability is low due to competition in assistive technology and potential high production costs.""
}",7,invest,85,4,5,3,Strong technical feasibility with an existing proof-of-concept (Power Laces from 'Back to the Future'). Market potential is moderate due to niche appeal (80s nostalgia and motor disabilities). Business viability is low due to competition in assistive technology and potential high production costs.,True
CASE_KS_012,models/Mistral-7B-Instruct-v0.3,models/Mistral-7B-Instruct-v0.3,vllm,http://localhost:8000/v1,C1,2,3bb65d16,0.0,2026-08-28T15:43:18.655779,1," {
  ""score"": 7,
  ""verdict"": ""invest"",
  ""confidence"": 85,
  ""rubric_scores"": {
    ""market_potential"": 4,
    ""technical_feasibility"": 5,
    ""business_viability"": 3
  },
  ""reasoning"": ""Strong technical feasibility with an existing prototype and patent. Market potential is limited to a niche audience (people with motor disabilities and 80s nostalgia enthusiasts), but the unique selling point could create a strong brand. Business viability is questionable due to competition from existing solutions and potential high production costs.""
}",7,invest,85,4,5,3,"Strong technical feasibility with an existing prototype and patent. Market potential is limited to a niche audience (people with motor disabilities and 80s nostalgia enthusiasts), but the unique selling point could create a strong brand. Business viability is questionable due to competition from existing solutions and potential high production costs.",True
CASE_KS_012,models/Mistral-7B-Instruct-v0.3,models/Mistral-7B-Instruct-v0.3,vllm,http://localhost:8000/v1,C1,3,3bb65d16,0.0,2026-08-28T15:43:25.261438,1," {
  ""score"": 7,
  ""verdict"": ""invest"",
  ""confidence"": 85,
  ""rubric_scores"": {
    ""market_potential"": 4,
    ""technical_feasibility"": 5,
    ""business_viability"": 3
  },
  ""reasoning"": ""Strong technical feasibility with an existing prototype and patent. Market potential is limited to a niche audience (people with motor disabilities and 80s nostalgia enthusiasts), but the unique selling point could create a strong brand. Business viability is questionable due to competition from existing solutions and potential high production costs.""
}",7,invest,85,4,5,3,"Strong technical feasibility with an existing prototype and patent. Market potential is limited to a niche audience (people with motor disabilities and 80s nostalgia enthusiasts), but the unique selling point could create a strong brand. Business viability is questionable due to competition from existing solutions and potential high production costs.",True
CASE_KS_012,models/Mistral-7B-Instruct-v0.3,models/Mistral-7B-Instruct-v0.3,vllm,http://localhost:8000/v1,C1,4,3bb65d16,0.0,2026-08-28T15:43:28.883639,1," {
  ""score"": 7,
  ""verdict"": ""invest"",
  ""confidence"": 85,
  ""rubric_scores"": {
    ""market_potential"": 4,
    ""technical_feasibility"": 5,
    ""business_viability"": 3
  },
  ""reasoning"": ""Strong technical feasibility with an existing proof-of-concept (Power Laces from 'Back to the Future'). Market potential is moderate due to niche appeal (80s nostalgia and motor disabilities). Business viability is low due to competition in assistive technology and potential high production costs.""
}",7,invest,85,4,5,3,Strong technical feasibility with an existing proof-of-concept (Power Laces from 'Back to the Future'). Market potential is moderate due to niche appeal (80s nostalgia and motor disabilities). Business viability is low due to competition in assistive technology and potential high production costs.,True
CASE_KS_012,models/Mistral-7B-Instruct-v0.3,models/Mistral-7B-Instruct-v0.3,vllm,http://localhost:8000/v1,C1,5,3bb65d16,0.0,2026-08-28T15:43:30.795996,1," {
  ""score"": 7,
  ""verdict"": ""invest"",
  ""confidence"": 85,
  ""rubric_scores"": {
    ""market_potential"": 4,
    ""technical_feasibility"": 5,
    ""business_viability"": 3
  },
  ""reasoning"": ""Strong technical feasibility with an existing proof-of-concept (Power Laces from 'Back to the Future'). Market potential is moderate due to niche appeal (80s nostalgia and motor disabilities). Business viability is low due to competition in assistive technology and potential high production costs.""
}",7,invest,85,4,5,3,Strong technical feasibility with an existing proof-of-concept (Power Laces from 'Back to the Future'). Market potential is moderate due to niche appeal (80s nostalgia and motor disabilities). Business viability is low due to competition in assistive technology and potential high production costs.,True
CASE_KS_012,models/Mistral-7B-Instruct-v0.3,models/Mistral-7B-Instruct-v0.3,vllm,http://localhost:8000/v1,C1,6,3bb65d16,0.0,2026-08-28T15:43:33.137060,1," {
  ""score"": 7,
  ""verdict"": ""invest"",
  ""confidence"": 85,
  ""rubric_scores"": {
    ""market_potential"": 4,
    ""technical_feasibility"": 5,
    ""business_viability"": 3
  },
  ""reasoning"": ""Strong technical feasibility with an existing proof-of-concept (Power Laces from 'Back to the Future'). Market potential is moderate due to niche appeal (80s nostalgia and motor disabilities). Business viability is low due to competition in assistive technology and potential high production costs.""
}",7,invest,85,4,5,3,Strong technical feasibility with an existing proof-of-concept (Power Laces from 'Back to the Future'). Market potential is moderate due to niche appeal (80s nostalgia and motor disabilities). Business viability is low due to competition in assistive technology and potential high production costs.,True
CASE_KS_012,models/Mistral-7B-Instruct-v0.3,models/Mistral-7B-Instruct-v0.3,vllm,http://localhost:8000/v1,C1,7,3bb65d16,0.0,2026-08-28T15:43:38.872074,1," {
  ""score"": 7,
  ""verdict"": ""invest"",
  ""confidence"": 85,
  ""rubric_scores"": {
    ""market_potential"": 4,
    ""technical_feasibility"": 5,
    ""business_viability"": 3
  },
  ""reasoning"": ""Strong technical feasibility with an existing proof-of-concept (Power Laces from 'Back to the Future'). Market potential is moderate due to niche appeal (80s nostalgia and motor disabilities). Business viability is low due to competition in assistive technology and potential high production costs.""
}",7,invest,85,4,5,3,Strong technical feasibility with an existing proof-of-concept (Power Laces from 'Back to the Future'). Market potential is moderate due to niche appeal (80s nostalgia and motor disabilities). Business viability is low due to competition in assistive technology and potential high production costs.,True
CASE_KS_012,models/Mistral-7B-Instruct-v0.3,models/Mistral-7B-Instruct-v0.3,vllm,http://localhost:8000/v1,C1,8,3bb65d16,0.0,2026-08-28T15:43:39.072028,1," {
  ""score"": 7,
  ""verdict"": ""invest"",
  ""confidence"": 85,
  ""rubric_scores"": {
    ""market_potential"": 4,
    ""technical_feasibility"": 5,
    ""business_viability"": 3
  },
  ""reasoning"": ""Strong technical feasibility with an existing proof-of-concept (Power Laces from 'Back to the Future'). Market potential is moderate due to niche appeal (80s nostalgia and motor disabilities). Business viability is low due to competition in assistive technology and potential high production costs.""
}",7,invest,85,4,5,3,Strong technical feasibility with an existing proof-of-concept (Power Laces from 'Back to the Future'). Market potential is moderate due to niche appeal (80s nostalgia and motor disabilities). Business viability is low due to competition in assistive technology and potential high production costs.,True
CASE_KS_012,models/Mistral-7B-Instruct-v0.3,models/Mistral-7B-Instruct-v0.3,vllm,http://localhost:8000/v1,C1,10,3bb65d16,0.0,2026-08-28T15:43:45.022560,1," {
  ""score"": 7,
  ""verdict"": ""invest"",
  ""confidence"": 85,
  ""rubric_scores"": {
    ""market_potential"": 4,
    ""technical_feasibility"": 5,
    ""business_viability"": 3
  },
  ""reasoning"": ""Strong technical feasibility with an existing proof-of-concept (Power Laces from 'Back to the Future'). Market potential is moderate due to niche appeal (80s nostalgia and motor disabilities). Business viability is low due to competition in assistive technology and potential high production costs.""
}",7,invest,85,4,5,3,Strong technical feasibility with an existing proof-of-concept (Power Laces from 'Back to the Future'). Market potential is moderate due to niche appeal (80s nostalgia and motor disabilities). Business viability is low due to competition in assistive technology and potential high production costs.,True
CASE_KS_012,models/Mistral-7B-Instruct-v0.3,models/Mistral-7B-Instruct-v0.3,vllm,http://localhost:8000/v1,C1,9,3bb65d16,0.0,2026-08-28T15:43:44.823509,1," {
  ""score"": 7,
  ""verdict"": ""invest"",
  ""confidence"": 85,
  ""rubric_scores"": {
    ""market_potential"": 4,
    ""technical_feasibility"": 5,
    ""business_viability"": 3
  },
  ""reasoning"": ""Strong technical feasibility with an existing proof-of-concept (Power Laces from 'Back to the Future'). Market potential is moderate due to niche appeal (80s nostalgia and motor disabilities). Business viability is low due to competition in assistive technology and potential high production costs.""
}",7,invest,85,4,5,3,Strong technical feasibility with an existing proof-of-concept (Power Laces from 'Back to the Future'). Market potential is moderate due to niche appeal (80s nostalgia and motor disabilities). Business viability is low due to competition in assistive technology and potential high production costs.,True
CASE_KS_013,models/Mistral-7B-Instruct-v0.3,models/Mistral-7B-Instruct-v0.3,vllm,http://localhost:8000/v1,C1,1,3bb65d16,0.0,2026-08-28T15:44:14.242965,1," {
  ""score"": 6,
  ""verdict"": ""pass"",
  ""confidence"": 80,
  ""rubric_scores"": {
    ""market_potential"": 3,
    ""technical_feasibility"": 4,
    ""business_viability"": 3
  },
  ""reasoning"": ""While the idea is creative and engaging, the market potential is limited due to the niche nature of the tattoo industry. Technical feasibility is moderate as a gamified app can be developed, but the user base may not be large enough to sustain the business. Business viability is questionable due to high competition in the tattoo industry and potential user acquisition costs.""
}",6,pass,80,3,4,3,"While the idea is creative and engaging, the market potential is limited due to the niche nature of the tattoo industry. Technical feasibility is moderate as a gamified app can be developed, but the user base may not be large enough to sustain the business. Business viability is questionable due to high competition in the tattoo industry and potential user acquisition costs.",True
CASE_KS_013,models/Mistral-7B-Instruct-v0.3,models/Mistral-7B-Instruct-v0.3,vllm,http://localhost:8000/v1,C1,2,3bb65d16,0.0,2026-08-28T15:44:24.986025,1," {
  ""score"": 6,
  ""verdict"": ""pass"",
  ""confidence"": 80,
  ""rubric_scores"": {
    ""market_potential"": 3,
    ""technical_feasibility"": 4,
    ""business_viability"": 3
  },
  ""reasoning"": ""While the idea is creative and engaging, the market potential is limited due to the niche nature of the tattoo industry. Technical feasibility is moderate as a gamified app can be developed, but the user base may not be large enough to sustain the business. Business viability is questionable due to high competition in the tattoo industry and potential user acquisition costs.""
}",6,pass,80,3,4,3,"While the idea is creative and engaging, the market potential is limited due to the niche nature of the tattoo industry. Technical feasibility is moderate as a gamified app can be developed, but the user base may not be large enough to sustain the business. Business viability is questionable due to high competition in the tattoo industry and potential user acquisition costs.",True
CASE_KS_013,models/Mistral-7B-Instruct-v0.3,models/Mistral-7B-Instruct-v0.3,vllm,http://localhost:8000/v1,C1,3,3bb65d16,0.0,2026-08-28T15:44:32.011284,1," {
  ""score"": 6,
  ""verdict"": ""pass"",
  ""confidence"": 80,
  ""rubric_scores"": {
    ""market_potential"": 3,
    ""technical_feasibility"": 4,
    ""business_viability"": 3
  },
  ""reasoning"": ""While the idea is creative and engaging, the market potential is limited due to the niche nature of the tattoo industry. Technical feasibility is moderate as a gamified app can be developed, but the user base may not be large enough to sustain the business. Business viability is questionable due to high competition in the tattoo industry and potential user acquisition costs.""
}",6,pass,80,3,4,3,"While the idea is creative and engaging, the market potential is limited due to the niche nature of the tattoo industry. Technical feasibility is moderate as a gamified app can be developed, but the user base may not be large enough to sustain the business. Business viability is questionable due to high competition in the tattoo industry and potential user acquisition costs.",True
CASE_KS_013,models/Mistral-7B-Instruct-v0.3,models/Mistral-7B-Instruct-v0.3,vllm,http://localhost:8000/v1,C1,4,3bb65d16,0.0,2026-08-28T15:44:34.350118,1," {
  ""score"": 6,
  ""verdict"": ""pass"",
  ""confidence"": 80,
  ""rubric_scores"": {
    ""market_potential"": 3,
    ""technical_feasibility"": 4,
    ""business_viability"": 3
  },
  ""reasoning"": ""While the idea is creative and engaging, the market potential is limited due to the niche nature of the tattoo industry. Technical feasibility is moderate as a gamified app can be developed, but the user base may not be large enough to sustain the business. Business viability is questionable due to high competition in the tattoo industry and potential user acquisition costs.""
}",6,pass,80,3,4,3,"While the idea is creative and engaging, the market potential is limited due to the niche nature of the tattoo industry. Technical feasibility is moderate as a gamified app can be developed, but the user base may not be large enough to sustain the business. Business viability is questionable due to high competition in the tattoo industry and potential user acquisition costs.",True
CASE_KS_013,models/Mistral-7B-Instruct-v0.3,models/Mistral-7B-Instruct-v0.3,vllm,http://localhost:8000/v1,C1,5,3bb65d16,0.0,2026-08-28T15:44:36.694264,1," {
  ""score"": 6,
  ""verdict"": ""pass"",
  ""confidence"": 80,
  ""rubric_scores"": {
    ""market_potential"": 3,
    ""technical_feasibility"": 4,
    ""business_viability"": 3
  },
  ""reasoning"": ""While the idea is creative and engaging, the market potential is limited due to the niche nature of the tattoo industry. Technical feasibility is moderate as a gamified app can be developed, but the user base may not be large enough to sustain the business. Business viability is questionable due to high competition in the tattoo industry and potential user acquisition costs.""
}",6,pass,80,3,4,3,"While the idea is creative and engaging, the market potential is limited due to the niche nature of the tattoo industry. Technical feasibility is moderate as a gamified app can be developed, but the user base may not be large enough to sustain the business. Business viability is questionable due to high competition in the tattoo industry and potential user acquisition costs.",True
CASE_KS_013,models/Mistral-7B-Instruct-v0.3,models/Mistral-7B-Instruct-v0.3,vllm,http://localhost:8000/v1,C1,6,3bb65d16,0.0,2026-08-28T15:44:39.025028,1," {
  ""score"": 6,
  ""verdict"": ""pass"",
  ""confidence"": 80,
  ""rubric_scores"": {
    ""market_potential"": 3,
    ""technical_feasibility"": 4,
    ""business_viability"": 3
  },
  ""reasoning"": ""While the idea is creative and engaging, the market potential is limited due to the niche nature of the tattoo industry. Technical feasibility is moderate as a gamified app can be developed, but the user base may not be large enough to sustain the business. Business viability is questionable due to high competition in the tattoo industry and potential user acquisition costs.""
}",6,pass,80,3,4,3,"While the idea is creative and engaging, the market potential is limited due to the niche nature of the tattoo industry. Technical feasibility is moderate as a gamified app can be developed, but the user base may not be large enough to sustain the business. Business viability is questionable due to high competition in the tattoo industry and potential user acquisition costs.",True
CASE_KS_013,models/Mistral-7B-Instruct-v0.3,models/Mistral-7B-Instruct-v0.3,vllm,http://localhost:8000/v1,C1,7,3bb65d16,0.0,2026-08-28T15:44:45.192175,1," {
  ""score"": 6,
  ""verdict"": ""pass"",
  ""confidence"": 80,
  ""rubric_scores"": {
    ""market_potential"": 3,
    ""technical_feasibility"": 4,
    ""business_viability"": 3
  },
  ""reasoning"": ""While the idea is creative and engaging, the market potential is limited due to the niche nature of the tattoo industry. Technical feasibility is moderate as a gamified app can be developed, but the user base may not be large enough to sustain the business. Business viability is questionable due to high competition in the tattoo industry and potential user acquisition costs.""
}",6,pass,80,3,4,3,"While the idea is creative and engaging, the market potential is limited due to the niche nature of the tattoo industry. Technical feasibility is moderate as a gamified app can be developed, but the user base may not be large enough to sustain the business. Business viability is questionable due to high competition in the tattoo industry and potential user acquisition costs.",True
CASE_KS_013,models/Mistral-7B-Instruct-v0.3,models/Mistral-7B-Instruct-v0.3,vllm,http://localhost:8000/v1,C1,8,3bb65d16,0.0,2026-08-28T15:44:45.394687,1," {
  ""score"": 6,
  ""verdict"": ""pass"",
  ""confidence"": 80,
  ""rubric_scores"": {
    ""market_potential"": 3,
    ""technical_feasibility"": 4,
    ""business_viability"": 3
  },
  ""reasoning"": ""While the idea is creative and engaging, the market potential is limited due to the niche nature of the tattoo industry. Technical feasibility is moderate as a gamified app can be developed, but the user base may not be large enough to sustain the business. Business viability is questionable due to high competition in the tattoo industry and potential user acquisition costs.""
}",6,pass,80,3,4,3,"While the idea is creative and engaging, the market potential is limited due to the niche nature of the tattoo industry. Technical feasibility is moderate as a gamified app can be developed, but the user base may not be large enough to sustain the business. Business viability is questionable due to high competition in the tattoo industry and potential user acquisition costs.",True
CASE_KS_013,models/Mistral-7B-Instruct-v0.3,models/Mistral-7B-Instruct-v0.3,vllm,http://localhost:8000/v1,C1,10,3bb65d16,0.0,2026-08-28T15:44:51.744325,1," {
  ""score"": 6,
  ""verdict"": ""pass"",
  ""confidence"": 80,
  ""rubric_scores"": {
    ""market_potential"": 3,
    ""technical_feasibility"": 4,
    ""business_viability"": 3
  },
  ""reasoning"": ""While the idea is creative and engaging, the market potential is limited due to the niche nature of the tattoo industry. Technical feasibility is moderate as a gamified app can be developed, but the user base may not be large enough to sustain the business. Business viability is questionable due to high competition in the tattoo industry and potential user acquisition costs.""
}",6,pass,80,3,4,3,"While the idea is creative and engaging, the market potential is limited due to the niche nature of the tattoo industry. Technical feasibility is moderate as a gamified app can be developed, but the user base may not be large enough to sustain the business. Business viability is questionable due to high competition in the tattoo industry and potential user acquisition costs.",True
CASE_KS_013,models/Mistral-7B-Instruct-v0.3,models/Mistral-7B-Instruct-v0.3,vllm,http://localhost:8000/v1,C1,9,3bb65d16,0.0,2026-08-28T15:44:51.544217,1," {
  ""score"": 6,
  ""verdict"": ""pass"",
  ""confidence"": 80,
  ""rubric_scores"": {
    ""market_potential"": 3,
    ""technical_feasibility"": 4,
    ""business_viability"": 3
  },
  ""reasoning"": ""While the idea is creative and engaging, the market potential is limited due to the niche nature of the tattoo industry. Technical feasibility is moderate as a gamified app can be developed, but the user base may not be large enough to sustain the business. Business viability is questionable due to high competition in the tattoo industry and potential user acquisition costs.""
}",6,pass,80,3,4,3,"While the idea is creative and engaging, the market potential is limited due to the niche nature of the tattoo industry. Technical feasibility is moderate as a gamified app can be developed, but the user base may not be large enough to sustain the business. Business viability is questionable due to high competition in the tattoo industry and potential user acquisition costs.",True
CASE_KS_014,models/Mistral-7B-Instruct-v0.3,models/Mistral-7B-Instruct-v0.3,vllm,http://localhost:8000/v1,C1,1,3bb65d16,0.0,2026-08-28T15:45:22.241813,1," {
  ""score"": 7,
  ""verdict"": ""invest"",
  ""confidence"": 85,
  ""rubric_scores"": {
    ""market_potential"": 4,
    ""technical_feasibility"": 4,
    ""business_viability"": 5
  },
  ""reasoning"": ""The '4 in 1' smart device offers a unique value proposition, addressing multiple needs in a single device. This could potentially tap into various markets, such as automotive, outdoor, and emergency services. However, the technical feasibility of combining multiple functions into one device is a challenge. The business viability is strong due to the potential for recurring revenue through replacement parts and accessories.""
}",7,invest,85,4,4,5,"The '4 in 1' smart device offers a unique value proposition, addressing multiple needs in a single device. This could potentially tap into various markets, such as automotive, outdoor, and emergency services. However, the technical feasibility of combining multiple functions into one device is a challenge. The business viability is strong due to the potential for recurring revenue through replacement parts and accessories.",True
CASE_KS_014,models/Mistral-7B-Instruct-v0.3,models/Mistral-7B-Instruct-v0.3,vllm,http://localhost:8000/v1,C1,2,3bb65d16,0.0,2026-08-28T15:45:32.979569,1," {
  ""score"": 7,
  ""verdict"": ""invest"",
  ""confidence"": 85,
  ""rubric_scores"": {
    ""market_potential"": 4,
    ""technical_feasibility"": 4,
    ""business_viability"": 5
  },
  ""reasoning"": ""The '4 in 1' smart device offers a unique value proposition, addressing multiple needs in a single device. This could potentially tap into various markets, such as automotive, outdoor, and emergency services. However, the technical feasibility of combining multiple functions into one device is a challenge. The business viability is strong due to the potential for recurring revenue through replacement parts and accessories.""
}",7,invest,85,4,4,5,"The '4 in 1' smart device offers a unique value proposition, addressing multiple needs in a single device. This could potentially tap into various markets, such as automotive, outdoor, and emergency services. However, the technical feasibility of combining multiple functions into one device is a challenge. The business viability is strong due to the potential for recurring revenue through replacement parts and accessories.",True
CASE_KS_014,models/Mistral-7B-Instruct-v0.3,models/Mistral-7B-Instruct-v0.3,vllm,http://localhost:8000/v1,C1,3,3bb65d16,0.0,2026-08-28T15:45:40.433782,1," {
  ""score"": 7,
  ""verdict"": ""invest"",
  ""confidence"": 85,
  ""rubric_scores"": {
    ""market_potential"": 4,
    ""technical_feasibility"": 4,
    ""business_viability"": 5
  },
  ""reasoning"": ""The '4 in 1' smart device offers a unique value proposition, addressing multiple needs in a single device. This could potentially tap into various markets, such as automotive, outdoor, and emergency services. However, the technical feasibility of combining multiple functions into one device is a challenge. The business viability is strong due to the potential for recurring revenue through replacement parts and accessories.""
}",7,invest,85,4,4,5,"The '4 in 1' smart device offers a unique value proposition, addressing multiple needs in a single device. This could potentially tap into various markets, such as automotive, outdoor, and emergency services. However, the technical feasibility of combining multiple functions into one device is a challenge. The business viability is strong due to the potential for recurring revenue through replacement parts and accessories.",True
CASE_KS_014,models/Mistral-7B-Instruct-v0.3,models/Mistral-7B-Instruct-v0.3,vllm,http://localhost:8000/v1,C1,4,3bb65d16,0.0,2026-08-28T15:45:42.772049,1," {
  ""score"": 7,
  ""verdict"": ""invest"",
  ""confidence"": 85,
  ""rubric_scores"": {
    ""market_potential"": 4,
    ""technical_feasibility"": 4,
    ""business_viability"": 5
  },
  ""reasoning"": ""The '4 in 1' smart device offers a unique value proposition, addressing multiple needs in a single device. This could potentially tap into various markets, such as automotive, outdoor, and emergency services. However, the technical feasibility of combining multiple functions into one device is a challenge. The business viability is strong due to the potential for recurring revenue through replacement parts and accessories.""
}",7,invest,85,4,4,5,"The '4 in 1' smart device offers a unique value proposition, addressing multiple needs in a single device. This could potentially tap into various markets, such as automotive, outdoor, and emergency services. However, the technical feasibility of combining multiple functions into one device is a challenge. The business viability is strong due to the potential for recurring revenue through replacement parts and accessories.",True
CASE_KS_014,models/Mistral-7B-Instruct-v0.3,models/Mistral-7B-Instruct-v0.3,vllm,http://localhost:8000/v1,C1,5,3bb65d16,0.0,2026-08-28T15:45:45.535029,1," {
  ""score"": 7,
  ""verdict"": ""invest"",
  ""confidence"": 85,
  ""rubric_scores"": {
    ""market_potential"": 4,
    ""technical_feasibility"": 4,
    ""business_viability"": 5
  },
  ""reasoning"": ""The '4 in 1' smart device offers a unique value proposition, addressing multiple needs in a single device. This could potentially tap into various markets, such as automotive, outdoor, and emergency services. However, the technical feasibility of combining multiple functions into one device is a challenge. The business viability is strong due to the potential for recurring revenue through replacement parts and accessories.""
}",7,invest,85,4,4,5,"The '4 in 1' smart device offers a unique value proposition, addressing multiple needs in a single device. This could potentially tap into various markets, such as automotive, outdoor, and emergency services. However, the technical feasibility of combining multiple functions into one device is a challenge. The business viability is strong due to the potential for recurring revenue through replacement parts and accessories.",True
CASE_KS_014,models/Mistral-7B-Instruct-v0.3,models/Mistral-7B-Instruct-v0.3,vllm,http://localhost:8000/v1,C1,6,3bb65d16,0.0,2026-08-28T15:45:47.870731,1," {
  ""score"": 7,
  ""verdict"": ""invest"",
  ""confidence"": 85,
  ""rubric_scores"": {
    ""market_potential"": 4,
    ""technical_feasibility"": 4,
    ""business_viability"": 5
  },
  ""reasoning"": ""The '4 in 1' smart device offers a unique value proposition, addressing multiple needs in a single device. This could potentially tap into various markets, such as automotive, outdoor, and emergency services. However, the technical feasibility of combining multiple functions into one device is a challenge. The business viability is strong due to the potential for recurring revenue through replacement parts and accessories.""
}",7,invest,85,4,4,5,"The '4 in 1' smart device offers a unique value proposition, addressing multiple needs in a single device. This could potentially tap into various markets, such as automotive, outdoor, and emergency services. However, the technical feasibility of combining multiple functions into one device is a challenge. The business viability is strong due to the potential for recurring revenue through replacement parts and accessories.",True
CASE_KS_014,models/Mistral-7B-Instruct-v0.3,models/Mistral-7B-Instruct-v0.3,vllm,http://localhost:8000/v1,C1,7,3bb65d16,0.0,2026-08-28T15:45:54.463022,1," {
  ""score"": 7,
  ""verdict"": ""invest"",
  ""confidence"": 85,
  ""rubric_scores"": {
    ""market_potential"": 4,
    ""technical_feasibility"": 4,
    ""business_viability"": 5
  },
  ""reasoning"": ""The '4 in 1' smart device offers a unique value proposition, addressing multiple needs in a single device. This could potentially tap into various markets, such as automotive, outdoor, and emergency services. However, the technical feasibility of combining multiple functions into one device is a challenge. The business viability is strong due to the potential for recurring revenue through replacement parts and accessories.""
}",7,invest,85,4,4,5,"The '4 in 1' smart device offers a unique value proposition, addressing multiple needs in a single device. This could potentially tap into various markets, such as automotive, outdoor, and emergency services. However, the technical feasibility of combining multiple functions into one device is a challenge. The business viability is strong due to the potential for recurring revenue through replacement parts and accessories.",True
CASE_KS_014,models/Mistral-7B-Instruct-v0.3,models/Mistral-7B-Instruct-v0.3,vllm,http://localhost:8000/v1,C1,8,3bb65d16,0.0,2026-08-28T15:45:54.663018,1," {
  ""score"": 7,
  ""verdict"": ""invest"",
  ""confidence"": 85,
  ""rubric_scores"": {
    ""market_potential"": 4,
    ""technical_feasibility"": 4,
    ""business_viability"": 5
  },
  ""reasoning"": ""The '4 in 1' smart device offers a unique value proposition, addressing multiple needs in a single device. This could potentially tap into various markets, such as automotive, outdoor, and emergency services. However, the technical feasibility of combining multiple functions into one device is a challenge. The business viability is strong due to the potential for recurring revenue through replacement parts and accessories.""
}",7,invest,85,4,4,5,"The '4 in 1' smart device offers a unique value proposition, addressing multiple needs in a single device. This could potentially tap into various markets, such as automotive, outdoor, and emergency services. However, the technical feasibility of combining multiple functions into one device is a challenge. The business viability is strong due to the potential for recurring revenue through replacement parts and accessories.",True
CASE_KS_014,models/Mistral-7B-Instruct-v0.3,models/Mistral-7B-Instruct-v0.3,vllm,http://localhost:8000/v1,C1,10,3bb65d16,0.0,2026-08-28T15:46:01.416687,1," {
  ""score"": 7,
  ""verdict"": ""invest"",
  ""confidence"": 85,
  ""rubric_scores"": {
    ""market_potential"": 4,
    ""technical_feasibility"": 4,
    ""business_viability"": 5
  },
  ""reasoning"": ""The '4 in 1' smart device offers a unique value proposition, addressing multiple needs in a single device. This could potentially tap into various markets, such as automotive, outdoor, and emergency services. However, the technical feasibility of combining multiple functions into one device is a challenge. The business viability is strong due to the potential for recurring revenue through replacement parts and accessories.""
}",7,invest,85,4,4,5,"The '4 in 1' smart device offers a unique value proposition, addressing multiple needs in a single device. This could potentially tap into various markets, such as automotive, outdoor, and emergency services. However, the technical feasibility of combining multiple functions into one device is a challenge. The business viability is strong due to the potential for recurring revenue through replacement parts and accessories.",True
CASE_KS_014,models/Mistral-7B-Instruct-v0.3,models/Mistral-7B-Instruct-v0.3,vllm,http://localhost:8000/v1,C1,9,3bb65d16,0.0,2026-08-28T15:46:01.214590,1," {
  ""score"": 7,
  ""verdict"": ""invest"",
  ""confidence"": 85,
  ""rubric_scores"": {
    ""market_potential"": 4,
    ""technical_feasibility"": 4,
    ""business_viability"": 5
  },
  ""reasoning"": ""The '4 in 1' smart device offers a unique value proposition, addressing multiple needs in a single device. This could potentially tap into various markets, such as automotive, outdoor, and emergency services. However, the technical feasibility of combining multiple functions into one device is a challenge. The business viability is strong due to the potential for recurring revenue through replacement parts and accessories.""
}",7,invest,85,4,4,5,"The '4 in 1' smart device offers a unique value proposition, addressing multiple needs in a single device. This could potentially tap into various markets, such as automotive, outdoor, and emergency services. However, the technical feasibility of combining multiple functions into one device is a challenge. The business viability is strong due to the potential for recurring revenue through replacement parts and accessories.",True
CASE_KS_015,models/Mistral-7B-Instruct-v0.3,models/Mistral-7B-Instruct-v0.3,vllm,http://localhost:8000/v1,C1,1,3bb65d16,0.0,2026-08-28T15:46:33.604055,1," {
  ""score"": 7,
  ""verdict"": ""invest"",
  ""confidence"": 85,
  ""rubric_scores"": {
    ""market_potential"": 4,
    ""technical_feasibility"": 5,
    ""business_viability"": 4
  },
  ""reasoning"": ""Niche market for sustainable, natural dyes. Innovative technology for industrial-scale production. However, competition and market size may be a concern.""
}",7,invest,85,4,5,4,"Niche market for sustainable, natural dyes. Innovative technology for industrial-scale production. However, competition and market size may be a concern.",True
CASE_KS_015,models/Mistral-7B-Instruct-v0.3,models/Mistral-7B-Instruct-v0.3,vllm,http://localhost:8000/v1,C1,2,3bb65d16,0.0,2026-08-28T15:46:44.359105,1," {
  ""score"": 7,
  ""verdict"": ""invest"",
  ""confidence"": 85,
  ""rubric_scores"": {
    ""market_potential"": 4,
    ""technical_feasibility"": 5,
    ""business_viability"": 4
  },
  ""reasoning"": ""Niche market for sustainable, natural dyes. Innovative technology for industrial-scale production. However, competition and market size may be a concern.""
}",7,invest,85,4,5,4,"Niche market for sustainable, natural dyes. Innovative technology for industrial-scale production. However, competition and market size may be a concern.",True
CASE_KS_015,models/Mistral-7B-Instruct-v0.3,models/Mistral-7B-Instruct-v0.3,vllm,http://localhost:8000/v1,C1,3,3bb65d16,0.0,2026-08-28T15:46:52.232910,1," {
  ""score"": 7,
  ""verdict"": ""invest"",
  ""confidence"": 85,
  ""rubric_scores"": {
    ""market_potential"": 4,
    ""technical_feasibility"": 5,
    ""business_viability"": 4
  },
  ""reasoning"": ""Niche market for sustainable, natural dyes. Innovative technology for industrial-scale production. However, competition and market size may be a concern.""
}",7,invest,85,4,5,4,"Niche market for sustainable, natural dyes. Innovative technology for industrial-scale production. However, competition and market size may be a concern.",True
CASE_KS_015,models/Mistral-7B-Instruct-v0.3,models/Mistral-7B-Instruct-v0.3,vllm,http://localhost:8000/v1,C1,4,3bb65d16,0.0,2026-08-28T15:46:54.583378,1," {
  ""score"": 7,
  ""verdict"": ""invest"",
  ""confidence"": 85,
  ""rubric_scores"": {
    ""market_potential"": 4,
    ""technical_feasibility"": 5,
    ""business_viability"": 4
  },
  ""reasoning"": ""Niche market for sustainable, natural dyes. Innovative technology for industrial-scale production. However, competition and market size may be a concern.""
}",7,invest,85,4,5,4,"Niche market for sustainable, natural dyes. Innovative technology for industrial-scale production. However, competition and market size may be a concern.",True
CASE_KS_015,models/Mistral-7B-Instruct-v0.3,models/Mistral-7B-Instruct-v0.3,vllm,http://localhost:8000/v1,C1,5,3bb65d16,0.0,2026-08-28T15:46:57.763663,1," {
  ""score"": 7,
  ""verdict"": ""invest"",
  ""confidence"": 85,
  ""rubric_scores"": {
    ""market_potential"": 4,
    ""technical_feasibility"": 5,
    ""business_viability"": 4
  },
  ""reasoning"": ""Niche market for sustainable, natural dyes. Innovative technology for industrial-scale production. However, competition and market size may be a concern.""
}",7,invest,85,4,5,4,"Niche market for sustainable, natural dyes. Innovative technology for industrial-scale production. However, competition and market size may be a concern.",True
CASE_KS_015,models/Mistral-7B-Instruct-v0.3,models/Mistral-7B-Instruct-v0.3,vllm,http://localhost:8000/v1,C1,6,3bb65d16,0.0,2026-08-28T15:47:00.100039,1," {
  ""score"": 7,
  ""verdict"": ""invest"",
  ""confidence"": 85,
  ""rubric_scores"": {
    ""market_potential"": 4,
    ""technical_feasibility"": 5,
    ""business_viability"": 4
  },
  ""reasoning"": ""Niche market for sustainable, natural dyes. Innovative technology for industrial-scale production. However, competition and market size may be a concern.""
}",7,invest,85,4,5,4,"Niche market for sustainable, natural dyes. Innovative technology for industrial-scale production. However, competition and market size may be a concern.",True
CASE_KS_015,models/Mistral-7B-Instruct-v0.3,models/Mistral-7B-Instruct-v0.3,vllm,http://localhost:8000/v1,C1,7,3bb65d16,0.0,2026-08-28T15:47:07.112062,1," {
  ""score"": 7,
  ""verdict"": ""invest"",
  ""confidence"": 85,
  ""rubric_scores"": {
    ""market_potential"": 4,
    ""technical_feasibility"": 5,
    ""business_viability"": 4
  },
  ""reasoning"": ""Niche market for sustainable, natural dyes. Innovative technology for industrial-scale production. However, competition and market size may be a concern.""
}",7,invest,85,4,5,4,"Niche market for sustainable, natural dyes. Innovative technology for industrial-scale production. However, competition and market size may be a concern.",True
CASE_KS_015,models/Mistral-7B-Instruct-v0.3,models/Mistral-7B-Instruct-v0.3,vllm,http://localhost:8000/v1,C1,8,3bb65d16,0.0,2026-08-28T15:47:07.310937,1," {
  ""score"": 7,
  ""verdict"": ""invest"",
  ""confidence"": 85,
  ""rubric_scores"": {
    ""market_potential"": 4,
    ""technical_feasibility"": 5,
    ""business_viability"": 4
  },
  ""reasoning"": ""Niche market for sustainable, natural dyes. Innovative technology for industrial-scale production. However, competition and market size may be a concern.""
}",7,invest,85,4,5,4,"Niche market for sustainable, natural dyes. Innovative technology for industrial-scale production. However, competition and market size may be a concern.",True
CASE_KS_015,models/Mistral-7B-Instruct-v0.3,models/Mistral-7B-Instruct-v0.3,vllm,http://localhost:8000/v1,C1,10,3bb65d16,0.0,2026-08-28T15:47:14.509477,1," {
  ""score"": 7,
  ""verdict"": ""invest"",
  ""confidence"": 85,
  ""rubric_scores"": {
    ""market_potential"": 4,
    ""technical_feasibility"": 5,
    ""business_viability"": 4
  },
  ""reasoning"": ""Niche market for sustainable, natural dyes. Innovative technology for industrial-scale production. However, competition and market size may be a concern.""
}",7,invest,85,4,5,4,"Niche market for sustainable, natural dyes. Innovative technology for industrial-scale production. However, competition and market size may be a concern.",True
CASE_KS_015,models/Mistral-7B-Instruct-v0.3,models/Mistral-7B-Instruct-v0.3,vllm,http://localhost:8000/v1,C1,9,3bb65d16,0.0,2026-08-28T15:47:14.309024,1," {
  ""score"": 7,
  ""verdict"": ""invest"",
  ""confidence"": 85,
  ""rubric_scores"": {
    ""market_potential"": 4,
    ""technical_feasibility"": 5,
    ""business_viability"": 4
  },
  ""reasoning"": ""Niche market for sustainable, natural dyes. Innovative technology for industrial-scale production. However, competition and market size may be a concern.""
}",7,invest,85,4,5,4,"Niche market for sustainable, natural dyes. Innovative technology for industrial-scale production. However, competition and market size may be a concern.",True
CASE_KS_016,models/Mistral-7B-Instruct-v0.3,models/Mistral-7B-Instruct-v0.3,vllm,http://localhost:8000/v1,C1,1,3bb65d16,0.0,2026-08-28T15:47:24.180840,1," {
  ""score"": 7,
  ""verdict"": ""invest"",
  ""confidence"": 85,
  ""rubric_scores"": {
    ""market_potential"": 4,
    ""technical_feasibility"": 5,
    ""business_viability"": 3
  },
  ""reasoning"": ""Strong technical feasibility with the iPad's existing platform, but market potential is limited to musicians and music producers. Business viability is questionable due to competition in the MIDI controller market, but the customizable aspect could differentiate it.""
}",7,invest,85,4,5,3,"Strong technical feasibility with the iPad's existing platform, but market potential is limited to musicians and music producers. Business viability is questionable due to competition in the MIDI controller market, but the customizable aspect could differentiate it.",True
CASE_KS_016,models/Mistral-7B-Instruct-v0.3,models/Mistral-7B-Instruct-v0.3,vllm,http://localhost:8000/v1,C1,2,3bb65d16,0.0,2026-08-28T15:47:35.320921,1," {
  ""score"": 7,
  ""verdict"": ""invest"",
  ""confidence"": 85,
  ""rubric_scores"": {
    ""market_potential"": 4,
    ""technical_feasibility"": 5,
    ""business_viability"": 3
  },
  ""reasoning"": ""Strong technical feasibility with the iPad's existing platform, but market potential is limited to musicians and music producers. Business viability is questionable due to competition in the MIDI controller market, but the customizable aspect could differentiate it.""
}",7,invest,85,4,5,3,"Strong technical feasibility with the iPad's existing platform, but market potential is limited to musicians and music producers. Business viability is questionable due to competition in the MIDI controller market, but the customizable aspect could differentiate it.",True
CASE_KS_016,models/Mistral-7B-Instruct-v0.3,models/Mistral-7B-Instruct-v0.3,vllm,http://localhost:8000/v1,C1,3,3bb65d16,0.0,2026-08-28T15:47:43.184233,1," {
  ""score"": 7,
  ""verdict"": ""invest"",
  ""confidence"": 85,
  ""rubric_scores"": {
    ""market_potential"": 4,
    ""technical_feasibility"": 5,
    ""business_viability"": 3
  },
  ""reasoning"": ""Strong technical feasibility with the iPad's existing platform, but market potential is limited to musicians and music producers. Business viability is questionable due to competition in the MIDI controller market, but the customizable aspect could differentiate it.""
}",7,invest,85,4,5,3,"Strong technical feasibility with the iPad's existing platform, but market potential is limited to musicians and music producers. Business viability is questionable due to competition in the MIDI controller market, but the customizable aspect could differentiate it.",True
CASE_KS_016,models/Mistral-7B-Instruct-v0.3,models/Mistral-7B-Instruct-v0.3,vllm,http://localhost:8000/v1,C1,4,3bb65d16,0.0,2026-08-28T15:47:45.525042,1," {
  ""score"": 7,
  ""verdict"": ""invest"",
  ""confidence"": 85,
  ""rubric_scores"": {
    ""market_potential"": 4,
    ""technical_feasibility"": 5,
    ""business_viability"": 3
  },
  ""reasoning"": ""Strong technical feasibility with the iPad's existing platform, but market potential is limited to musicians and music producers. Business viability is questionable due to competition in the MIDI controller market, but the customizable aspect could differentiate it.""
}",7,invest,85,4,5,3,"Strong technical feasibility with the iPad's existing platform, but market potential is limited to musicians and music producers. Business viability is questionable due to competition in the MIDI controller market, but the customizable aspect could differentiate it.",True
CASE_KS_016,models/Mistral-7B-Instruct-v0.3,models/Mistral-7B-Instruct-v0.3,vllm,http://localhost:8000/v1,C1,5,3bb65d16,0.0,2026-08-28T15:47:49.146106,1," {
  ""score"": 7,
  ""verdict"": ""invest"",
  ""confidence"": 85,
  ""rubric_scores"": {
    ""market_potential"": 4,
    ""technical_feasibility"": 5,
    ""business_viability"": 3
  },
  ""reasoning"": ""Strong technical feasibility with the iPad's existing platform, but market potential is limited to musicians and music producers. Business viability is questionable due to competition in the MIDI controller market, but the customizable aspect could differentiate it.""
}",7,invest,85,4,5,3,"Strong technical feasibility with the iPad's existing platform, but market potential is limited to musicians and music producers. Business viability is questionable due to competition in the MIDI controller market, but the customizable aspect could differentiate it.",True
CASE_KS_016,models/Mistral-7B-Instruct-v0.3,models/Mistral-7B-Instruct-v0.3,vllm,http://localhost:8000/v1,C1,6,3bb65d16,0.0,2026-08-28T15:47:51.466226,1," {
  ""score"": 7,
  ""verdict"": ""invest"",
  ""confidence"": 85,
  ""rubric_scores"": {
    ""market_potential"": 4,
    ""technical_feasibility"": 5,
    ""business_viability"": 3
  },
  ""reasoning"": ""Strong technical feasibility with the iPad's existing platform, but market potential is limited to musicians and music producers. Business viability is questionable due to competition in the MIDI controller market, but the customizable aspect could differentiate it.""
}",7,invest,85,4,5,3,"Strong technical feasibility with the iPad's existing platform, but market potential is limited to musicians and music producers. Business viability is questionable due to competition in the MIDI controller market, but the customizable aspect could differentiate it.",True
CASE_KS_016,models/Mistral-7B-Instruct-v0.3,models/Mistral-7B-Instruct-v0.3,vllm,http://localhost:8000/v1,C1,7,3bb65d16,0.0,2026-08-28T15:47:58.901017,1," {
  ""score"": 7,
  ""verdict"": ""invest"",
  ""confidence"": 85,
  ""rubric_scores"": {
    ""market_potential"": 4,
    ""technical_feasibility"": 5,
    ""business_viability"": 3
  },
  ""reasoning"": ""Strong technical feasibility with the iPad's existing platform, but market potential is limited to musicians and music producers. Business viability is questionable due to competition in the MIDI controller market, but the customizable aspect could differentiate it.""
}",7,invest,85,4,5,3,"Strong technical feasibility with the iPad's existing platform, but market potential is limited to musicians and music producers. Business viability is questionable due to competition in the MIDI controller market, but the customizable aspect could differentiate it.",True
CASE_KS_016,models/Mistral-7B-Instruct-v0.3,models/Mistral-7B-Instruct-v0.3,vllm,http://localhost:8000/v1,C1,8,3bb65d16,0.0,2026-08-28T15:47:59.102049,1," {
  ""score"": 7,
  ""verdict"": ""invest"",
  ""confidence"": 85,
  ""rubric_scores"": {
    ""market_potential"": 4,
    ""technical_feasibility"": 5,
    ""business_viability"": 3
  },
  ""reasoning"": ""Strong technical feasibility with the iPad's existing platform, but market potential is limited to musicians and music producers. Business viability is questionable due to competition in the MIDI controller market, but the customizable aspect could differentiate it.""
}",7,invest,85,4,5,3,"Strong technical feasibility with the iPad's existing platform, but market potential is limited to musicians and music producers. Business viability is questionable due to competition in the MIDI controller market, but the customizable aspect could differentiate it.",True
CASE_KS_016,models/Mistral-7B-Instruct-v0.3,models/Mistral-7B-Instruct-v0.3,vllm,http://localhost:8000/v1,C1,10,3bb65d16,0.0,2026-08-28T15:48:06.714676,1," {
  ""score"": 7,
  ""verdict"": ""invest"",
  ""confidence"": 85,
  ""rubric_scores"": {
    ""market_potential"": 4,
    ""technical_feasibility"": 5,
    ""business_viability"": 3
  },
  ""reasoning"": ""Strong technical feasibility with the iPad's existing platform, but market potential is limited to musicians and music producers. Business viability is questionable due to competition in the MIDI controller market, but the customizable aspect could differentiate it.""
}",7,invest,85,4,5,3,"Strong technical feasibility with the iPad's existing platform, but market potential is limited to musicians and music producers. Business viability is questionable due to competition in the MIDI controller market, but the customizable aspect could differentiate it.",True
CASE_KS_016,models/Mistral-7B-Instruct-v0.3,models/Mistral-7B-Instruct-v0.3,vllm,http://localhost:8000/v1,C1,9,3bb65d16,0.0,2026-08-28T15:48:06.515537,1," {
  ""score"": 7,
  ""verdict"": ""invest"",
  ""confidence"": 85,
  ""rubric_scores"": {
    ""market_potential"": 4,
    ""technical_feasibility"": 5,
    ""business_viability"": 3
  },
  ""reasoning"": ""Strong technical feasibility with the iPad's existing platform, but market potential is limited to musicians and music producers. Business viability is questionable due to competition in the MIDI controller market, but the customizable aspect could differentiate it.""
}",7,invest,85,4,5,3,"Strong technical feasibility with the iPad's existing platform, but market potential is limited to musicians and music producers. Business viability is questionable due to competition in the MIDI controller market, but the customizable aspect could differentiate it.",True
CASE_KS_017,models/Mistral-7B-Instruct-v0.3,models/Mistral-7B-Instruct-v0.3,vllm,http://localhost:8000/v1,C1,1,3bb65d16,0.0,2026-08-28T15:48:23.592512,1," {
  ""score"": 6,
  ""verdict"": ""pass"",
  ""confidence"": 80,
  ""rubric_scores"": {
    ""market_potential"": 3,
    ""technical_feasibility"": 4,
    ""business_viability"": 3
  },
  ""reasoning"": ""Limited market potential due to the specific focus on schizophrenia, a relatively small patient population. Technical feasibility is achievable with existing mobile app development tools. However, business viability is questionable due to the niche market and potential ethical concerns.""
}",6,pass,80,3,4,3,"Limited market potential due to the specific focus on schizophrenia, a relatively small patient population. Technical feasibility is achievable with existing mobile app development tools. However, business viability is questionable due to the niche market and potential ethical concerns.",True
CASE_KS_017,models/Mistral-7B-Instruct-v0.3,models/Mistral-7B-Instruct-v0.3,vllm,http://localhost:8000/v1,C1,2,3bb65d16,0.0,2026-08-28T15:48:34.741990,1," {
  ""score"": 6,
  ""verdict"": ""pass"",
  ""confidence"": 80,
  ""rubric_scores"": {
    ""market_potential"": 3,
    ""technical_feasibility"": 4,
    ""business_viability"": 3
  },
  ""reasoning"": ""Limited market potential due to the specific focus on schizophrenia, a relatively small patient population. Technical feasibility is achievable with existing mobile app development tools. However, business viability is questionable due to the niche market and potential ethical concerns.""
}",6,pass,80,3,4,3,"Limited market potential due to the specific focus on schizophrenia, a relatively small patient population. Technical feasibility is achievable with existing mobile app development tools. However, business viability is questionable due to the niche market and potential ethical concerns.",True
CASE_KS_017,models/Mistral-7B-Instruct-v0.3,models/Mistral-7B-Instruct-v0.3,vllm,http://localhost:8000/v1,C1,3,3bb65d16,0.0,2026-08-28T15:48:43.029066,1," {
  ""score"": 6,
  ""verdict"": ""pass"",
  ""confidence"": 80,
  ""rubric_scores"": {
    ""market_potential"": 3,
    ""technical_feasibility"": 4,
    ""business_viability"": 3
  },
  ""reasoning"": ""Limited market potential due to the specific focus on schizophrenia, a relatively small patient population. Technical feasibility is achievable with existing mobile app development tools. However, business viability is questionable due to the niche market and potential ethical concerns.""
}",6,pass,80,3,4,3,"Limited market potential due to the specific focus on schizophrenia, a relatively small patient population. Technical feasibility is achievable with existing mobile app development tools. However, business viability is questionable due to the niche market and potential ethical concerns.",True
CASE_KS_017,models/Mistral-7B-Instruct-v0.3,models/Mistral-7B-Instruct-v0.3,vllm,http://localhost:8000/v1,C1,4,3bb65d16,0.0,2026-08-28T15:48:45.363015,1," {
  ""score"": 6,
  ""verdict"": ""pass"",
  ""confidence"": 80,
  ""rubric_scores"": {
    ""market_potential"": 3,
    ""technical_feasibility"": 4,
    ""business_viability"": 3
  },
  ""reasoning"": ""Limited market potential due to the specific focus on schizophrenia, a relatively small patient population. Technical feasibility is achievable with existing mobile app development tools. However, business viability is questionable due to the niche market and potential ethical concerns.""
}",6,pass,80,3,4,3,"Limited market potential due to the specific focus on schizophrenia, a relatively small patient population. Technical feasibility is achievable with existing mobile app development tools. However, business viability is questionable due to the niche market and potential ethical concerns.",True
CASE_KS_017,models/Mistral-7B-Instruct-v0.3,models/Mistral-7B-Instruct-v0.3,vllm,http://localhost:8000/v1,C1,5,3bb65d16,0.0,2026-08-28T15:48:49.398010,1," {
  ""score"": 6,
  ""verdict"": ""pass"",
  ""confidence"": 80,
  ""rubric_scores"": {
    ""market_potential"": 3,
    ""technical_feasibility"": 4,
    ""business_viability"": 3
  },
  ""reasoning"": ""Limited market potential due to the specific focus on schizophrenia, a relatively small patient population. Technical feasibility is achievable with existing mobile app development tools. However, business viability is questionable due to the niche market and potential ethical concerns.""
}",6,pass,80,3,4,3,"Limited market potential due to the specific focus on schizophrenia, a relatively small patient population. Technical feasibility is achievable with existing mobile app development tools. However, business viability is questionable due to the niche market and potential ethical concerns.",True
CASE_KS_017,models/Mistral-7B-Instruct-v0.3,models/Mistral-7B-Instruct-v0.3,vllm,http://localhost:8000/v1,C1,6,3bb65d16,0.0,2026-08-28T15:48:51.733306,1," {
  ""score"": 6,
  ""verdict"": ""pass"",
  ""confidence"": 80,
  ""rubric_scores"": {
    ""market_potential"": 3,
    ""technical_feasibility"": 4,
    ""business_viability"": 3
  },
  ""reasoning"": ""Limited market potential due to the specific focus on schizophrenia, a relatively small patient population. Technical feasibility is achievable with existing mobile app development tools. However, business viability is questionable due to the niche market and potential ethical concerns.""
}",6,pass,80,3,4,3,"Limited market potential due to the specific focus on schizophrenia, a relatively small patient population. Technical feasibility is achievable with existing mobile app development tools. However, business viability is questionable due to the niche market and potential ethical concerns.",True
CASE_KS_017,models/Mistral-7B-Instruct-v0.3,models/Mistral-7B-Instruct-v0.3,vllm,http://localhost:8000/v1,C1,7,3bb65d16,0.0,2026-08-28T15:48:59.587024,1," {
  ""score"": 6,
  ""verdict"": ""pass"",
  ""confidence"": 80,
  ""rubric_scores"": {
    ""market_potential"": 3,
    ""technical_feasibility"": 4,
    ""business_viability"": 3
  },
  ""reasoning"": ""Limited market potential due to the specific focus on schizophrenia, a relatively small patient population. Technical feasibility is achievable with existing mobile app development tools. However, business viability is questionable due to the niche market and potential ethical concerns.""
}",6,pass,80,3,4,3,"Limited market potential due to the specific focus on schizophrenia, a relatively small patient population. Technical feasibility is achievable with existing mobile app development tools. However, business viability is questionable due to the niche market and potential ethical concerns.",True
CASE_KS_017,models/Mistral-7B-Instruct-v0.3,models/Mistral-7B-Instruct-v0.3,vllm,http://localhost:8000/v1,C1,8,3bb65d16,0.0,2026-08-28T15:48:59.789159,1," {
  ""score"": 6,
  ""verdict"": ""pass"",
  ""confidence"": 80,
  ""rubric_scores"": {
    ""market_potential"": 3,
    ""technical_feasibility"": 4,
    ""business_viability"": 3
  },
  ""reasoning"": ""Limited market potential due to the specific focus on schizophrenia, a relatively small patient population. Technical feasibility is achievable with existing mobile app development tools. However, business viability is questionable due to the niche market and potential ethical concerns.""
}",6,pass,80,3,4,3,"Limited market potential due to the specific focus on schizophrenia, a relatively small patient population. Technical feasibility is achievable with existing mobile app development tools. However, business viability is questionable due to the niche market and potential ethical concerns.",True
CASE_KS_017,models/Mistral-7B-Instruct-v0.3,models/Mistral-7B-Instruct-v0.3,vllm,http://localhost:8000/v1,C1,10,3bb65d16,0.0,2026-08-28T15:49:07.826693,1," {
  ""score"": 6,
  ""verdict"": ""pass"",
  ""confidence"": 80,
  ""rubric_scores"": {
    ""market_potential"": 3,
    ""technical_feasibility"": 4,
    ""business_viability"": 3
  },
  ""reasoning"": ""Limited market potential due to the specific focus on schizophrenia, a relatively small patient population. Technical feasibility is achievable with existing mobile app development tools. However, business viability is questionable due to the niche market and potential ethical concerns.""
}",6,pass,80,3,4,3,"Limited market potential due to the specific focus on schizophrenia, a relatively small patient population. Technical feasibility is achievable with existing mobile app development tools. However, business viability is questionable due to the niche market and potential ethical concerns.",True
CASE_KS_017,models/Mistral-7B-Instruct-v0.3,models/Mistral-7B-Instruct-v0.3,vllm,http://localhost:8000/v1,C1,9,3bb65d16,0.0,2026-08-28T15:49:07.625564,1," {
  ""score"": 6,
  ""verdict"": ""pass"",
  ""confidence"": 80,
  ""rubric_scores"": {
    ""market_potential"": 3,
    ""technical_feasibility"": 4,
    ""business_viability"": 3
  },
  ""reasoning"": ""Limited market potential due to the specific focus on schizophrenia, a relatively small patient population. Technical feasibility is achievable with existing mobile app development tools. However, business viability is questionable due to the niche market and potential ethical concerns.""
}",6,pass,80,3,4,3,"Limited market potential due to the specific focus on schizophrenia, a relatively small patient population. Technical feasibility is achievable with existing mobile app development tools. However, business viability is questionable due to the niche market and potential ethical concerns.",True
CASE_KS_018,models/Mistral-7B-Instruct-v0.3,models/Mistral-7B-Instruct-v0.3,vllm,http://localhost:8000/v1,C1,1,3bb65d16,0.0,2026-08-28T15:49:24.274906,1," {
  ""score"": 6,
  ""verdict"": ""pass"",
  ""confidence"": 70,
  ""rubric_scores"": {
    ""market_potential"": 3,
    ""technical_feasibility"": 4,
    ""business_viability"": 3
  },
  ""reasoning"": ""Limited market potential due to niche focus on school communities. Technical feasibility is moderate as it involves construction and lighting systems. Business viability is low due to potential lack of scalability and profitability.""
}",6,pass,70,3,4,3,Limited market potential due to niche focus on school communities. Technical feasibility is moderate as it involves construction and lighting systems. Business viability is low due to potential lack of scalability and profitability.,True
CASE_KS_018,models/Mistral-7B-Instruct-v0.3,models/Mistral-7B-Instruct-v0.3,vllm,http://localhost:8000/v1,C1,2,3bb65d16,0.0,2026-08-28T15:49:35.419929,1," {
  ""score"": 6,
  ""verdict"": ""pass"",
  ""confidence"": 70,
  ""rubric_scores"": {
    ""market_potential"": 3,
    ""technical_feasibility"": 4,
    ""business_viability"": 3
  },
  ""reasoning"": ""Limited market potential due to niche focus on school communities. Technical feasibility is moderate as it involves construction and lighting systems. Business viability is low due to potential lack of scalability and profitability.""
}",6,pass,70,3,4,3,Limited market potential due to niche focus on school communities. Technical feasibility is moderate as it involves construction and lighting systems. Business viability is low due to potential lack of scalability and profitability.,True
CASE_KS_018,models/Mistral-7B-Instruct-v0.3,models/Mistral-7B-Instruct-v0.3,vllm,http://localhost:8000/v1,C1,3,3bb65d16,0.0,2026-08-28T15:49:44.123992,1," {
  ""score"": 6,
  ""verdict"": ""pass"",
  ""confidence"": 70,
  ""rubric_scores"": {
    ""market_potential"": 3,
    ""technical_feasibility"": 4,
    ""business_viability"": 3
  },
  ""reasoning"": ""Limited market potential due to niche focus on school communities. Technical feasibility is moderate as it involves construction and lighting systems. Business viability is low due to potential lack of scalability and profitability.""
}",6,pass,70,3,4,3,Limited market potential due to niche focus on school communities. Technical feasibility is moderate as it involves construction and lighting systems. Business viability is low due to potential lack of scalability and profitability.,True
CASE_KS_018,models/Mistral-7B-Instruct-v0.3,models/Mistral-7B-Instruct-v0.3,vllm,http://localhost:8000/v1,C1,4,3bb65d16,0.0,2026-08-28T15:49:46.471012,1," {
  ""score"": 6,
  ""verdict"": ""pass"",
  ""confidence"": 70,
  ""rubric_scores"": {
    ""market_potential"": 3,
    ""technical_feasibility"": 4,
    ""business_viability"": 3
  },
  ""reasoning"": ""Limited market potential due to niche focus on school communities. Technical feasibility is moderate as it involves construction and lighting systems. Business viability is low due to potential lack of scalability and profitability.""
}",6,pass,70,3,4,3,Limited market potential due to niche focus on school communities. Technical feasibility is moderate as it involves construction and lighting systems. Business viability is low due to potential lack of scalability and profitability.,True
CASE_KS_018,models/Mistral-7B-Instruct-v0.3,models/Mistral-7B-Instruct-v0.3,vllm,http://localhost:8000/v1,C1,5,3bb65d16,0.0,2026-08-28T15:49:50.928766,1," {
  ""score"": 6,
  ""verdict"": ""pass"",
  ""confidence"": 70,
  ""rubric_scores"": {
    ""market_potential"": 3,
    ""technical_feasibility"": 4,
    ""business_viability"": 3
  },
  ""reasoning"": ""Limited market potential due to niche focus on school communities. Technical feasibility is moderate as it involves construction and lighting systems. Business viability is low due to potential lack of scalability and profitability.""
}",6,pass,70,3,4,3,Limited market potential due to niche focus on school communities. Technical feasibility is moderate as it involves construction and lighting systems. Business viability is low due to potential lack of scalability and profitability.,True
CASE_KS_018,models/Mistral-7B-Instruct-v0.3,models/Mistral-7B-Instruct-v0.3,vllm,http://localhost:8000/v1,C1,6,3bb65d16,0.0,2026-08-28T15:49:53.255740,1," {
  ""score"": 6,
  ""verdict"": ""pass"",
  ""confidence"": 70,
  ""rubric_scores"": {
    ""market_potential"": 3,
    ""technical_feasibility"": 4,
    ""business_viability"": 3
  },
  ""reasoning"": ""Limited market potential due to niche focus on school communities. Technical feasibility is moderate as it involves construction and lighting systems. Business viability is low due to potential lack of scalability and profitability.""
}",6,pass,70,3,4,3,Limited market potential due to niche focus on school communities. Technical feasibility is moderate as it involves construction and lighting systems. Business viability is low due to potential lack of scalability and profitability.,True
CASE_KS_018,models/Mistral-7B-Instruct-v0.3,models/Mistral-7B-Instruct-v0.3,vllm,http://localhost:8000/v1,C1,7,3bb65d16,0.0,2026-08-28T15:50:01.529080,1," {
  ""score"": 6,
  ""verdict"": ""pass"",
  ""confidence"": 70,
  ""rubric_scores"": {
    ""market_potential"": 3,
    ""technical_feasibility"": 4,
    ""business_viability"": 3
  },
  ""reasoning"": ""Limited market potential due to niche focus on school communities. Technical feasibility is moderate as it involves construction and lighting systems. Business viability is low due to potential lack of scalability and profitability.""
}",6,pass,70,3,4,3,Limited market potential due to niche focus on school communities. Technical feasibility is moderate as it involves construction and lighting systems. Business viability is low due to potential lack of scalability and profitability.,True
CASE_KS_018,models/Mistral-7B-Instruct-v0.3,models/Mistral-7B-Instruct-v0.3,vllm,http://localhost:8000/v1,C1,8,3bb65d16,0.0,2026-08-28T15:50:01.728212,1," {
  ""score"": 6,
  ""verdict"": ""pass"",
  ""confidence"": 70,
  ""rubric_scores"": {
    ""market_potential"": 3,
    ""technical_feasibility"": 4,
    ""business_viability"": 3
  },
  ""reasoning"": ""Limited market potential due to niche focus on school communities. Technical feasibility is moderate as it involves construction and lighting systems. Business viability is low due to potential lack of scalability and profitability.""
}",6,pass,70,3,4,3,Limited market potential due to niche focus on school communities. Technical feasibility is moderate as it involves construction and lighting systems. Business viability is low due to potential lack of scalability and profitability.,True
CASE_KS_018,models/Mistral-7B-Instruct-v0.3,models/Mistral-7B-Instruct-v0.3,vllm,http://localhost:8000/v1,C1,10,3bb65d16,0.0,2026-08-28T15:50:10.185800,1," {
  ""score"": 6,
  ""verdict"": ""pass"",
  ""confidence"": 70,
  ""rubric_scores"": {
    ""market_potential"": 3,
    ""technical_feasibility"": 4,
    ""business_viability"": 3
  },
  ""reasoning"": ""Limited market potential due to niche focus on school communities. Technical feasibility is moderate as it involves construction and lighting systems. Business viability is low due to potential lack of scalability and profitability.""
}",6,pass,70,3,4,3,Limited market potential due to niche focus on school communities. Technical feasibility is moderate as it involves construction and lighting systems. Business viability is low due to potential lack of scalability and profitability.,True
CASE_KS_018,models/Mistral-7B-Instruct-v0.3,models/Mistral-7B-Instruct-v0.3,vllm,http://localhost:8000/v1,C1,9,3bb65d16,0.0,2026-08-28T15:50:09.986021,1," {
  ""score"": 6,
  ""verdict"": ""pass"",
  ""confidence"": 70,
  ""rubric_scores"": {
    ""market_potential"": 3,
    ""technical_feasibility"": 4,
    ""business_viability"": 3
  },
  ""reasoning"": ""Limited market potential due to niche focus on school communities. Technical feasibility is moderate as it involves construction and lighting systems. Business viability is low due to potential lack of scalability and profitability.""
}",6,pass,70,3,4,3,Limited market potential due to niche focus on school communities. Technical feasibility is moderate as it involves construction and lighting systems. Business viability is low due to potential lack of scalability and profitability.,True
CASE_KS_019,models/Mistral-7B-Instruct-v0.3,models/Mistral-7B-Instruct-v0.3,vllm,http://localhost:8000/v1,C1,1,3bb65d16,0.0,2026-08-28T15:50:19.402573,1," {
  ""score"": 7,
  ""verdict"": ""invest"",
  ""confidence"": 85,
  ""rubric_scores"": {
    ""market_potential"": 4,
    ""technical_feasibility"": 4,
    ""business_viability"": 3
  },
  ""reasoning"": ""The idea has potential for unique, location-based interactions, which could appeal to a niche market. However, the technical feasibility is questionable due to privacy concerns and the need for a robust algorithm to match users. Business viability is low due to competition in the messaging and social networking sectors, but the app's unique selling point could differentiate it.""
}",7,invest,85,4,4,3,"The idea has potential for unique, location-based interactions, which could appeal to a niche market. However, the technical feasibility is questionable due to privacy concerns and the need for a robust algorithm to match users. Business viability is low due to competition in the messaging and social networking sectors, but the app's unique selling point could differentiate it.",True
CASE_KS_019,models/Mistral-7B-Instruct-v0.3,models/Mistral-7B-Instruct-v0.3,vllm,http://localhost:8000/v1,C1,2,3bb65d16,0.0,2026-08-28T15:50:30.530660,1," {
  ""score"": 7,
  ""verdict"": ""invest"",
  ""confidence"": 85,
  ""rubric_scores"": {
    ""market_potential"": 4,
    ""technical_feasibility"": 4,
    ""business_viability"": 3
  },
  ""reasoning"": ""The idea has potential for unique, location-based interactions, which could appeal to a niche market. However, the technical feasibility is questionable due to privacy concerns and the need for a robust algorithm to match users. Business viability is low due to competition in the messaging and social networking sectors, but the app's unique selling point could differentiate it.""
}",7,invest,85,4,4,3,"The idea has potential for unique, location-based interactions, which could appeal to a niche market. However, the technical feasibility is questionable due to privacy concerns and the need for a robust algorithm to match users. Business viability is low due to competition in the messaging and social networking sectors, but the app's unique selling point could differentiate it.",True
CASE_KS_019,models/Mistral-7B-Instruct-v0.3,models/Mistral-7B-Instruct-v0.3,vllm,http://localhost:8000/v1,C1,3,3bb65d16,0.0,2026-08-28T15:50:39.665015,1," {
  ""score"": 7,
  ""verdict"": ""invest"",
  ""confidence"": 85,
  ""rubric_scores"": {
    ""market_potential"": 4,
    ""technical_feasibility"": 4,
    ""business_viability"": 3
  },
  ""reasoning"": ""The idea has potential for unique, location-based interactions, which could appeal to a niche market. However, the technical feasibility is questionable due to privacy concerns and the need for a robust algorithm to match users. Business viability is low due to competition in the messaging and social networking sectors, but the app's unique selling point could differentiate it.""
}",7,invest,85,4,4,3,"The idea has potential for unique, location-based interactions, which could appeal to a niche market. However, the technical feasibility is questionable due to privacy concerns and the need for a robust algorithm to match users. Business viability is low due to competition in the messaging and social networking sectors, but the app's unique selling point could differentiate it.",True
CASE_KS_019,models/Mistral-7B-Instruct-v0.3,models/Mistral-7B-Instruct-v0.3,vllm,http://localhost:8000/v1,C1,4,3bb65d16,0.0,2026-08-28T15:50:41.991987,1," {
  ""score"": 7,
  ""verdict"": ""invest"",
  ""confidence"": 85,
  ""rubric_scores"": {
    ""market_potential"": 4,
    ""technical_feasibility"": 4,
    ""business_viability"": 3
  },
  ""reasoning"": ""The idea has potential for unique, location-based interactions, which could appeal to a niche market. However, the technical feasibility is questionable due to privacy concerns and the need for a robust algorithm to match users. Business viability is low due to competition in the messaging and social networking sectors, but the app's unique selling point could differentiate it.""
}",7,invest,85,4,4,3,"The idea has potential for unique, location-based interactions, which could appeal to a niche market. However, the technical feasibility is questionable due to privacy concerns and the need for a robust algorithm to match users. Business viability is low due to competition in the messaging and social networking sectors, but the app's unique selling point could differentiate it.",True
CASE_KS_019,models/Mistral-7B-Instruct-v0.3,models/Mistral-7B-Instruct-v0.3,vllm,http://localhost:8000/v1,C1,5,3bb65d16,0.0,2026-08-28T15:50:46.877594,1," {
  ""score"": 7,
  ""verdict"": ""invest"",
  ""confidence"": 85,
  ""rubric_scores"": {
    ""market_potential"": 4,
    ""technical_feasibility"": 4,
    ""business_viability"": 3
  },
  ""reasoning"": ""The idea has potential for unique, location-based interactions, which could appeal to a niche market. However, the technical feasibility is questionable due to privacy concerns and the need for a robust algorithm to match users. Business viability is low due to competition in the messaging and social networking sectors, but the app's unique selling point could differentiate it.""
}",7,invest,85,4,4,3,"The idea has potential for unique, location-based interactions, which could appeal to a niche market. However, the technical feasibility is questionable due to privacy concerns and the need for a robust algorithm to match users. Business viability is low due to competition in the messaging and social networking sectors, but the app's unique selling point could differentiate it.",True
CASE_KS_019,models/Mistral-7B-Instruct-v0.3,models/Mistral-7B-Instruct-v0.3,vllm,http://localhost:8000/v1,C1,6,3bb65d16,0.0,2026-08-28T15:50:49.207990,1," {
  ""score"": 7,
  ""verdict"": ""invest"",
  ""confidence"": 85,
  ""rubric_scores"": {
    ""market_potential"": 4,
    ""technical_feasibility"": 4,
    ""business_viability"": 3
  },
  ""reasoning"": ""The idea has potential for unique, location-based interactions, which could appeal to a niche market. However, the technical feasibility is questionable due to privacy concerns and the need for a robust algorithm to match users. Business viability is low due to competition in the messaging and social networking sectors, but the app's unique selling point could differentiate it.""
}",7,invest,85,4,4,3,"The idea has potential for unique, location-based interactions, which could appeal to a niche market. However, the technical feasibility is questionable due to privacy concerns and the need for a robust algorithm to match users. Business viability is low due to competition in the messaging and social networking sectors, but the app's unique selling point could differentiate it.",True
CASE_KS_019,models/Mistral-7B-Instruct-v0.3,models/Mistral-7B-Instruct-v0.3,vllm,http://localhost:8000/v1,C1,7,3bb65d16,0.0,2026-08-28T15:50:57.899020,1," {
  ""score"": 7,
  ""verdict"": ""invest"",
  ""confidence"": 85,
  ""rubric_scores"": {
    ""market_potential"": 4,
    ""technical_feasibility"": 4,
    ""business_viability"": 3
  },
  ""reasoning"": ""The idea has potential for unique, location-based interactions, which could appeal to a niche market. However, the technical feasibility is questionable due to privacy concerns and the need for a robust algorithm to match users. Business viability is low due to competition in the messaging and social networking sectors, but the app's unique selling point could differentiate it.""
}",7,invest,85,4,4,3,"The idea has potential for unique, location-based interactions, which could appeal to a niche market. However, the technical feasibility is questionable due to privacy concerns and the need for a robust algorithm to match users. Business viability is low due to competition in the messaging and social networking sectors, but the app's unique selling point could differentiate it.",True
CASE_KS_019,models/Mistral-7B-Instruct-v0.3,models/Mistral-7B-Instruct-v0.3,vllm,http://localhost:8000/v1,C1,8,3bb65d16,0.0,2026-08-28T15:50:58.100557,1," {
  ""score"": 7,
  ""verdict"": ""invest"",
  ""confidence"": 85,
  ""rubric_scores"": {
    ""market_potential"": 4,
    ""technical_feasibility"": 4,
    ""business_viability"": 3
  },
  ""reasoning"": ""The idea has potential for unique, location-based interactions, which could appeal to a niche market. However, the technical feasibility is questionable due to privacy concerns and the need for a robust algorithm to match users. Business viability is low due to competition in the messaging and social networking sectors, but the app's unique selling point could differentiate it.""
}",7,invest,85,4,4,3,"The idea has potential for unique, location-based interactions, which could appeal to a niche market. However, the technical feasibility is questionable due to privacy concerns and the need for a robust algorithm to match users. Business viability is low due to competition in the messaging and social networking sectors, but the app's unique selling point could differentiate it.",True
CASE_KS_019,models/Mistral-7B-Instruct-v0.3,models/Mistral-7B-Instruct-v0.3,vllm,http://localhost:8000/v1,C1,10,3bb65d16,0.0,2026-08-28T15:51:07.015000,1," {
  ""score"": 7,
  ""verdict"": ""invest"",
  ""confidence"": 85,
  ""rubric_scores"": {
    ""market_potential"": 4,
    ""technical_feasibility"": 4,
    ""business_viability"": 3
  },
  ""reasoning"": ""The idea has potential for unique, location-based interactions, which could appeal to a niche market. However, the technical feasibility is questionable due to privacy concerns and the need for a robust algorithm to match users. Business viability is low due to competition in the messaging and social networking sectors, but the app's unique selling point could differentiate it.""
}",7,invest,85,4,4,3,"The idea has potential for unique, location-based interactions, which could appeal to a niche market. However, the technical feasibility is questionable due to privacy concerns and the need for a robust algorithm to match users. Business viability is low due to competition in the messaging and social networking sectors, but the app's unique selling point could differentiate it.",True
CASE_KS_019,models/Mistral-7B-Instruct-v0.3,models/Mistral-7B-Instruct-v0.3,vllm,http://localhost:8000/v1,C1,9,3bb65d16,0.0,2026-08-28T15:51:06.815972,1," {
  ""score"": 7,
  ""verdict"": ""invest"",
  ""confidence"": 85,
  ""rubric_scores"": {
    ""market_potential"": 4,
    ""technical_feasibility"": 4,
    ""business_viability"": 3
  },
  ""reasoning"": ""The idea has potential for unique, location-based interactions, which could appeal to a niche market. However, the technical feasibility is questionable due to privacy concerns and the need for a robust algorithm to match users. Business viability is low due to competition in the messaging and social networking sectors, but the app's unique selling point could differentiate it.""
}",7,invest,85,4,4,3,"The idea has potential for unique, location-based interactions, which could appeal to a niche market. However, the technical feasibility is questionable due to privacy concerns and the need for a robust algorithm to match users. Business viability is low due to competition in the messaging and social networking sectors, but the app's unique selling point could differentiate it.",True
CASE_KS_020,models/Mistral-7B-Instruct-v0.3,models/Mistral-7B-Instruct-v0.3,vllm,http://localhost:8000/v1,C1,1,3bb65d16,0.0,2026-08-28T15:51:28.989991,1," {
  ""score"": 6,
  ""verdict"": ""pass"",
  ""confidence"": 80,
  ""rubric_scores"": {
    ""market_potential"": 3,
    ""technical_feasibility"": 4,
    ""business_viability"": 3
  },
  ""reasoning"": ""While the concept is innovative and technically feasible, the market potential is limited due to the niche audience. Business viability is questionable as it may be difficult to monetize a creative commons-licensed, open-source product.""
}",6,pass,80,3,4,3,"While the concept is innovative and technically feasible, the market potential is limited due to the niche audience. Business viability is questionable as it may be difficult to monetize a creative commons-licensed, open-source product.",True
CASE_KS_020,models/Mistral-7B-Instruct-v0.3,models/Mistral-7B-Instruct-v0.3,vllm,http://localhost:8000/v1,C1,2,3bb65d16,0.0,2026-08-28T15:51:40.140237,1," {
  ""score"": 6,
  ""verdict"": ""pass"",
  ""confidence"": 80,
  ""rubric_scores"": {
    ""market_potential"": 3,
    ""technical_feasibility"": 4,
    ""business_viability"": 3
  },
  ""reasoning"": ""While the concept is innovative and technically feasible, the market potential is limited due to the niche audience. Business viability is questionable as it may be difficult to monetize a creative commons-licensed, open-source product.""
}",6,pass,80,3,4,3,"While the concept is innovative and technically feasible, the market potential is limited due to the niche audience. Business viability is questionable as it may be difficult to monetize a creative commons-licensed, open-source product.",True
CASE_KS_020,models/Mistral-7B-Instruct-v0.3,models/Mistral-7B-Instruct-v0.3,vllm,http://localhost:8000/v1,C1,3,3bb65d16,0.0,2026-08-28T15:51:49.719011,1," {
  ""score"": 6,
  ""verdict"": ""pass"",
  ""confidence"": 80,
  ""rubric_scores"": {
    ""market_potential"": 3,
    ""technical_feasibility"": 4,
    ""business_viability"": 3
  },
  ""reasoning"": ""While the concept is innovative and technically feasible, the market potential is limited due to the niche audience. Business viability is questionable as it may be difficult to monetize a creative commons-licensed, open-source product.""
}",6,pass,80,3,4,3,"While the concept is innovative and technically feasible, the market potential is limited due to the niche audience. Business viability is questionable as it may be difficult to monetize a creative commons-licensed, open-source product.",True
CASE_KS_020,models/Mistral-7B-Instruct-v0.3,models/Mistral-7B-Instruct-v0.3,vllm,http://localhost:8000/v1,C1,4,3bb65d16,0.0,2026-08-28T15:51:52.049021,1," {
  ""score"": 6,
  ""verdict"": ""pass"",
  ""confidence"": 80,
  ""rubric_scores"": {
    ""market_potential"": 3,
    ""technical_feasibility"": 4,
    ""business_viability"": 3
  },
  ""reasoning"": ""While the concept is innovative and technically feasible, the market potential is limited due to the niche audience. Business viability is questionable as it may be difficult to monetize a creative commons-licensed, open-source product.""
}",6,pass,80,3,4,3,"While the concept is innovative and technically feasible, the market potential is limited due to the niche audience. Business viability is questionable as it may be difficult to monetize a creative commons-licensed, open-source product.",True
CASE_KS_020,models/Mistral-7B-Instruct-v0.3,models/Mistral-7B-Instruct-v0.3,vllm,http://localhost:8000/v1,C1,5,3bb65d16,0.0,2026-08-28T15:51:57.361215,1," {
  ""score"": 6,
  ""verdict"": ""pass"",
  ""confidence"": 80,
  ""rubric_scores"": {
    ""market_potential"": 3,
    ""technical_feasibility"": 4,
    ""business_viability"": 3
  },
  ""reasoning"": ""While the concept is innovative and technically feasible, the market potential is limited due to the niche audience. Business viability is questionable as it may be difficult to monetize a creative commons-licensed, open-source product.""
}",6,pass,80,3,4,3,"While the concept is innovative and technically feasible, the market potential is limited due to the niche audience. Business viability is questionable as it may be difficult to monetize a creative commons-licensed, open-source product.",True
CASE_KS_020,models/Mistral-7B-Instruct-v0.3,models/Mistral-7B-Instruct-v0.3,vllm,http://localhost:8000/v1,C1,6,3bb65d16,0.0,2026-08-28T15:51:59.695025,1," {
  ""score"": 6,
  ""verdict"": ""pass"",
  ""confidence"": 80,
  ""rubric_scores"": {
    ""market_potential"": 3,
    ""technical_feasibility"": 4,
    ""business_viability"": 3
  },
  ""reasoning"": ""While the concept is innovative and technically feasible, the market potential is limited due to the niche audience. Business viability is questionable as it may be difficult to monetize a creative commons-licensed, open-source product.""
}",6,pass,80,3,4,3,"While the concept is innovative and technically feasible, the market potential is limited due to the niche audience. Business viability is questionable as it may be difficult to monetize a creative commons-licensed, open-source product.",True
CASE_KS_020,models/Mistral-7B-Instruct-v0.3,models/Mistral-7B-Instruct-v0.3,vllm,http://localhost:8000/v1,C1,7,3bb65d16,0.0,2026-08-28T15:52:08.833413,1," {
  ""score"": 6,
  ""verdict"": ""pass"",
  ""confidence"": 80,
  ""rubric_scores"": {
    ""market_potential"": 3,
    ""technical_feasibility"": 4,
    ""business_viability"": 3
  },
  ""reasoning"": ""While the concept is innovative and technically feasible, the market potential is limited due to the niche audience. Business viability is questionable as it may be difficult to monetize a creative commons-licensed, open-source product.""
}",6,pass,80,3,4,3,"While the concept is innovative and technically feasible, the market potential is limited due to the niche audience. Business viability is questionable as it may be difficult to monetize a creative commons-licensed, open-source product.",True
CASE_KS_020,models/Mistral-7B-Instruct-v0.3,models/Mistral-7B-Instruct-v0.3,vllm,http://localhost:8000/v1,C1,8,3bb65d16,0.0,2026-08-28T15:52:09.033992,1," {
  ""score"": 6,
  ""verdict"": ""pass"",
  ""confidence"": 80,
  ""rubric_scores"": {
    ""market_potential"": 3,
    ""technical_feasibility"": 4,
    ""business_viability"": 3
  },
  ""reasoning"": ""While the concept is innovative and technically feasible, the market potential is limited due to the niche audience. Business viability is questionable as it may be difficult to monetize a creative commons-licensed, open-source product.""
}",6,pass,80,3,4,3,"While the concept is innovative and technically feasible, the market potential is limited due to the niche audience. Business viability is questionable as it may be difficult to monetize a creative commons-licensed, open-source product.",True
CASE_KS_020,models/Mistral-7B-Instruct-v0.3,models/Mistral-7B-Instruct-v0.3,vllm,http://localhost:8000/v1,C1,10,3bb65d16,0.0,2026-08-28T15:52:18.351171,1," {
  ""score"": 6,
  ""verdict"": ""pass"",
  ""confidence"": 80,
  ""rubric_scores"": {
    ""market_potential"": 3,
    ""technical_feasibility"": 4,
    ""business_viability"": 3
  },
  ""reasoning"": ""While the concept is innovative and technically feasible, the market potential is limited due to the niche audience. Business viability is questionable as it may be difficult to monetize a creative commons-licensed, open-source product.""
}",6,pass,80,3,4,3,"While the concept is innovative and technically feasible, the market potential is limited due to the niche audience. Business viability is questionable as it may be difficult to monetize a creative commons-licensed, open-source product.",True
CASE_KS_020,models/Mistral-7B-Instruct-v0.3,models/Mistral-7B-Instruct-v0.3,vllm,http://localhost:8000/v1,C1,9,3bb65d16,0.0,2026-08-28T15:52:18.151024,1," {
  ""score"": 6,
  ""verdict"": ""pass"",
  ""confidence"": 80,
  ""rubric_scores"": {
    ""market_potential"": 3,
    ""technical_feasibility"": 4,
    ""business_viability"": 3
  },
  ""reasoning"": ""While the concept is innovative and technically feasible, the market potential is limited due to the niche audience. Business viability is questionable as it may be difficult to monetize a creative commons-licensed, open-source product.""
}",6,pass,80,3,4,3,"While the concept is innovative and technically feasible, the market potential is limited due to the niche audience. Business viability is questionable as it may be difficult to monetize a creative commons-licensed, open-source product.",True
CASE_KS_021,models/Mistral-7B-Instruct-v0.3,models/Mistral-7B-Instruct-v0.3,vllm,http://localhost:8000/v1,C1,1,3bb65d16,0.0,2026-08-28T15:52:27.572900,1," {
  ""score"": 6,
  ""verdict"": ""pass"",
  ""confidence"": 80,
  ""rubric_scores"": {
    ""market_potential"": 3,
    ""technical_feasibility"": 4,
    ""business_viability"": 3
  },
  ""reasoning"": ""While the product concept seems appealing for stress relief, the market potential is limited due to competition in the saturated stress-relief device market. The technical feasibility is moderate as the 'satisfying-bounce' and 'reassuring-thud' tactile feedback can be achieved with existing technology. However, the business viability is questionable due to the lack of a unique selling proposition and the potential for low profit margins in a competitive market.""
}",6,pass,80,3,4,3,"While the product concept seems appealing for stress relief, the market potential is limited due to competition in the saturated stress-relief device market. The technical feasibility is moderate as the 'satisfying-bounce' and 'reassuring-thud' tactile feedback can be achieved with existing technology. However, the business viability is questionable due to the lack of a unique selling proposition and the potential for low profit margins in a competitive market.",True
CASE_KS_021,models/Mistral-7B-Instruct-v0.3,models/Mistral-7B-Instruct-v0.3,vllm,http://localhost:8000/v1,C1,2,3bb65d16,0.0,2026-08-28T15:52:38.713986,1," {
  ""score"": 6,
  ""verdict"": ""pass"",
  ""confidence"": 80,
  ""rubric_scores"": {
    ""market_potential"": 3,
    ""technical_feasibility"": 4,
    ""business_viability"": 3
  },
  ""reasoning"": ""While the product concept seems appealing for stress relief, the market potential is limited due to competition in the saturated stress-relief device market. The technical feasibility is moderate as the 'satisfying-bounce' and 'reassuring-thud' tactile feedback can be achieved with existing technology. However, the business viability is questionable due to the lack of a unique selling proposition and the potential for low profit margins in a competitive market.""
}",6,pass,80,3,4,3,"While the product concept seems appealing for stress relief, the market potential is limited due to competition in the saturated stress-relief device market. The technical feasibility is moderate as the 'satisfying-bounce' and 'reassuring-thud' tactile feedback can be achieved with existing technology. However, the business viability is questionable due to the lack of a unique selling proposition and the potential for low profit margins in a competitive market.",True
CASE_KS_021,models/Mistral-7B-Instruct-v0.3,models/Mistral-7B-Instruct-v0.3,vllm,http://localhost:8000/v1,C1,3,3bb65d16,0.0,2026-08-28T15:52:48.688382,1," {
  ""score"": 6,
  ""verdict"": ""pass"",
  ""confidence"": 80,
  ""rubric_scores"": {
    ""market_potential"": 3,
    ""technical_feasibility"": 4,
    ""business_viability"": 3
  },
  ""reasoning"": ""While the product concept seems appealing for stress relief, the market potential is limited due to competition in the saturated stress-relief device market. The technical feasibility is moderate as the 'satisfying-bounce' and 'reassuring-thud' tactile feedback can be achieved with existing technology. However, the business viability is questionable due to the lack of a unique selling proposition and the potential for low profit margins in a competitive market.""
}",6,pass,80,3,4,3,"While the product concept seems appealing for stress relief, the market potential is limited due to competition in the saturated stress-relief device market. The technical feasibility is moderate as the 'satisfying-bounce' and 'reassuring-thud' tactile feedback can be achieved with existing technology. However, the business viability is questionable due to the lack of a unique selling proposition and the potential for low profit margins in a competitive market.",True
CASE_KS_021,models/Mistral-7B-Instruct-v0.3,models/Mistral-7B-Instruct-v0.3,vllm,http://localhost:8000/v1,C1,4,3bb65d16,0.0,2026-08-28T15:52:51.018031,1," {
  ""score"": 6,
  ""verdict"": ""pass"",
  ""confidence"": 80,
  ""rubric_scores"": {
    ""market_potential"": 3,
    ""technical_feasibility"": 4,
    ""business_viability"": 3
  },
  ""reasoning"": ""While the product concept seems appealing for stress relief, the market potential is limited due to competition in the saturated stress-relief device market. The technical feasibility is moderate as the 'satisfying-bounce' and 'reassuring-thud' tactile feedback can be achieved with existing technology. However, the business viability is questionable due to the lack of a unique selling proposition and the potential for low profit margins in a competitive market.""
}",6,pass,80,3,4,3,"While the product concept seems appealing for stress relief, the market potential is limited due to competition in the saturated stress-relief device market. The technical feasibility is moderate as the 'satisfying-bounce' and 'reassuring-thud' tactile feedback can be achieved with existing technology. However, the business viability is questionable due to the lack of a unique selling proposition and the potential for low profit margins in a competitive market.",True
CASE_KS_021,models/Mistral-7B-Instruct-v0.3,models/Mistral-7B-Instruct-v0.3,vllm,http://localhost:8000/v1,C1,5,3bb65d16,0.0,2026-08-28T15:52:56.751383,1," {
  ""score"": 6,
  ""verdict"": ""pass"",
  ""confidence"": 80,
  ""rubric_scores"": {
    ""market_potential"": 3,
    ""technical_feasibility"": 4,
    ""business_viability"": 3
  },
  ""reasoning"": ""While the product concept seems appealing for stress relief, the market potential is limited due to competition in the saturated stress-relief device market. The technical feasibility is moderate as the 'satisfying-bounce' and 'reassuring-thud' tactile feedback can be achieved with existing technology. However, the business viability is questionable due to the lack of a unique selling proposition and the potential for low profit margins in a competitive market.""
}",6,pass,80,3,4,3,"While the product concept seems appealing for stress relief, the market potential is limited due to competition in the saturated stress-relief device market. The technical feasibility is moderate as the 'satisfying-bounce' and 'reassuring-thud' tactile feedback can be achieved with existing technology. However, the business viability is questionable due to the lack of a unique selling proposition and the potential for low profit margins in a competitive market.",True
CASE_KS_021,models/Mistral-7B-Instruct-v0.3,models/Mistral-7B-Instruct-v0.3,vllm,http://localhost:8000/v1,C1,6,3bb65d16,0.0,2026-08-28T15:52:59.082359,1," {
  ""score"": 6,
  ""verdict"": ""pass"",
  ""confidence"": 80,
  ""rubric_scores"": {
    ""market_potential"": 3,
    ""technical_feasibility"": 4,
    ""business_viability"": 3
  },
  ""reasoning"": ""While the product concept seems appealing for stress relief, the market potential is limited due to competition in the saturated stress-relief device market. The technical feasibility is moderate as the 'satisfying-bounce' and 'reassuring-thud' tactile feedback can be achieved with existing technology. However, the business viability is questionable due to the lack of a unique selling proposition and the potential for low profit margins in a competitive market.""
}",6,pass,80,3,4,3,"While the product concept seems appealing for stress relief, the market potential is limited due to competition in the saturated stress-relief device market. The technical feasibility is moderate as the 'satisfying-bounce' and 'reassuring-thud' tactile feedback can be achieved with existing technology. However, the business viability is questionable due to the lack of a unique selling proposition and the potential for low profit margins in a competitive market.",True
CASE_KS_021,models/Mistral-7B-Instruct-v0.3,models/Mistral-7B-Instruct-v0.3,vllm,http://localhost:8000/v1,C1,7,3bb65d16,0.0,2026-08-28T15:53:08.643006,1," {
  ""score"": 6,
  ""verdict"": ""pass"",
  ""confidence"": 80,
  ""rubric_scores"": {
    ""market_potential"": 3,
    ""technical_feasibility"": 4,
    ""business_viability"": 3
  },
  ""reasoning"": ""While the product concept seems appealing for stress relief, the market potential is limited due to competition in the saturated stress-relief device market. The technical feasibility is moderate as the 'satisfying-bounce' and 'reassuring-thud' tactile feedback can be achieved with existing technology. However, the business viability is questionable due to the lack of a unique selling proposition and the potential for low profit margins in a competitive market.""
}",6,pass,80,3,4,3,"While the product concept seems appealing for stress relief, the market potential is limited due to competition in the saturated stress-relief device market. The technical feasibility is moderate as the 'satisfying-bounce' and 'reassuring-thud' tactile feedback can be achieved with existing technology. However, the business viability is questionable due to the lack of a unique selling proposition and the potential for low profit margins in a competitive market.",True
CASE_KS_021,models/Mistral-7B-Instruct-v0.3,models/Mistral-7B-Instruct-v0.3,vllm,http://localhost:8000/v1,C1,8,3bb65d16,0.0,2026-08-28T15:53:08.844031,1," {
  ""score"": 6,
  ""verdict"": ""pass"",
  ""confidence"": 80,
  ""rubric_scores"": {
    ""market_potential"": 3,
    ""technical_feasibility"": 4,
    ""business_viability"": 3
  },
  ""reasoning"": ""While the product concept seems appealing for stress relief, the market potential is limited due to competition in the saturated stress-relief device market. The technical feasibility is moderate as the 'satisfying-bounce' and 'reassuring-thud' tactile feedback can be achieved with existing technology. However, the business viability is questionable due to the lack of a unique selling proposition and the potential for low profit margins in a competitive market.""
}",6,pass,80,3,4,3,"While the product concept seems appealing for stress relief, the market potential is limited due to competition in the saturated stress-relief device market. The technical feasibility is moderate as the 'satisfying-bounce' and 'reassuring-thud' tactile feedback can be achieved with existing technology. However, the business viability is questionable due to the lack of a unique selling proposition and the potential for low profit margins in a competitive market.",True
CASE_KS_021,models/Mistral-7B-Instruct-v0.3,models/Mistral-7B-Instruct-v0.3,vllm,http://localhost:8000/v1,C1,10,3bb65d16,0.0,2026-08-28T15:53:18.591720,1," {
  ""score"": 6,
  ""verdict"": ""pass"",
  ""confidence"": 80,
  ""rubric_scores"": {
    ""market_potential"": 3,
    ""technical_feasibility"": 4,
    ""business_viability"": 3
  },
  ""reasoning"": ""While the product concept seems appealing for stress relief, the market potential is limited due to competition in the saturated stress-relief device market. The technical feasibility is moderate as the 'satisfying-bounce' and 'reassuring-thud' tactile feedback can be achieved with existing technology. However, the business viability is questionable due to the lack of a unique selling proposition and the potential for low profit margins in a competitive market.""
}",6,pass,80,3,4,3,"While the product concept seems appealing for stress relief, the market potential is limited due to competition in the saturated stress-relief device market. The technical feasibility is moderate as the 'satisfying-bounce' and 'reassuring-thud' tactile feedback can be achieved with existing technology. However, the business viability is questionable due to the lack of a unique selling proposition and the potential for low profit margins in a competitive market.",True
CASE_KS_021,models/Mistral-7B-Instruct-v0.3,models/Mistral-7B-Instruct-v0.3,vllm,http://localhost:8000/v1,C1,9,3bb65d16,0.0,2026-08-28T15:53:18.392596,1," {
  ""score"": 6,
  ""verdict"": ""pass"",
  ""confidence"": 80,
  ""rubric_scores"": {
    ""market_potential"": 3,
    ""technical_feasibility"": 4,
    ""business_viability"": 3
  },
  ""reasoning"": ""While the product concept seems appealing for stress relief, the market potential is limited due to competition in the saturated stress-relief device market. The technical feasibility is moderate as the 'satisfying-bounce' and 'reassuring-thud' tactile feedback can be achieved with existing technology. However, the business viability is questionable due to the lack of a unique selling proposition and the potential for low profit margins in a competitive market.""
}",6,pass,80,3,4,3,"While the product concept seems appealing for stress relief, the market potential is limited due to competition in the saturated stress-relief device market. The technical feasibility is moderate as the 'satisfying-bounce' and 'reassuring-thud' tactile feedback can be achieved with existing technology. However, the business viability is questionable due to the lack of a unique selling proposition and the potential for low profit margins in a competitive market.",True
CASE_KS_022,models/Mistral-7B-Instruct-v0.3,models/Mistral-7B-Instruct-v0.3,vllm,http://localhost:8000/v1,C1,1,3bb65d16,0.0,2026-08-28T15:53:45.692708,1," {
  ""score"": 7,
  ""verdict"": ""invest"",
  ""confidence"": 85,
  ""rubric_scores"": {
    ""market_potential"": 4,
    ""technical_feasibility"": 4,
    ""business_viability"": 5
  },
  ""reasoning"": ""The idea has a strong market potential as it addresses the growing demand for live content and social media integration. While technical feasibility is achievable, it may require significant resources to build a scalable platform. The business viability score is higher due to the potential for recurring revenue through advertising and premium features.""
}",7,invest,85,4,4,5,"The idea has a strong market potential as it addresses the growing demand for live content and social media integration. While technical feasibility is achievable, it may require significant resources to build a scalable platform. The business viability score is higher due to the potential for recurring revenue through advertising and premium features.",True
CASE_KS_022,models/Mistral-7B-Instruct-v0.3,models/Mistral-7B-Instruct-v0.3,vllm,http://localhost:8000/v1,C1,2,3bb65d16,0.0,2026-08-28T15:53:56.578968,1," {
  ""score"": 7,
  ""verdict"": ""invest"",
  ""confidence"": 85,
  ""rubric_scores"": {
    ""market_potential"": 4,
    ""technical_feasibility"": 4,
    ""business_viability"": 5
  },
  ""reasoning"": ""The idea has a strong market potential as it addresses the growing demand for live content and social media integration. While technical feasibility is achievable, it may require significant resources to build a scalable platform. The business viability score is higher due to the potential for recurring revenue through advertising and premium features.""
}",7,invest,85,4,4,5,"The idea has a strong market potential as it addresses the growing demand for live content and social media integration. While technical feasibility is achievable, it may require significant resources to build a scalable platform. The business viability score is higher due to the potential for recurring revenue through advertising and premium features.",True
CASE_KS_022,models/Mistral-7B-Instruct-v0.3,models/Mistral-7B-Instruct-v0.3,vllm,http://localhost:8000/v1,C1,3,3bb65d16,0.0,2026-08-28T15:54:07.017993,1," {
  ""score"": 7,
  ""verdict"": ""invest"",
  ""confidence"": 85,
  ""rubric_scores"": {
    ""market_potential"": 4,
    ""technical_feasibility"": 4,
    ""business_viability"": 5
  },
  ""reasoning"": ""The idea has a strong market potential as it addresses the growing demand for live content and social media integration. While technical feasibility is achievable, it may require significant resources to build a scalable platform. The business viability score is higher due to the potential for recurring revenue through advertising and premium features.""
}",7,invest,85,4,4,5,"The idea has a strong market potential as it addresses the growing demand for live content and social media integration. While technical feasibility is achievable, it may require significant resources to build a scalable platform. The business viability score is higher due to the potential for recurring revenue through advertising and premium features.",True
CASE_KS_022,models/Mistral-7B-Instruct-v0.3,models/Mistral-7B-Instruct-v0.3,vllm,http://localhost:8000/v1,C1,4,3bb65d16,0.0,2026-08-28T15:54:09.357519,1," {
  ""score"": 7,
  ""verdict"": ""invest"",
  ""confidence"": 85,
  ""rubric_scores"": {
    ""market_potential"": 4,
    ""technical_feasibility"": 4,
    ""business_viability"": 5
  },
  ""reasoning"": ""The idea has a strong market potential as it addresses the growing demand for live content and social media integration. While technical feasibility is achievable, it may require significant resources to build a scalable platform. The business viability score is higher due to the potential for recurring revenue through advertising and premium features.""
}",7,invest,85,4,4,5,"The idea has a strong market potential as it addresses the growing demand for live content and social media integration. While technical feasibility is achievable, it may require significant resources to build a scalable platform. The business viability score is higher due to the potential for recurring revenue through advertising and premium features.",True
CASE_KS_022,models/Mistral-7B-Instruct-v0.3,models/Mistral-7B-Instruct-v0.3,vllm,http://localhost:8000/v1,C1,5,3bb65d16,0.0,2026-08-28T15:54:15.521501,1," {
  ""score"": 7,
  ""verdict"": ""invest"",
  ""confidence"": 85,
  ""rubric_scores"": {
    ""market_potential"": 4,
    ""technical_feasibility"": 4,
    ""business_viability"": 5
  },
  ""reasoning"": ""The idea has a strong market potential as it addresses the growing demand for live content and social media integration. While technical feasibility is achievable, it may require significant resources to build a scalable platform. The business viability score is higher due to the potential for recurring revenue through advertising and premium features.""
}",7,invest,85,4,4,5,"The idea has a strong market potential as it addresses the growing demand for live content and social media integration. While technical feasibility is achievable, it may require significant resources to build a scalable platform. The business viability score is higher due to the potential for recurring revenue through advertising and premium features.",True
CASE_KS_022,models/Mistral-7B-Instruct-v0.3,models/Mistral-7B-Instruct-v0.3,vllm,http://localhost:8000/v1,C1,6,3bb65d16,0.0,2026-08-28T15:54:17.860803,1," {
  ""score"": 7,
  ""verdict"": ""invest"",
  ""confidence"": 85,
  ""rubric_scores"": {
    ""market_potential"": 4,
    ""technical_feasibility"": 4,
    ""business_viability"": 5
  },
  ""reasoning"": ""The idea has a strong market potential as it addresses the growing demand for live content and social media integration. While technical feasibility is achievable, it may require significant resources to build a scalable platform. The business viability score is higher due to the potential for recurring revenue through advertising and premium features.""
}",7,invest,85,4,4,5,"The idea has a strong market potential as it addresses the growing demand for live content and social media integration. While technical feasibility is achievable, it may require significant resources to build a scalable platform. The business viability score is higher due to the potential for recurring revenue through advertising and premium features.",True
CASE_KS_022,models/Mistral-7B-Instruct-v0.3,models/Mistral-7B-Instruct-v0.3,vllm,http://localhost:8000/v1,C1,7,3bb65d16,0.0,2026-08-28T15:54:27.830975,1," {
  ""score"": 7,
  ""verdict"": ""invest"",
  ""confidence"": 85,
  ""rubric_scores"": {
    ""market_potential"": 4,
    ""technical_feasibility"": 4,
    ""business_viability"": 5
  },
  ""reasoning"": ""The idea has a strong market potential as it addresses the growing demand for live content and social media integration. While technical feasibility is achievable, it may require significant resources to build a scalable platform. The business viability score is higher due to the potential for recurring revenue through advertising and premium features.""
}",7,invest,85,4,4,5,"The idea has a strong market potential as it addresses the growing demand for live content and social media integration. While technical feasibility is achievable, it may require significant resources to build a scalable platform. The business viability score is higher due to the potential for recurring revenue through advertising and premium features.",True
CASE_KS_022,models/Mistral-7B-Instruct-v0.3,models/Mistral-7B-Instruct-v0.3,vllm,http://localhost:8000/v1,C1,8,3bb65d16,0.0,2026-08-28T15:54:28.030023,1," {
  ""score"": 7,
  ""verdict"": ""invest"",
  ""confidence"": 85,
  ""rubric_scores"": {
    ""market_potential"": 4,
    ""technical_feasibility"": 4,
    ""business_viability"": 5
  },
  ""reasoning"": ""The idea has a strong market potential as it addresses the growing demand for live content and social media integration. While technical feasibility is achievable, it may require significant resources to build a scalable platform. The business viability score is higher due to the potential for recurring revenue through advertising and premium features.""
}",7,invest,85,4,4,5,"The idea has a strong market potential as it addresses the growing demand for live content and social media integration. While technical feasibility is achievable, it may require significant resources to build a scalable platform. The business viability score is higher due to the potential for recurring revenue through advertising and premium features.",True
CASE_KS_022,models/Mistral-7B-Instruct-v0.3,models/Mistral-7B-Instruct-v0.3,vllm,http://localhost:8000/v1,C1,10,3bb65d16,0.0,2026-08-28T15:54:38.203930,1," {
  ""score"": 7,
  ""verdict"": ""invest"",
  ""confidence"": 85,
  ""rubric_scores"": {
    ""market_potential"": 4,
    ""technical_feasibility"": 4,
    ""business_viability"": 5
  },
  ""reasoning"": ""The idea has a strong market potential as it addresses the growing demand for live content and social media integration. While technical feasibility is achievable, it may require significant resources to build a scalable platform. The business viability score is higher due to the potential for recurring revenue through advertising and premium features.""
}",7,invest,85,4,4,5,"The idea has a strong market potential as it addresses the growing demand for live content and social media integration. While technical feasibility is achievable, it may require significant resources to build a scalable platform. The business viability score is higher due to the potential for recurring revenue through advertising and premium features.",True
CASE_KS_022,models/Mistral-7B-Instruct-v0.3,models/Mistral-7B-Instruct-v0.3,vllm,http://localhost:8000/v1,C1,9,3bb65d16,0.0,2026-08-28T15:54:38.004883,1," {
  ""score"": 7,
  ""verdict"": ""invest"",
  ""confidence"": 85,
  ""rubric_scores"": {
    ""market_potential"": 4,
    ""technical_feasibility"": 4,
    ""business_viability"": 5
  },
  ""reasoning"": ""The idea has a strong market potential as it addresses the growing demand for live content and social media integration. While technical feasibility is achievable, it may require significant resources to build a scalable platform. The business viability score is higher due to the potential for recurring revenue through advertising and premium features.""
}",7,invest,85,4,4,5,"The idea has a strong market potential as it addresses the growing demand for live content and social media integration. While technical feasibility is achievable, it may require significant resources to build a scalable platform. The business viability score is higher due to the potential for recurring revenue through advertising and premium features.",True
CASE_KS_023,models/Mistral-7B-Instruct-v0.3,models/Mistral-7B-Instruct-v0.3,vllm,http://localhost:8000/v1,C1,1,3bb65d16,0.0,2026-08-28T15:54:49.968012,1," {
  ""score"": 6,
  ""verdict"": ""pass"",
  ""confidence"": 80,
  ""rubric_scores"": {
    ""market_potential"": 4,
    ""technical_feasibility"": 4,
    ""business_viability"": 3
  },
  ""reasoning"": ""While the idea addresses a real-world problem, the market potential is limited due to competition from existing solutions. Technical feasibility is achievable with current technology, but the business model lacks clarity on how it will differentiate and achieve profitability.""
}",6,pass,80,4,4,3,"While the idea addresses a real-world problem, the market potential is limited due to competition from existing solutions. Technical feasibility is achievable with current technology, but the business model lacks clarity on how it will differentiate and achieve profitability.",True
CASE_KS_023,models/Mistral-7B-Instruct-v0.3,models/Mistral-7B-Instruct-v0.3,vllm,http://localhost:8000/v1,C1,2,3bb65d16,0.0,2026-08-28T15:55:00.824062,1," {
  ""score"": 6,
  ""verdict"": ""pass"",
  ""confidence"": 80,
  ""rubric_scores"": {
    ""market_potential"": 4,
    ""technical_feasibility"": 4,
    ""business_viability"": 3
  },
  ""reasoning"": ""While the idea addresses a real-world problem, the market potential is limited due to competition from existing solutions. Technical feasibility is achievable with current technology, but the business model lacks clarity on how it will differentiate and achieve profitability.""
}",6,pass,80,4,4,3,"While the idea addresses a real-world problem, the market potential is limited due to competition from existing solutions. Technical feasibility is achievable with current technology, but the business model lacks clarity on how it will differentiate and achieve profitability.",True
CASE_KS_023,models/Mistral-7B-Instruct-v0.3,models/Mistral-7B-Instruct-v0.3,vllm,http://localhost:8000/v1,C1,3,3bb65d16,0.0,2026-08-28T15:55:11.654003,1," {
  ""score"": 6,
  ""verdict"": ""pass"",
  ""confidence"": 80,
  ""rubric_scores"": {
    ""market_potential"": 4,
    ""technical_feasibility"": 4,
    ""business_viability"": 3
  },
  ""reasoning"": ""While the idea addresses a real-world problem, the market potential is limited due to competition from existing solutions. Technical feasibility is achievable with current technology, but the business model lacks clarity on how it will differentiate and achieve profitability.""
}",6,pass,80,4,4,3,"While the idea addresses a real-world problem, the market potential is limited due to competition from existing solutions. Technical feasibility is achievable with current technology, but the business model lacks clarity on how it will differentiate and achieve profitability.",True
CASE_KS_023,models/Mistral-7B-Instruct-v0.3,models/Mistral-7B-Instruct-v0.3,vllm,http://localhost:8000/v1,C1,4,3bb65d16,0.0,2026-08-28T15:55:13.973009,1," {
  ""score"": 6,
  ""verdict"": ""pass"",
  ""confidence"": 80,
  ""rubric_scores"": {
    ""market_potential"": 4,
    ""technical_feasibility"": 4,
    ""business_viability"": 3
  },
  ""reasoning"": ""While the idea addresses a real-world problem, the market potential is limited due to competition from existing solutions. Technical feasibility is achievable with current technology, but the business model lacks clarity on how it will differentiate and achieve profitability.""
}",6,pass,80,4,4,3,"While the idea addresses a real-world problem, the market potential is limited due to competition from existing solutions. Technical feasibility is achievable with current technology, but the business model lacks clarity on how it will differentiate and achieve profitability.",True
CASE_KS_023,models/Mistral-7B-Instruct-v0.3,models/Mistral-7B-Instruct-v0.3,vllm,http://localhost:8000/v1,C1,5,3bb65d16,0.0,2026-08-28T15:55:20.545020,1," {
  ""score"": 6,
  ""verdict"": ""pass"",
  ""confidence"": 80,
  ""rubric_scores"": {
    ""market_potential"": 4,
    ""technical_feasibility"": 4,
    ""business_viability"": 3
  },
  ""reasoning"": ""While the idea addresses a real-world problem, the market potential is limited due to competition from existing solutions. Technical feasibility is achievable with current technology, but the business model lacks clarity on how it will differentiate and achieve profitability.""
}",6,pass,80,4,4,3,"While the idea addresses a real-world problem, the market potential is limited due to competition from existing solutions. Technical feasibility is achievable with current technology, but the business model lacks clarity on how it will differentiate and achieve profitability.",True
CASE_KS_023,models/Mistral-7B-Instruct-v0.3,models/Mistral-7B-Instruct-v0.3,vllm,http://localhost:8000/v1,C1,6,3bb65d16,0.0,2026-08-28T15:55:22.863375,1," {
  ""score"": 6,
  ""verdict"": ""pass"",
  ""confidence"": 80,
  ""rubric_scores"": {
    ""market_potential"": 4,
    ""technical_feasibility"": 4,
    ""business_viability"": 3
  },
  ""reasoning"": ""While the idea addresses a real-world problem, the market potential is limited due to competition from existing solutions. Technical feasibility is achievable with current technology, but the business model lacks clarity on how it will differentiate and achieve profitability.""
}",6,pass,80,4,4,3,"While the idea addresses a real-world problem, the market potential is limited due to competition from existing solutions. Technical feasibility is achievable with current technology, but the business model lacks clarity on how it will differentiate and achieve profitability.",True
CASE_KS_023,models/Mistral-7B-Instruct-v0.3,models/Mistral-7B-Instruct-v0.3,vllm,http://localhost:8000/v1,C1,7,3bb65d16,0.0,2026-08-28T15:55:33.246023,1," {
  ""score"": 6,
  ""verdict"": ""pass"",
  ""confidence"": 80,
  ""rubric_scores"": {
    ""market_potential"": 4,
    ""technical_feasibility"": 4,
    ""business_viability"": 3
  },
  ""reasoning"": ""While the idea addresses a real-world problem, the market potential is limited due to competition from existing solutions. Technical feasibility is achievable with current technology, but the business model lacks clarity on how it will differentiate and achieve profitability.""
}",6,pass,80,4,4,3,"While the idea addresses a real-world problem, the market potential is limited due to competition from existing solutions. Technical feasibility is achievable with current technology, but the business model lacks clarity on how it will differentiate and achieve profitability.",True
CASE_KS_023,models/Mistral-7B-Instruct-v0.3,models/Mistral-7B-Instruct-v0.3,vllm,http://localhost:8000/v1,C1,8,3bb65d16,0.0,2026-08-28T15:55:33.450814,1," {
  ""score"": 6,
  ""verdict"": ""pass"",
  ""confidence"": 80,
  ""rubric_scores"": {
    ""market_potential"": 4,
    ""technical_feasibility"": 4,
    ""business_viability"": 3
  },
  ""reasoning"": ""While the idea addresses a real-world problem, the market potential is limited due to competition from existing solutions. Technical feasibility is achievable with current technology, but the business model lacks clarity on how it will differentiate and achieve profitability.""
}",6,pass,80,4,4,3,"While the idea addresses a real-world problem, the market potential is limited due to competition from existing solutions. Technical feasibility is achievable with current technology, but the business model lacks clarity on how it will differentiate and achieve profitability.",True
CASE_KS_023,models/Mistral-7B-Instruct-v0.3,models/Mistral-7B-Instruct-v0.3,vllm,http://localhost:8000/v1,C1,10,3bb65d16,0.0,2026-08-28T15:55:44.020571,1," {
  ""score"": 6,
  ""verdict"": ""pass"",
  ""confidence"": 80,
  ""rubric_scores"": {
    ""market_potential"": 4,
    ""technical_feasibility"": 4,
    ""business_viability"": 3
  },
  ""reasoning"": ""While the idea addresses a real-world problem, the market potential is limited due to competition from existing solutions. Technical feasibility is achievable with current technology, but the business model lacks clarity on how it will differentiate and achieve profitability.""
}",6,pass,80,4,4,3,"While the idea addresses a real-world problem, the market potential is limited due to competition from existing solutions. Technical feasibility is achievable with current technology, but the business model lacks clarity on how it will differentiate and achieve profitability.",True
CASE_KS_023,models/Mistral-7B-Instruct-v0.3,models/Mistral-7B-Instruct-v0.3,vllm,http://localhost:8000/v1,C1,9,3bb65d16,0.0,2026-08-28T15:55:43.821001,1," {
  ""score"": 6,
  ""verdict"": ""pass"",
  ""confidence"": 80,
  ""rubric_scores"": {
    ""market_potential"": 4,
    ""technical_feasibility"": 4,
    ""business_viability"": 3
  },
  ""reasoning"": ""While the idea addresses a real-world problem, the market potential is limited due to competition from existing solutions. Technical feasibility is achievable with current technology, but the business model lacks clarity on how it will differentiate and achieve profitability.""
}",6,pass,80,4,4,3,"While the idea addresses a real-world problem, the market potential is limited due to competition from existing solutions. Technical feasibility is achievable with current technology, but the business model lacks clarity on how it will differentiate and achieve profitability.",True
CASE_KS_024,models/Mistral-7B-Instruct-v0.3,models/Mistral-7B-Instruct-v0.3,vllm,http://localhost:8000/v1,C1,1,3bb65d16,0.0,2026-08-28T15:55:48.550660,1," {
  ""score"": 6,
  ""verdict"": ""pass"",
  ""confidence"": 80,
  ""rubric_scores"": {
    ""market_potential"": 3,
    ""technical_feasibility"": 5,
    ""business_viability"": 3
  },
  ""reasoning"": ""Limited market potential due to niche focus on demoscene, which may not resonate broadly. Technical feasibility is high given the digital nature of the event. However, business viability is low due to the non-profit model and potential funding challenges.""
}",6,pass,80,3,5,3,"Limited market potential due to niche focus on demoscene, which may not resonate broadly. Technical feasibility is high given the digital nature of the event. However, business viability is low due to the non-profit model and potential funding challenges.",True
CASE_KS_024,models/Mistral-7B-Instruct-v0.3,models/Mistral-7B-Instruct-v0.3,vllm,http://localhost:8000/v1,C1,2,3bb65d16,0.0,2026-08-28T15:55:59.684526,1," {
  ""score"": 6,
  ""verdict"": ""pass"",
  ""confidence"": 80,
  ""rubric_scores"": {
    ""market_potential"": 3,
    ""technical_feasibility"": 5,
    ""business_viability"": 3
  },
  ""reasoning"": ""Limited market potential due to niche focus on demoscene, which may not resonate broadly. Technical feasibility is high given the digital nature of the event. However, business viability is low due to the non-profit model and potential funding challenges.""
}",6,pass,80,3,5,3,"Limited market potential due to niche focus on demoscene, which may not resonate broadly. Technical feasibility is high given the digital nature of the event. However, business viability is low due to the non-profit model and potential funding challenges.",True
CASE_KS_024,models/Mistral-7B-Instruct-v0.3,models/Mistral-7B-Instruct-v0.3,vllm,http://localhost:8000/v1,C1,3,3bb65d16,0.0,2026-08-28T15:56:10.938978,1," {
  ""score"": 6,
  ""verdict"": ""pass"",
  ""confidence"": 80,
  ""rubric_scores"": {
    ""market_potential"": 3,
    ""technical_feasibility"": 5,
    ""business_viability"": 3
  },
  ""reasoning"": ""Limited market potential due to niche audience (demoscene), questionable financial sustainability without a clear revenue model, and unproven scalability.""
}",6,pass,80,3,5,3,"Limited market potential due to niche audience (demoscene), questionable financial sustainability without a clear revenue model, and unproven scalability.",True
CASE_KS_024,models/Mistral-7B-Instruct-v0.3,models/Mistral-7B-Instruct-v0.3,vllm,http://localhost:8000/v1,C1,5,3bb65d16,0.0,2026-08-28T15:56:20.281023,1," {
  ""score"": 6,
  ""verdict"": ""pass"",
  ""confidence"": 80,
  ""rubric_scores"": {
    ""market_potential"": 3,
    ""technical_feasibility"": 5,
    ""business_viability"": 3
  },
  ""reasoning"": ""Limited market potential due to niche audience (demoscene), questionable financial sustainability without a clear revenue model, and unproven scalability.""
}",6,pass,80,3,5,3,"Limited market potential due to niche audience (demoscene), questionable financial sustainability without a clear revenue model, and unproven scalability.",True
CASE_KS_024,models/Mistral-7B-Instruct-v0.3,models/Mistral-7B-Instruct-v0.3,vllm,http://localhost:8000/v1,C1,4,3bb65d16,0.0,2026-08-28T15:56:13.271851,1," {
  ""score"": 6,
  ""verdict"": ""pass"",
  ""confidence"": 80,
  ""rubric_scores"": {
    ""market_potential"": 3,
    ""technical_feasibility"": 5,
    ""business_viability"": 3
  },
  ""reasoning"": ""Limited market potential due to niche focus on demoscene, which may not resonate broadly. Technical feasibility is high given the digital nature of the event. However, business viability is low due to the non-profit model and potential funding challenges.""
}",6,pass,80,3,5,3,"Limited market potential due to niche focus on demoscene, which may not resonate broadly. Technical feasibility is high given the digital nature of the event. However, business viability is low due to the non-profit model and potential funding challenges.",True
CASE_KS_024,models/Mistral-7B-Instruct-v0.3,models/Mistral-7B-Instruct-v0.3,vllm,http://localhost:8000/v1,C1,6,3bb65d16,0.0,2026-08-28T15:56:22.609023,1," {
  ""score"": 6,
  ""verdict"": ""pass"",
  ""confidence"": 80,
  ""rubric_scores"": {
    ""market_potential"": 3,
    ""technical_feasibility"": 5,
    ""business_viability"": 3
  },
  ""reasoning"": ""Limited market potential due to niche focus on demoscene, which may not resonate broadly. Technical feasibility is high given the digital nature of the event. However, business viability is low due to the non-profit model and potential funding challenges.""
}",6,pass,80,3,5,3,"Limited market potential due to niche focus on demoscene, which may not resonate broadly. Technical feasibility is high given the digital nature of the event. However, business viability is low due to the non-profit model and potential funding challenges.",True
CASE_KS_024,models/Mistral-7B-Instruct-v0.3,models/Mistral-7B-Instruct-v0.3,vllm,http://localhost:8000/v1,C1,7,3bb65d16,0.0,2026-08-28T15:56:33.440420,1," {
  ""score"": 6,
  ""verdict"": ""pass"",
  ""confidence"": 80,
  ""rubric_scores"": {
    ""market_potential"": 3,
    ""technical_feasibility"": 5,
    ""business_viability"": 3
  },
  ""reasoning"": ""Limited market potential due to niche focus on demoscene, which may not resonate broadly. Technical feasibility is high given the digital nature of the event. However, business viability is low due to the non-profit model and potential funding challenges.""
}",6,pass,80,3,5,3,"Limited market potential due to niche focus on demoscene, which may not resonate broadly. Technical feasibility is high given the digital nature of the event. However, business viability is low due to the non-profit model and potential funding challenges.",True
CASE_KS_024,models/Mistral-7B-Instruct-v0.3,models/Mistral-7B-Instruct-v0.3,vllm,http://localhost:8000/v1,C1,8,3bb65d16,0.0,2026-08-28T15:56:33.642502,1," {
  ""score"": 6,
  ""verdict"": ""pass"",
  ""confidence"": 80,
  ""rubric_scores"": {
    ""market_potential"": 3,
    ""technical_feasibility"": 5,
    ""business_viability"": 3
  },
  ""reasoning"": ""Limited market potential due to niche focus on demoscene, which may not resonate broadly. Technical feasibility is high given the digital nature of the event. However, business viability is low due to the non-profit model and potential funding challenges.""
}",6,pass,80,3,5,3,"Limited market potential due to niche focus on demoscene, which may not resonate broadly. Technical feasibility is high given the digital nature of the event. However, business viability is low due to the non-profit model and potential funding challenges.",True
CASE_KS_024,models/Mistral-7B-Instruct-v0.3,models/Mistral-7B-Instruct-v0.3,vllm,http://localhost:8000/v1,C1,10,3bb65d16,0.0,2026-08-28T15:56:44.663350,1," {
  ""score"": 6,
  ""verdict"": ""pass"",
  ""confidence"": 80,
  ""rubric_scores"": {
    ""market_potential"": 3,
    ""technical_feasibility"": 5,
    ""business_viability"": 3
  },
  ""reasoning"": ""Limited market potential due to niche focus on demoscene, which may not resonate broadly. Technical feasibility is high given the digital nature of the event. However, business viability is low due to the non-profit model and potential funding challenges.""
}",6,pass,80,3,5,3,"Limited market potential due to niche focus on demoscene, which may not resonate broadly. Technical feasibility is high given the digital nature of the event. However, business viability is low due to the non-profit model and potential funding challenges.",True
CASE_KS_024,models/Mistral-7B-Instruct-v0.3,models/Mistral-7B-Instruct-v0.3,vllm,http://localhost:8000/v1,C1,9,3bb65d16,0.0,2026-08-28T15:56:44.462657,1," {
  ""score"": 6,
  ""verdict"": ""pass"",
  ""confidence"": 80,
  ""rubric_scores"": {
    ""market_potential"": 3,
    ""technical_feasibility"": 5,
    ""business_viability"": 3
  },
  ""reasoning"": ""Limited market potential due to niche focus on demoscene, which may not resonate broadly. Technical feasibility is high given the digital nature of the event. However, business viability is low due to the non-profit model and potential funding challenges.""
}",6,pass,80,3,5,3,"Limited market potential due to niche focus on demoscene, which may not resonate broadly. Technical feasibility is high given the digital nature of the event. However, business viability is low due to the non-profit model and potential funding challenges.",True
CASE_KS_025,models/Mistral-7B-Instruct-v0.3,models/Mistral-7B-Instruct-v0.3,vllm,http://localhost:8000/v1,C1,1,3bb65d16,0.0,2026-08-28T15:56:48.805121,1," {
  ""score"": 6,
  ""verdict"": ""pass"",
  ""confidence"": 70,
  ""rubric_scores"": {
    ""market_potential"": 3,
    ""technical_feasibility"": 4,
    ""business_viability"": 3
  },
  ""reasoning"": ""The Convex Trowel idea shows potential for a niche market in landscaping and construction. However, the market size may be limited, which impacts the overall score. The technical feasibility is reasonable given the patent, but the business viability is questionable without clear strategies for manufacturing and distribution partnerships.""
}",6,pass,70,3,4,3,"The Convex Trowel idea shows potential for a niche market in landscaping and construction. However, the market size may be limited, which impacts the overall score. The technical feasibility is reasonable given the patent, but the business viability is questionable without clear strategies for manufacturing and distribution partnerships.",True
CASE_KS_025,models/Mistral-7B-Instruct-v0.3,models/Mistral-7B-Instruct-v0.3,vllm,http://localhost:8000/v1,C1,2,3bb65d16,0.0,2026-08-28T15:56:59.941606,1," {
  ""score"": 6,
  ""verdict"": ""pass"",
  ""confidence"": 70,
  ""rubric_scores"": {
    ""market_potential"": 3,
    ""technical_feasibility"": 4,
    ""business_viability"": 3
  },
  ""reasoning"": ""The Convex Trowel idea shows potential for a niche market in landscaping and construction. However, the market size may be limited, which impacts the overall score. The technical feasibility is reasonable given the patent, but the business viability is questionable without clear strategies for manufacturing and distribution partnerships.""
}",6,pass,70,3,4,3,"The Convex Trowel idea shows potential for a niche market in landscaping and construction. However, the market size may be limited, which impacts the overall score. The technical feasibility is reasonable given the patent, but the business viability is questionable without clear strategies for manufacturing and distribution partnerships.",True
CASE_KS_025,models/Mistral-7B-Instruct-v0.3,models/Mistral-7B-Instruct-v0.3,vllm,http://localhost:8000/v1,C1,3,3bb65d16,0.0,2026-08-28T15:57:02.276037,1," {
  ""score"": 6,
  ""verdict"": ""pass"",
  ""confidence"": 70,
  ""rubric_scores"": {
    ""market_potential"": 3,
    ""technical_feasibility"": 4,
    ""business_viability"": 3
  },
  ""reasoning"": ""The Convex Trowel idea shows potential for a niche market in landscaping and construction. However, the market size may be limited, which impacts the overall score. The technical feasibility is reasonable given the patent, but the business viability is questionable without clear strategies for manufacturing and distribution partnerships.""
}",6,pass,70,3,4,3,"The Convex Trowel idea shows potential for a niche market in landscaping and construction. However, the market size may be limited, which impacts the overall score. The technical feasibility is reasonable given the patent, but the business viability is questionable without clear strategies for manufacturing and distribution partnerships.",True
CASE_KS_025,models/Mistral-7B-Instruct-v0.3,models/Mistral-7B-Instruct-v0.3,vllm,http://localhost:8000/v1,C1,4,3bb65d16,0.0,2026-08-28T15:57:11.832068,1," {
  ""score"": 6,
  ""verdict"": ""pass"",
  ""confidence"": 70,
  ""rubric_scores"": {
    ""market_potential"": 3,
    ""technical_feasibility"": 4,
    ""business_viability"": 3
  },
  ""reasoning"": ""The Convex Trowel idea shows potential for a niche market in landscaping and construction. However, the market size may be limited, which impacts the overall score. The technical feasibility is reasonable given the patent, but the business viability is questionable without clear strategies for manufacturing and distribution partnerships.""
}",6,pass,70,3,4,3,"The Convex Trowel idea shows potential for a niche market in landscaping and construction. However, the market size may be limited, which impacts the overall score. The technical feasibility is reasonable given the patent, but the business viability is questionable without clear strategies for manufacturing and distribution partnerships.",True
CASE_KS_025,models/Mistral-7B-Instruct-v0.3,models/Mistral-7B-Instruct-v0.3,vllm,http://localhost:8000/v1,C1,5,3bb65d16,0.0,2026-08-28T15:57:14.169019,1," {
  ""score"": 6,
  ""verdict"": ""pass"",
  ""confidence"": 70,
  ""rubric_scores"": {
    ""market_potential"": 3,
    ""technical_feasibility"": 4,
    ""business_viability"": 3
  },
  ""reasoning"": ""The Convex Trowel idea shows potential for a niche market in landscaping and construction. However, the market size may be limited, which impacts the overall score. The technical feasibility is reasonable given the patent, but the business viability is questionable without clear strategies for manufacturing and distribution partnerships.""
}",6,pass,70,3,4,3,"The Convex Trowel idea shows potential for a niche market in landscaping and construction. However, the market size may be limited, which impacts the overall score. The technical feasibility is reasonable given the patent, but the business viability is questionable without clear strategies for manufacturing and distribution partnerships.",True
CASE_KS_025,models/Mistral-7B-Instruct-v0.3,models/Mistral-7B-Instruct-v0.3,vllm,http://localhost:8000/v1,C1,6,3bb65d16,0.0,2026-08-28T15:57:23.721618,1," {
  ""score"": 6,
  ""verdict"": ""pass"",
  ""confidence"": 70,
  ""rubric_scores"": {
    ""market_potential"": 3,
    ""technical_feasibility"": 4,
    ""business_viability"": 3
  },
  ""reasoning"": ""The Convex Trowel idea shows potential for a niche market in landscaping and construction. However, the market size may be limited, which impacts the overall score. The technical feasibility is reasonable given the patent, but the business viability is questionable without clear strategies for manufacturing and distribution partnerships.""
}",6,pass,70,3,4,3,"The Convex Trowel idea shows potential for a niche market in landscaping and construction. However, the market size may be limited, which impacts the overall score. The technical feasibility is reasonable given the patent, but the business viability is questionable without clear strategies for manufacturing and distribution partnerships.",True
CASE_KS_025,models/Mistral-7B-Instruct-v0.3,models/Mistral-7B-Instruct-v0.3,vllm,http://localhost:8000/v1,C1,7,3bb65d16,0.0,2026-08-28T15:57:34.990041,1," {
  ""score"": 6,
  ""verdict"": ""pass"",
  ""confidence"": 70,
  ""rubric_scores"": {
    ""market_potential"": 3,
    ""technical_feasibility"": 4,
    ""business_viability"": 3
  },
  ""reasoning"": ""The Convex Trowel idea shows potential for a niche market in landscaping and construction. However, the market size may be limited, which impacts the overall score. The technical feasibility is reasonable given the patent, but the business viability is questionable without clear strategies for manufacturing and distribution partnerships.""
}",6,pass,70,3,4,3,"The Convex Trowel idea shows potential for a niche market in landscaping and construction. However, the market size may be limited, which impacts the overall score. The technical feasibility is reasonable given the patent, but the business viability is questionable without clear strategies for manufacturing and distribution partnerships.",True
CASE_KS_025,models/Mistral-7B-Instruct-v0.3,models/Mistral-7B-Instruct-v0.3,vllm,http://localhost:8000/v1,C1,8,3bb65d16,0.0,2026-08-28T15:57:35.191031,1," {
  ""score"": 6,
  ""verdict"": ""pass"",
  ""confidence"": 70,
  ""rubric_scores"": {
    ""market_potential"": 3,
    ""technical_feasibility"": 4,
    ""business_viability"": 3
  },
  ""reasoning"": ""The Convex Trowel idea shows potential for a niche market in landscaping and construction. However, the market size may be limited, which impacts the overall score. The technical feasibility is reasonable given the patent, but the business viability is questionable without clear strategies for manufacturing and distribution partnerships.""
}",6,pass,70,3,4,3,"The Convex Trowel idea shows potential for a niche market in landscaping and construction. However, the market size may be limited, which impacts the overall score. The technical feasibility is reasonable given the patent, but the business viability is questionable without clear strategies for manufacturing and distribution partnerships.",True
CASE_SYN_001,models/Mistral-7B-Instruct-v0.3,models/Mistral-7B-Instruct-v0.3,vllm,http://localhost:8000/v1,C1,1,3bb65d16,0.0,2026-08-28T15:57:53.298764,1," {
  ""score"": 7,
  ""verdict"": ""invest"",
  ""confidence"": 85,
  ""rubric_scores"": {
    ""market_potential"": 4,
    ""technical_feasibility"": 5,
    ""business_viability"": 3
  },
  ""reasoning"": ""EcoCharge addresses a growing market of environmentally-conscious campers and travelers. The product's unique features offer a competitive edge. However, the business model requires further exploration to ensure profitability.""
}",7,invest,85,4,5,3,"EcoCharge addresses a growing market of environmentally-conscious campers and travelers. The product's unique features offer a competitive edge. However, the business model requires further exploration to ensure profitability.",True
CASE_KS_025,models/Mistral-7B-Instruct-v0.3,models/Mistral-7B-Instruct-v0.3,vllm,http://localhost:8000/v1,C1,10,3bb65d16,0.0,2026-08-28T15:57:46.645368,1," {
  ""score"": 6,
  ""verdict"": ""pass"",
  ""confidence"": 70,
  ""rubric_scores"": {
    ""market_potential"": 3,
    ""technical_feasibility"": 4,
    ""business_viability"": 3
  },
  ""reasoning"": ""The Convex Trowel idea shows potential for a niche market in landscaping and construction. However, the market size may be limited, which impacts the overall score. The technical feasibility is reasonable given the patent, but the business viability is questionable without clear strategies for manufacturing and distribution partnerships.""
}",6,pass,70,3,4,3,"The Convex Trowel idea shows potential for a niche market in landscaping and construction. However, the market size may be limited, which impacts the overall score. The technical feasibility is reasonable given the patent, but the business viability is questionable without clear strategies for manufacturing and distribution partnerships.",True
CASE_KS_025,models/Mistral-7B-Instruct-v0.3,models/Mistral-7B-Instruct-v0.3,vllm,http://localhost:8000/v1,C1,9,3bb65d16,0.0,2026-08-28T15:57:46.445297,1," {
  ""score"": 6,
  ""verdict"": ""pass"",
  ""confidence"": 70,
  ""rubric_scores"": {
    ""market_potential"": 3,
    ""technical_feasibility"": 4,
    ""business_viability"": 3
  },
  ""reasoning"": ""The Convex Trowel idea shows potential for a niche market in landscaping and construction. However, the market size may be limited, which impacts the overall score. The technical feasibility is reasonable given the patent, but the business viability is questionable without clear strategies for manufacturing and distribution partnerships.""
}",6,pass,70,3,4,3,"The Convex Trowel idea shows potential for a niche market in landscaping and construction. However, the market size may be limited, which impacts the overall score. The technical feasibility is reasonable given the patent, but the business viability is questionable without clear strategies for manufacturing and distribution partnerships.",True
CASE_SYN_001,models/Mistral-7B-Instruct-v0.3,models/Mistral-7B-Instruct-v0.3,vllm,http://localhost:8000/v1,C1,2,3bb65d16,0.0,2026-08-28T15:58:04.158969,1," {
  ""score"": 7,
  ""verdict"": ""invest"",
  ""confidence"": 85,
  ""rubric_scores"": {
    ""market_potential"": 4,
    ""technical_feasibility"": 5,
    ""business_viability"": 3
  },
  ""reasoning"": ""EcoCharge addresses a growing market of environmentally-conscious campers and travelers. The product's unique features offer a competitive edge. However, the business model requires further exploration to ensure profitability.""
}",7,invest,85,4,5,3,"EcoCharge addresses a growing market of environmentally-conscious campers and travelers. The product's unique features offer a competitive edge. However, the business model requires further exploration to ensure profitability.",True
CASE_SYN_001,models/Mistral-7B-Instruct-v0.3,models/Mistral-7B-Instruct-v0.3,vllm,http://localhost:8000/v1,C1,3,3bb65d16,0.0,2026-08-28T15:58:06.908003,1," {
  ""score"": 7,
  ""verdict"": ""invest"",
  ""confidence"": 85,
  ""rubric_scores"": {
    ""market_potential"": 4,
    ""technical_feasibility"": 5,
    ""business_viability"": 3
  },
  ""reasoning"": ""EcoCharge addresses a growing market of environmentally-conscious campers and travelers. The product's unique features offer a competitive edge. However, the business model requires further exploration to ensure profitability.""
}",7,invest,85,4,5,3,"EcoCharge addresses a growing market of environmentally-conscious campers and travelers. The product's unique features offer a competitive edge. However, the business model requires further exploration to ensure profitability.",True
CASE_SYN_001,models/Mistral-7B-Instruct-v0.3,models/Mistral-7B-Instruct-v0.3,vllm,http://localhost:8000/v1,C1,4,3bb65d16,0.0,2026-08-28T15:58:16.445577,1," {
  ""score"": 7,
  ""verdict"": ""invest"",
  ""confidence"": 85,
  ""rubric_scores"": {
    ""market_potential"": 4,
    ""technical_feasibility"": 5,
    ""business_viability"": 3
  },
  ""reasoning"": ""EcoCharge addresses a growing market of environmentally-conscious campers and travelers. The product's unique features offer a competitive edge. However, the business model requires further exploration to ensure profitability.""
}",7,invest,85,4,5,3,"EcoCharge addresses a growing market of environmentally-conscious campers and travelers. The product's unique features offer a competitive edge. However, the business model requires further exploration to ensure profitability.",True
CASE_SYN_001,models/Mistral-7B-Instruct-v0.3,models/Mistral-7B-Instruct-v0.3,vllm,http://localhost:8000/v1,C1,5,3bb65d16,0.0,2026-08-28T15:58:19.188013,1," {
  ""score"": 7,
  ""verdict"": ""invest"",
  ""confidence"": 85,
  ""rubric_scores"": {
    ""market_potential"": 4,
    ""technical_feasibility"": 5,
    ""business_viability"": 3
  },
  ""reasoning"": ""EcoCharge addresses a growing market of environmentally-conscious campers and travelers. The product's unique features offer a competitive edge. However, the business model requires further exploration to ensure profitability.""
}",7,invest,85,4,5,3,"EcoCharge addresses a growing market of environmentally-conscious campers and travelers. The product's unique features offer a competitive edge. However, the business model requires further exploration to ensure profitability.",True
CASE_SYN_001,models/Mistral-7B-Instruct-v0.3,models/Mistral-7B-Instruct-v0.3,vllm,http://localhost:8000/v1,C1,6,3bb65d16,0.0,2026-08-28T15:58:28.727929,1," {
  ""score"": 7,
  ""verdict"": ""invest"",
  ""confidence"": 85,
  ""rubric_scores"": {
    ""market_potential"": 4,
    ""technical_feasibility"": 5,
    ""business_viability"": 3
  },
  ""reasoning"": ""EcoCharge addresses a growing market of environmentally-conscious campers and travelers. The product's unique features offer a competitive edge. However, the business model requires further exploration to ensure profitability.""
}",7,invest,85,4,5,3,"EcoCharge addresses a growing market of environmentally-conscious campers and travelers. The product's unique features offer a competitive edge. However, the business model requires further exploration to ensure profitability.",True
CASE_SYN_001,models/Mistral-7B-Instruct-v0.3,models/Mistral-7B-Instruct-v0.3,vllm,http://localhost:8000/v1,C1,7,3bb65d16,0.0,2026-08-28T15:58:40.398028,1," {
  ""score"": 7,
  ""verdict"": ""invest"",
  ""confidence"": 85,
  ""rubric_scores"": {
    ""market_potential"": 4,
    ""technical_feasibility"": 5,
    ""business_viability"": 3
  },
  ""reasoning"": ""EcoCharge addresses a growing market of environmentally-conscious campers and travelers. The product's unique features offer a competitive edge. However, the business model requires further exploration to ensure profitability.""
}",7,invest,85,4,5,3,"EcoCharge addresses a growing market of environmentally-conscious campers and travelers. The product's unique features offer a competitive edge. However, the business model requires further exploration to ensure profitability.",True
CASE_SYN_001,models/Mistral-7B-Instruct-v0.3,models/Mistral-7B-Instruct-v0.3,vllm,http://localhost:8000/v1,C1,8,3bb65d16,0.0,2026-08-28T15:58:40.596399,1," {
  ""score"": 7,
  ""verdict"": ""invest"",
  ""confidence"": 85,
  ""rubric_scores"": {
    ""market_potential"": 4,
    ""technical_feasibility"": 5,
    ""business_viability"": 3
  },
  ""reasoning"": ""EcoCharge addresses a growing market of environmentally-conscious campers and travelers. The product's unique features offer a competitive edge. However, the business model requires further exploration to ensure profitability.""
}",7,invest,85,4,5,3,"EcoCharge addresses a growing market of environmentally-conscious campers and travelers. The product's unique features offer a competitive edge. However, the business model requires further exploration to ensure profitability.",True
CASE_SYN_001,models/Mistral-7B-Instruct-v0.3,models/Mistral-7B-Instruct-v0.3,vllm,http://localhost:8000/v1,C1,9,3bb65d16,0.0,2026-08-28T15:58:50.538819,1," {
  ""score"": 7,
  ""verdict"": ""invest"",
  ""confidence"": 85,
  ""rubric_scores"": {
    ""market_potential"": 4,
    ""technical_feasibility"": 5,
    ""business_viability"": 3
  },
  ""reasoning"": ""EcoCharge addresses a growing market of environmentally-conscious campers and travelers. The product's unique features offer a competitive edge. However, the business model requires further exploration to ensure profitability.""
}",7,invest,85,4,5,3,"EcoCharge addresses a growing market of environmentally-conscious campers and travelers. The product's unique features offer a competitive edge. However, the business model requires further exploration to ensure profitability.",True
CASE_SYN_002,models/Mistral-7B-Instruct-v0.3,models/Mistral-7B-Instruct-v0.3,vllm,http://localhost:8000/v1,C1,1,3bb65d16,0.0,2026-08-28T15:58:50.637137,1," {
  ""score"": 7,
  ""verdict"": ""invest"",
  ""confidence"": 85,
  ""rubric_scores"": {
    ""market_potential"": 4,
    ""technical_feasibility"": 5,
    ""business_viability"": 4
  },
  ""reasoning"": ""MealMinder addresses a growing concern for reducing food waste, offering a unique solution through AI-powered notifications. While the market potential is promising, the business model requires further exploration to ensure long-term viability.""
}",7,invest,85,4,5,4,"MealMinder addresses a growing concern for reducing food waste, offering a unique solution through AI-powered notifications. While the market potential is promising, the business model requires further exploration to ensure long-term viability.",True
CASE_SYN_001,models/Mistral-7B-Instruct-v0.3,models/Mistral-7B-Instruct-v0.3,vllm,http://localhost:8000/v1,C1,10,3bb65d16,0.0,2026-08-28T15:58:52.437784,1," {
  ""score"": 7,
  ""verdict"": ""invest"",
  ""confidence"": 85,
  ""rubric_scores"": {
    ""market_potential"": 4,
    ""technical_feasibility"": 5,
    ""business_viability"": 3
  },
  ""reasoning"": ""EcoCharge addresses a growing market of environmentally-conscious campers and travelers. The product's unique features offer a competitive edge. However, the business model requires further exploration to ensure profitability.""
}",7,invest,85,4,5,3,"EcoCharge addresses a growing market of environmentally-conscious campers and travelers. The product's unique features offer a competitive edge. However, the business model requires further exploration to ensure profitability.",True
CASE_SYN_002,models/Mistral-7B-Instruct-v0.3,models/Mistral-7B-Instruct-v0.3,vllm,http://localhost:8000/v1,C1,2,3bb65d16,0.0,2026-08-28T15:58:59.794792,1," {
  ""score"": 7,
  ""verdict"": ""invest"",
  ""confidence"": 85,
  ""rubric_scores"": {
    ""market_potential"": 4,
    ""technical_feasibility"": 5,
    ""business_viability"": 4
  },
  ""reasoning"": ""MealMinder addresses a growing concern for reducing food waste, offering a unique solution through AI-powered notifications. While the market potential is promising, the business model requires further exploration to ensure long-term viability.""
}",7,invest,85,4,5,4,"MealMinder addresses a growing concern for reducing food waste, offering a unique solution through AI-powered notifications. While the market potential is promising, the business model requires further exploration to ensure long-term viability.",True
CASE_SYN_002,models/Mistral-7B-Instruct-v0.3,models/Mistral-7B-Instruct-v0.3,vllm,http://localhost:8000/v1,C1,3,3bb65d16,0.0,2026-08-28T15:59:02.954692,1," {
  ""score"": 7,
  ""verdict"": ""invest"",
  ""confidence"": 85,
  ""rubric_scores"": {
    ""market_potential"": 4,
    ""technical_feasibility"": 5,
    ""business_viability"": 4
  },
  ""reasoning"": ""MealMinder addresses a growing concern for reducing food waste, offering a unique solution through AI-powered notifications. While the market potential is promising, the business model requires further exploration to ensure long-term viability.""
}",7,invest,85,4,5,4,"MealMinder addresses a growing concern for reducing food waste, offering a unique solution through AI-powered notifications. While the market potential is promising, the business model requires further exploration to ensure long-term viability.",True
CASE_SYN_002,models/Mistral-7B-Instruct-v0.3,models/Mistral-7B-Instruct-v0.3,vllm,http://localhost:8000/v1,C1,4,3bb65d16,0.0,2026-08-28T15:59:12.484989,1," {
  ""score"": 7,
  ""verdict"": ""invest"",
  ""confidence"": 85,
  ""rubric_scores"": {
    ""market_potential"": 4,
    ""technical_feasibility"": 5,
    ""business_viability"": 4
  },
  ""reasoning"": ""MealMinder addresses a growing concern for reducing food waste, offering a unique solution through AI-powered notifications. While the market potential is promising, the business model requires further exploration to ensure long-term viability.""
}",7,invest,85,4,5,4,"MealMinder addresses a growing concern for reducing food waste, offering a unique solution through AI-powered notifications. While the market potential is promising, the business model requires further exploration to ensure long-term viability.",True
CASE_SYN_002,models/Mistral-7B-Instruct-v0.3,models/Mistral-7B-Instruct-v0.3,vllm,http://localhost:8000/v1,C1,5,3bb65d16,0.0,2026-08-28T15:59:15.657019,1," {
  ""score"": 7,
  ""verdict"": ""invest"",
  ""confidence"": 85,
  ""rubric_scores"": {
    ""market_potential"": 4,
    ""technical_feasibility"": 5,
    ""business_viability"": 4
  },
  ""reasoning"": ""MealMinder addresses a growing concern for reducing food waste, offering a unique solution through AI-powered notifications. While the market potential is promising, the business model requires further exploration to ensure long-term viability.""
}",7,invest,85,4,5,4,"MealMinder addresses a growing concern for reducing food waste, offering a unique solution through AI-powered notifications. While the market potential is promising, the business model requires further exploration to ensure long-term viability.",True
CASE_SYN_002,models/Mistral-7B-Instruct-v0.3,models/Mistral-7B-Instruct-v0.3,vllm,http://localhost:8000/v1,C1,6,3bb65d16,0.0,2026-08-28T15:59:25.180030,1," {
  ""score"": 7,
  ""verdict"": ""invest"",
  ""confidence"": 85,
  ""rubric_scores"": {
    ""market_potential"": 4,
    ""technical_feasibility"": 5,
    ""business_viability"": 4
  },
  ""reasoning"": ""MealMinder addresses a growing concern for reducing food waste, offering a unique solution through AI-powered notifications. While the market potential is promising, the business model requires further exploration to ensure long-term viability.""
}",7,invest,85,4,5,4,"MealMinder addresses a growing concern for reducing food waste, offering a unique solution through AI-powered notifications. While the market potential is promising, the business model requires further exploration to ensure long-term viability.",True
CASE_SYN_002,models/Mistral-7B-Instruct-v0.3,models/Mistral-7B-Instruct-v0.3,vllm,http://localhost:8000/v1,C1,7,3bb65d16,0.0,2026-08-28T15:59:37.269017,1," {
  ""score"": 7,
  ""verdict"": ""invest"",
  ""confidence"": 85,
  ""rubric_scores"": {
    ""market_potential"": 4,
    ""technical_feasibility"": 5,
    ""business_viability"": 4
  },
  ""reasoning"": ""MealMinder addresses a growing concern for reducing food waste, offering a unique solution through AI-powered notifications. While the market potential is promising, the business model requires further exploration to ensure long-term viability.""
}",7,invest,85,4,5,4,"MealMinder addresses a growing concern for reducing food waste, offering a unique solution through AI-powered notifications. While the market potential is promising, the business model requires further exploration to ensure long-term viability.",True
CASE_SYN_002,models/Mistral-7B-Instruct-v0.3,models/Mistral-7B-Instruct-v0.3,vllm,http://localhost:8000/v1,C1,8,3bb65d16,0.0,2026-08-28T15:59:37.469931,1," {
  ""score"": 7,
  ""verdict"": ""invest"",
  ""confidence"": 85,
  ""rubric_scores"": {
    ""market_potential"": 4,
    ""technical_feasibility"": 5,
    ""business_viability"": 4
  },
  ""reasoning"": ""MealMinder addresses a growing concern for reducing food waste, offering a unique solution through AI-powered notifications. While the market potential is promising, the business model requires further exploration to ensure long-term viability.""
}",7,invest,85,4,5,4,"MealMinder addresses a growing concern for reducing food waste, offering a unique solution through AI-powered notifications. While the market potential is promising, the business model requires further exploration to ensure long-term viability.",True
CASE_SYN_002,models/Mistral-7B-Instruct-v0.3,models/Mistral-7B-Instruct-v0.3,vllm,http://localhost:8000/v1,C1,9,3bb65d16,0.0,2026-08-28T15:59:47.828616,1," {
  ""score"": 7,
  ""verdict"": ""invest"",
  ""confidence"": 85,
  ""rubric_scores"": {
    ""market_potential"": 4,
    ""technical_feasibility"": 5,
    ""business_viability"": 4
  },
  ""reasoning"": ""MealMinder addresses a growing concern for reducing food waste, offering a unique solution through AI-powered notifications. While the market potential is promising, the business model requires further exploration to ensure long-term viability.""
}",7,invest,85,4,5,4,"MealMinder addresses a growing concern for reducing food waste, offering a unique solution through AI-powered notifications. While the market potential is promising, the business model requires further exploration to ensure long-term viability.",True
CASE_SYN_002,models/Mistral-7B-Instruct-v0.3,models/Mistral-7B-Instruct-v0.3,vllm,http://localhost:8000/v1,C1,10,3bb65d16,0.0,2026-08-28T15:59:48.883027,1," {
  ""score"": 7,
  ""verdict"": ""invest"",
  ""confidence"": 85,
  ""rubric_scores"": {
    ""market_potential"": 4,
    ""technical_feasibility"": 5,
    ""business_viability"": 4
  },
  ""reasoning"": ""MealMinder addresses a growing concern for reducing food waste, offering a unique solution through AI-powered notifications. While the market potential is promising, the business model requires further exploration to ensure long-term viability.""
}",7,invest,85,4,5,4,"MealMinder addresses a growing concern for reducing food waste, offering a unique solution through AI-powered notifications. While the market potential is promising, the business model requires further exploration to ensure long-term viability.",True
CASE_SYN_003,models/Mistral-7B-Instruct-v0.3,models/Mistral-7B-Instruct-v0.3,vllm,http://localhost:8000/v1,C1,1,3bb65d16,0.0,2026-08-28T15:59:47.921598,1," {
  ""score"": 7,
  ""verdict"": ""invest"",
  ""confidence"": 85,
  ""rubric_scores"": {
    ""market_potential"": 4,
    ""technical_feasibility"": 5,
    ""business_viability"": 3
  },
  ""reasoning"": ""The idea addresses a real problem (improved cyclist visibility and safety) in a growing market (urban cycling). Technical feasibility is high due to existing sensor technology. However, business viability is questionable due to competition and potential regulatory hurdles.""
}",7,invest,85,4,5,3,"The idea addresses a real problem (improved cyclist visibility and safety) in a growing market (urban cycling). Technical feasibility is high due to existing sensor technology. However, business viability is questionable due to competition and potential regulatory hurdles.",True
CASE_SYN_003,models/Mistral-7B-Instruct-v0.3,models/Mistral-7B-Instruct-v0.3,vllm,http://localhost:8000/v1,C1,2,3bb65d16,0.0,2026-08-28T15:59:56.198949,1," {
  ""score"": 7,
  ""verdict"": ""invest"",
  ""confidence"": 85,
  ""rubric_scores"": {
    ""market_potential"": 4,
    ""technical_feasibility"": 5,
    ""business_viability"": 3
  },
  ""reasoning"": ""The idea addresses a real problem (improved cyclist visibility and safety) in a growing market (urban cycling). Technical feasibility is high due to existing sensor technology. However, business viability is questionable due to competition and potential regulatory hurdles.""
}",7,invest,85,4,5,3,"The idea addresses a real problem (improved cyclist visibility and safety) in a growing market (urban cycling). Technical feasibility is high due to existing sensor technology. However, business viability is questionable due to competition and potential regulatory hurdles.",True
CASE_SYN_003,models/Mistral-7B-Instruct-v0.3,models/Mistral-7B-Instruct-v0.3,vllm,http://localhost:8000/v1,C1,3,3bb65d16,0.0,2026-08-28T15:59:59.807025,1," {
  ""score"": 7,
  ""verdict"": ""invest"",
  ""confidence"": 85,
  ""rubric_scores"": {
    ""market_potential"": 4,
    ""technical_feasibility"": 5,
    ""business_viability"": 3
  },
  ""reasoning"": ""The idea addresses a real problem (improved cyclist visibility and safety) in a growing market (urban cycling). Technical feasibility is high due to existing sensor technology. However, business viability is questionable due to competition and potential regulatory hurdles.""
}",7,invest,85,4,5,3,"The idea addresses a real problem (improved cyclist visibility and safety) in a growing market (urban cycling). Technical feasibility is high due to existing sensor technology. However, business viability is questionable due to competition and potential regulatory hurdles.",True
CASE_SYN_003,models/Mistral-7B-Instruct-v0.3,models/Mistral-7B-Instruct-v0.3,vllm,http://localhost:8000/v1,C1,4,3bb65d16,0.0,2026-08-28T16:00:09.334025,1," {
  ""score"": 7,
  ""verdict"": ""invest"",
  ""confidence"": 85,
  ""rubric_scores"": {
    ""market_potential"": 4,
    ""technical_feasibility"": 5,
    ""business_viability"": 3
  },
  ""reasoning"": ""The idea addresses a real problem (improved cyclist visibility and safety) in a growing market (urban cycling). Technical feasibility is high due to existing sensor technology. However, business viability is questionable due to competition and potential regulatory hurdles.""
}",7,invest,85,4,5,3,"The idea addresses a real problem (improved cyclist visibility and safety) in a growing market (urban cycling). Technical feasibility is high due to existing sensor technology. However, business viability is questionable due to competition and potential regulatory hurdles.",True
CASE_SYN_003,models/Mistral-7B-Instruct-v0.3,models/Mistral-7B-Instruct-v0.3,vllm,http://localhost:8000/v1,C1,6,3bb65d16,0.0,2026-08-28T16:00:22.479984,1," {
  ""score"": 7,
  ""verdict"": ""invest"",
  ""confidence"": 85,
  ""rubric_scores"": {
    ""market_potential"": 4,
    ""technical_feasibility"": 5,
    ""business_viability"": 3
  },
  ""reasoning"": ""The idea addresses a real problem (improved cyclist visibility and safety) in a growing market (urban cycling). Technical feasibility is high due to existing sensor technology. However, business viability is questionable due to competition and potential regulatory hurdles.""
}",7,invest,85,4,5,3,"The idea addresses a real problem (improved cyclist visibility and safety) in a growing market (urban cycling). Technical feasibility is high due to existing sensor technology. However, business viability is questionable due to competition and potential regulatory hurdles.",True
CASE_SYN_003,models/Mistral-7B-Instruct-v0.3,models/Mistral-7B-Instruct-v0.3,vllm,http://localhost:8000/v1,C1,5,3bb65d16,0.0,2026-08-28T16:00:12.936994,1," {
  ""score"": 7,
  ""verdict"": ""invest"",
  ""confidence"": 85,
  ""rubric_scores"": {
    ""market_potential"": 4,
    ""technical_feasibility"": 5,
    ""business_viability"": 3
  },
  ""reasoning"": ""The idea addresses a real-world problem (improved cyclist visibility and safety) with a unique solution (integrated turn signals and brake lights). While the market potential is significant, the business viability score is lower due to potential competition from established players and the need for regulatory approval. However, the technical feasibility is high given the existing technology in sensor and LED systems.""
}",7,invest,85,4,5,3,"The idea addresses a real-world problem (improved cyclist visibility and safety) with a unique solution (integrated turn signals and brake lights). While the market potential is significant, the business viability score is lower due to potential competition from established players and the need for regulatory approval. However, the technical feasibility is high given the existing technology in sensor and LED systems.",True
CASE_SYN_003,models/Mistral-7B-Instruct-v0.3,models/Mistral-7B-Instruct-v0.3,vllm,http://localhost:8000/v1,C1,7,3bb65d16,0.0,2026-08-28T16:00:35.009040,1," {
  ""score"": 7,
  ""verdict"": ""invest"",
  ""confidence"": 85,
  ""rubric_scores"": {
    ""market_potential"": 4,
    ""technical_feasibility"": 5,
    ""business_viability"": 3
  },
  ""reasoning"": ""The idea addresses a real problem (improved cyclist visibility and safety) in a growing market (urban cycling). Technical feasibility is high due to existing sensor technology. However, business viability is questionable due to competition and potential regulatory hurdles.""
}",7,invest,85,4,5,3,"The idea addresses a real problem (improved cyclist visibility and safety) in a growing market (urban cycling). Technical feasibility is high due to existing sensor technology. However, business viability is questionable due to competition and potential regulatory hurdles.",True
CASE_SYN_003,models/Mistral-7B-Instruct-v0.3,models/Mistral-7B-Instruct-v0.3,vllm,http://localhost:8000/v1,C1,8,3bb65d16,0.0,2026-08-28T16:00:35.207920,1," {
  ""score"": 7,
  ""verdict"": ""invest"",
  ""confidence"": 85,
  ""rubric_scores"": {
    ""market_potential"": 4,
    ""technical_feasibility"": 5,
    ""business_viability"": 3
  },
  ""reasoning"": ""The idea addresses a real problem (improved cyclist visibility and safety) in a growing market (urban cycling). Technical feasibility is high due to existing sensor technology. However, business viability is questionable due to competition and potential regulatory hurdles.""
}",7,invest,85,4,5,3,"The idea addresses a real problem (improved cyclist visibility and safety) in a growing market (urban cycling). Technical feasibility is high due to existing sensor technology. However, business viability is questionable due to competition and potential regulatory hurdles.",True
CASE_SYN_003,models/Mistral-7B-Instruct-v0.3,models/Mistral-7B-Instruct-v0.3,vllm,http://localhost:8000/v1,C1,9,3bb65d16,0.0,2026-08-28T16:00:46.014278,1," {
  ""score"": 7,
  ""verdict"": ""invest"",
  ""confidence"": 85,
  ""rubric_scores"": {
    ""market_potential"": 4,
    ""technical_feasibility"": 5,
    ""business_viability"": 3
  },
  ""reasoning"": ""The idea addresses a real problem (improved cyclist visibility and safety) in a growing market (urban cycling). Technical feasibility is high due to existing sensor technology. However, business viability is questionable due to competition and potential regulatory hurdles.""
}",7,invest,85,4,5,3,"The idea addresses a real problem (improved cyclist visibility and safety) in a growing market (urban cycling). Technical feasibility is high due to existing sensor technology. However, business viability is questionable due to competition and potential regulatory hurdles.",True
CASE_SYN_003,models/Mistral-7B-Instruct-v0.3,models/Mistral-7B-Instruct-v0.3,vllm,http://localhost:8000/v1,C1,10,3bb65d16,0.0,2026-08-28T16:00:47.055015,1," {
  ""score"": 7,
  ""verdict"": ""invest"",
  ""confidence"": 85,
  ""rubric_scores"": {
    ""market_potential"": 4,
    ""technical_feasibility"": 5,
    ""business_viability"": 3
  },
  ""reasoning"": ""The idea addresses a real problem (improved cyclist visibility and safety) in a growing market (urban cycling). Technical feasibility is high due to existing sensor technology. However, business viability is questionable due to competition and potential regulatory hurdles.""
}",7,invest,85,4,5,3,"The idea addresses a real problem (improved cyclist visibility and safety) in a growing market (urban cycling). Technical feasibility is high due to existing sensor technology. However, business viability is questionable due to competition and potential regulatory hurdles.",True
CASE_SYN_004,models/Mistral-7B-Instruct-v0.3,models/Mistral-7B-Instruct-v0.3,vllm,http://localhost:8000/v1,C1,1,3bb65d16,0.0,2026-08-28T16:00:48.651489,1," {
  ""score"": 7,
  ""verdict"": ""invest"",
  ""confidence"": 85,
  ""rubric_scores"": {
    ""market_potential"": 4,
    ""technical_feasibility"": 5,
    ""business_viability"": 4
  },
  ""reasoning"": ""Strong market potential for educational technology, especially in the remote learning era. The app's features are technically feasible and could provide a unique value proposition. However, the business model and competitive landscape need further exploration to ensure long-term viability.""
}",7,invest,85,4,5,4,"Strong market potential for educational technology, especially in the remote learning era. The app's features are technically feasible and could provide a unique value proposition. However, the business model and competitive landscape need further exploration to ensure long-term viability.",True
CASE_SYN_004,models/Mistral-7B-Instruct-v0.3,models/Mistral-7B-Instruct-v0.3,vllm,http://localhost:8000/v1,C1,2,3bb65d16,0.0,2026-08-28T16:00:56.953806,1," {
  ""score"": 7,
  ""verdict"": ""invest"",
  ""confidence"": 85,
  ""rubric_scores"": {
    ""market_potential"": 4,
    ""technical_feasibility"": 5,
    ""business_viability"": 4
  },
  ""reasoning"": ""Strong market potential for educational technology, especially in the remote learning era. The app's features are technically feasible and could provide a unique value proposition. However, the business model and competitive landscape need further exploration to ensure long-term viability.""
}",7,invest,85,4,5,4,"Strong market potential for educational technology, especially in the remote learning era. The app's features are technically feasible and could provide a unique value proposition. However, the business model and competitive landscape need further exploration to ensure long-term viability.",True
CASE_SYN_004,models/Mistral-7B-Instruct-v0.3,models/Mistral-7B-Instruct-v0.3,vllm,http://localhost:8000/v1,C1,3,3bb65d16,0.0,2026-08-28T16:01:00.977978,1," {
  ""score"": 7,
  ""verdict"": ""invest"",
  ""confidence"": 85,
  ""rubric_scores"": {
    ""market_potential"": 4,
    ""technical_feasibility"": 5,
    ""business_viability"": 4
  },
  ""reasoning"": ""Strong market potential for educational technology, especially in the remote learning era. The app's features are technically feasible and could provide a unique value proposition. However, the business model and competitive landscape need further exploration to ensure long-term viability.""
}",7,invest,85,4,5,4,"Strong market potential for educational technology, especially in the remote learning era. The app's features are technically feasible and could provide a unique value proposition. However, the business model and competitive landscape need further exploration to ensure long-term viability.",True
CASE_SYN_004,models/Mistral-7B-Instruct-v0.3,models/Mistral-7B-Instruct-v0.3,vllm,http://localhost:8000/v1,C1,4,3bb65d16,0.0,2026-08-28T16:01:10.518022,1," {
  ""score"": 7,
  ""verdict"": ""invest"",
  ""confidence"": 85,
  ""rubric_scores"": {
    ""market_potential"": 4,
    ""technical_feasibility"": 5,
    ""business_viability"": 4
  },
  ""reasoning"": ""Strong market potential for educational technology, especially in the remote learning era. The app's features are technically feasible and could provide a unique value proposition. However, the business model and competitive landscape need further exploration to ensure long-term viability.""
}",7,invest,85,4,5,4,"Strong market potential for educational technology, especially in the remote learning era. The app's features are technically feasible and could provide a unique value proposition. However, the business model and competitive landscape need further exploration to ensure long-term viability.",True
CASE_SYN_004,models/Mistral-7B-Instruct-v0.3,models/Mistral-7B-Instruct-v0.3,vllm,http://localhost:8000/v1,C1,5,3bb65d16,0.0,2026-08-28T16:01:23.879970,1," {
  ""score"": 7,
  ""verdict"": ""invest"",
  ""confidence"": 85,
  ""rubric_scores"": {
    ""market_potential"": 4,
    ""technical_feasibility"": 5,
    ""business_viability"": 4
  },
  ""reasoning"": ""Strong market potential for educational technology, especially in the remote learning era. The app's features are technically feasible and could provide a unique value proposition. However, the business model and competitive landscape need further exploration to ensure long-term viability.""
}",7,invest,85,4,5,4,"Strong market potential for educational technology, especially in the remote learning era. The app's features are technically feasible and could provide a unique value proposition. However, the business model and competitive landscape need further exploration to ensure long-term viability.",True
CASE_SYN_004,models/Mistral-7B-Instruct-v0.3,models/Mistral-7B-Instruct-v0.3,vllm,http://localhost:8000/v1,C1,6,3bb65d16,0.0,2026-08-28T16:01:24.504072,1," {
  ""score"": 7,
  ""verdict"": ""invest"",
  ""confidence"": 85,
  ""rubric_scores"": {
    ""market_potential"": 4,
    ""technical_feasibility"": 5,
    ""business_viability"": 4
  },
  ""reasoning"": ""Strong market potential for educational technology, especially in the remote learning era. The app's features are technically feasible and could provide a unique value proposition. However, the business model and competitive landscape need further exploration to ensure long-term viability.""
}",7,invest,85,4,5,4,"Strong market potential for educational technology, especially in the remote learning era. The app's features are technically feasible and could provide a unique value proposition. However, the business model and competitive landscape need further exploration to ensure long-term viability.",True
CASE_SYN_004,models/Mistral-7B-Instruct-v0.3,models/Mistral-7B-Instruct-v0.3,vllm,http://localhost:8000/v1,C1,7,3bb65d16,0.0,2026-08-28T16:01:37.028537,1," {
  ""score"": 7,
  ""verdict"": ""invest"",
  ""confidence"": 85,
  ""rubric_scores"": {
    ""market_potential"": 4,
    ""technical_feasibility"": 5,
    ""business_viability"": 4
  },
  ""reasoning"": ""Strong market potential for educational technology, especially in the remote learning era. The app's features are technically feasible and could provide a unique value proposition. However, the business model and competitive landscape need further exploration to ensure long-term viability.""
}",7,invest,85,4,5,4,"Strong market potential for educational technology, especially in the remote learning era. The app's features are technically feasible and could provide a unique value proposition. However, the business model and competitive landscape need further exploration to ensure long-term viability.",True
CASE_SYN_004,models/Mistral-7B-Instruct-v0.3,models/Mistral-7B-Instruct-v0.3,vllm,http://localhost:8000/v1,C1,8,3bb65d16,0.0,2026-08-28T16:01:37.231613,1," {
  ""score"": 7,
  ""verdict"": ""invest"",
  ""confidence"": 85,
  ""rubric_scores"": {
    ""market_potential"": 4,
    ""technical_feasibility"": 5,
    ""business_viability"": 4
  },
  ""reasoning"": ""Strong market potential for educational technology, especially in the remote learning era. The app's features are technically feasible and could provide a unique value proposition. However, the business model and competitive landscape need further exploration to ensure long-term viability.""
}",7,invest,85,4,5,4,"Strong market potential for educational technology, especially in the remote learning era. The app's features are technically feasible and could provide a unique value proposition. However, the business model and competitive landscape need further exploration to ensure long-term viability.",True
CASE_SYN_004,models/Mistral-7B-Instruct-v0.3,models/Mistral-7B-Instruct-v0.3,vllm,http://localhost:8000/v1,C1,9,3bb65d16,0.0,2026-08-28T16:01:48.475287,1," {
  ""score"": 7,
  ""verdict"": ""invest"",
  ""confidence"": 85,
  ""rubric_scores"": {
    ""market_potential"": 4,
    ""technical_feasibility"": 5,
    ""business_viability"": 4
  },
  ""reasoning"": ""Strong market potential for educational technology, especially in the remote learning era. The app's features are technically feasible and could provide a unique value proposition. However, the business model and competitive landscape need further exploration to ensure long-term viability.""
}",7,invest,85,4,5,4,"Strong market potential for educational technology, especially in the remote learning era. The app's features are technically feasible and could provide a unique value proposition. However, the business model and competitive landscape need further exploration to ensure long-term viability.",True
CASE_SYN_004,models/Mistral-7B-Instruct-v0.3,models/Mistral-7B-Instruct-v0.3,vllm,http://localhost:8000/v1,C1,10,3bb65d16,0.0,2026-08-28T16:01:49.527946,1," {
  ""score"": 7,
  ""verdict"": ""invest"",
  ""confidence"": 85,
  ""rubric_scores"": {
    ""market_potential"": 4,
    ""technical_feasibility"": 5,
    ""business_viability"": 4
  },
  ""reasoning"": ""Strong market potential for educational technology, especially in the remote learning era. The app's features are technically feasible and could provide a unique value proposition. However, the business model and competitive landscape need further exploration to ensure long-term viability.""
}",7,invest,85,4,5,4,"Strong market potential for educational technology, especially in the remote learning era. The app's features are technically feasible and could provide a unique value proposition. However, the business model and competitive landscape need further exploration to ensure long-term viability.",True
CASE_SYN_005,models/Mistral-7B-Instruct-v0.3,models/Mistral-7B-Instruct-v0.3,vllm,http://localhost:8000/v1,C1,1,3bb65d16,0.0,2026-08-28T16:01:47.728599,1," {
  ""score"": 7,
  ""verdict"": ""invest"",
  ""confidence"": 85,
  ""rubric_scores"": {
    ""market_potential"": 4,
    ""technical_feasibility"": 5,
    ""business_viability"": 3
  },
  ""reasoning"": ""The market for self-cleaning water bottles is growing, particularly among hikers and travelers. The technology is feasible with UV-C LED technology. However, the business viability score is lower due to potential competition and the need for effective marketing strategies to reach the target audience.""
}",7,invest,85,4,5,3,"The market for self-cleaning water bottles is growing, particularly among hikers and travelers. The technology is feasible with UV-C LED technology. However, the business viability score is lower due to potential competition and the need for effective marketing strategies to reach the target audience.",True
CASE_SYN_005,models/Mistral-7B-Instruct-v0.3,models/Mistral-7B-Instruct-v0.3,vllm,http://localhost:8000/v1,C1,2,3bb65d16,0.0,2026-08-28T16:01:56.040231,1," {
  ""score"": 7,
  ""verdict"": ""invest"",
  ""confidence"": 85,
  ""rubric_scores"": {
    ""market_potential"": 4,
    ""technical_feasibility"": 5,
    ""business_viability"": 3
  },
  ""reasoning"": ""The market for self-cleaning water bottles is growing, particularly among hikers and travelers. The technology is feasible with UV-C LED technology. However, the business viability score is lower due to potential competition and the need for effective marketing strategies to reach the target audience.""
}",7,invest,85,4,5,3,"The market for self-cleaning water bottles is growing, particularly among hikers and travelers. The technology is feasible with UV-C LED technology. However, the business viability score is lower due to potential competition and the need for effective marketing strategies to reach the target audience.",True
CASE_SYN_005,models/Mistral-7B-Instruct-v0.3,models/Mistral-7B-Instruct-v0.3,vllm,http://localhost:8000/v1,C1,3,3bb65d16,0.0,2026-08-28T16:02:00.492226,1," {
  ""score"": 7,
  ""verdict"": ""invest"",
  ""confidence"": 85,
  ""rubric_scores"": {
    ""market_potential"": 4,
    ""technical_feasibility"": 5,
    ""business_viability"": 4
  },
  ""reasoning"": ""The self-cleaning water bottle concept addresses a real need for hikers and travelers in questionable water areas, demonstrating market potential. The technical feasibility is high given the existing UV-C LED technology. However, the business viability score is lower due to potential competition and the need for effective marketing strategies to reach the target audience.""
}",7,invest,85,4,5,4,"The self-cleaning water bottle concept addresses a real need for hikers and travelers in questionable water areas, demonstrating market potential. The technical feasibility is high given the existing UV-C LED technology. However, the business viability score is lower due to potential competition and the need for effective marketing strategies to reach the target audience.",True
CASE_SYN_005,models/Mistral-7B-Instruct-v0.3,models/Mistral-7B-Instruct-v0.3,vllm,http://localhost:8000/v1,C1,4,3bb65d16,0.0,2026-08-28T16:02:10.039987,1," {
  ""score"": 7,
  ""verdict"": ""invest"",
  ""confidence"": 85,
  ""rubric_scores"": {
    ""market_potential"": 4,
    ""technical_feasibility"": 5,
    ""business_viability"": 4
  },
  ""reasoning"": ""The self-cleaning water bottle concept addresses a real need for hikers and travelers in questionable water areas, demonstrating market potential. The technical feasibility is high given the existing UV-C LED technology. However, the business viability score is lower due to potential competition and the need for effective marketing strategies to reach the target audience.""
}",7,invest,85,4,5,4,"The self-cleaning water bottle concept addresses a real need for hikers and travelers in questionable water areas, demonstrating market potential. The technical feasibility is high given the existing UV-C LED technology. However, the business viability score is lower due to potential competition and the need for effective marketing strategies to reach the target audience.",True
CASE_SYN_005,models/Mistral-7B-Instruct-v0.3,models/Mistral-7B-Instruct-v0.3,vllm,http://localhost:8000/v1,C1,5,3bb65d16,0.0,2026-08-28T16:02:23.837997,1," {
  ""score"": 7,
  ""verdict"": ""invest"",
  ""confidence"": 85,
  ""rubric_scores"": {
    ""market_potential"": 4,
    ""technical_feasibility"": 5,
    ""business_viability"": 3
  },
  ""reasoning"": ""The market for self-cleaning water bottles is growing, particularly among hikers and travelers. The technology is feasible with UV-C LED technology. However, the business viability score is lower due to potential competition and the need for effective marketing strategies to reach the target audience.""
}",7,invest,85,4,5,3,"The market for self-cleaning water bottles is growing, particularly among hikers and travelers. The technology is feasible with UV-C LED technology. However, the business viability score is lower due to potential competition and the need for effective marketing strategies to reach the target audience.",True
CASE_SYN_005,models/Mistral-7B-Instruct-v0.3,models/Mistral-7B-Instruct-v0.3,vllm,http://localhost:8000/v1,C1,6,3bb65d16,0.0,2026-08-28T16:02:24.459918,1," {
  ""score"": 7,
  ""verdict"": ""invest"",
  ""confidence"": 85,
  ""rubric_scores"": {
    ""market_potential"": 4,
    ""technical_feasibility"": 5,
    ""business_viability"": 3
  },
  ""reasoning"": ""The market for self-cleaning water bottles is growing, particularly among hikers and travelers. The technology is feasible with UV-C LED technology. However, the business viability score is lower due to potential competition and the need for effective marketing strategies to reach the target audience.""
}",7,invest,85,4,5,3,"The market for self-cleaning water bottles is growing, particularly among hikers and travelers. The technology is feasible with UV-C LED technology. However, the business viability score is lower due to potential competition and the need for effective marketing strategies to reach the target audience.",True
CASE_SYN_005,models/Mistral-7B-Instruct-v0.3,models/Mistral-7B-Instruct-v0.3,vllm,http://localhost:8000/v1,C1,7,3bb65d16,0.0,2026-08-28T16:02:37.419567,1," {
  ""score"": 7,
  ""verdict"": ""invest"",
  ""confidence"": 85,
  ""rubric_scores"": {
    ""market_potential"": 4,
    ""technical_feasibility"": 5,
    ""business_viability"": 3
  },
  ""reasoning"": ""The market for self-cleaning water bottles is growing, particularly among hikers and travelers. The technology is feasible with UV-C LED technology. However, the business viability score is lower due to potential competition and the need for effective marketing strategies to reach the target audience.""
}",7,invest,85,4,5,3,"The market for self-cleaning water bottles is growing, particularly among hikers and travelers. The technology is feasible with UV-C LED technology. However, the business viability score is lower due to potential competition and the need for effective marketing strategies to reach the target audience.",True
CASE_SYN_005,models/Mistral-7B-Instruct-v0.3,models/Mistral-7B-Instruct-v0.3,vllm,http://localhost:8000/v1,C1,8,3bb65d16,0.0,2026-08-28T16:02:37.621703,1," {
  ""score"": 7,
  ""verdict"": ""invest"",
  ""confidence"": 85,
  ""rubric_scores"": {
    ""market_potential"": 4,
    ""technical_feasibility"": 5,
    ""business_viability"": 3
  },
  ""reasoning"": ""The market for self-cleaning water bottles is growing, particularly among hikers and travelers. The technology is feasible with UV-C LED technology. However, the business viability score is lower due to potential competition and the need for effective marketing strategies to reach the target audience.""
}",7,invest,85,4,5,3,"The market for self-cleaning water bottles is growing, particularly among hikers and travelers. The technology is feasible with UV-C LED technology. However, the business viability score is lower due to potential competition and the need for effective marketing strategies to reach the target audience.",True
CASE_SYN_005,models/Mistral-7B-Instruct-v0.3,models/Mistral-7B-Instruct-v0.3,vllm,http://localhost:8000/v1,C1,9,3bb65d16,0.0,2026-08-28T16:02:49.281027,1," {
  ""score"": 7,
  ""verdict"": ""invest"",
  ""confidence"": 85,
  ""rubric_scores"": {
    ""market_potential"": 4,
    ""technical_feasibility"": 5,
    ""business_viability"": 3
  },
  ""reasoning"": ""The market potential for a self-cleaning water bottle is significant, particularly for hikers and travelers. The technology is feasible with UV-C LED technology being well-established. However, the business viability score is lower due to potential competition and the need for a strong marketing strategy to reach the target audience.""
}",7,invest,85,4,5,3,"The market potential for a self-cleaning water bottle is significant, particularly for hikers and travelers. The technology is feasible with UV-C LED technology being well-established. However, the business viability score is lower due to potential competition and the need for a strong marketing strategy to reach the target audience.",True
CASE_SYN_005,models/Mistral-7B-Instruct-v0.3,models/Mistral-7B-Instruct-v0.3,vllm,http://localhost:8000/v1,C1,10,3bb65d16,0.0,2026-08-28T16:02:50.327787,1," {
  ""score"": 7,
  ""verdict"": ""invest"",
  ""confidence"": 85,
  ""rubric_scores"": {
    ""market_potential"": 4,
    ""technical_feasibility"": 5,
    ""business_viability"": 3
  },
  ""reasoning"": ""The market potential for a self-cleaning water bottle is significant, particularly for hikers and travelers. The technology is feasible with UV-C LED technology being well-established. However, the business viability score is lower due to potential competition and the need for a strong marketing strategy to reach the target audience.""
}",7,invest,85,4,5,3,"The market potential for a self-cleaning water bottle is significant, particularly for hikers and travelers. The technology is feasible with UV-C LED technology being well-established. However, the business viability score is lower due to potential competition and the need for a strong marketing strategy to reach the target audience.",True
CASE_SYN_006,models/Mistral-7B-Instruct-v0.3,models/Mistral-7B-Instruct-v0.3,vllm,http://localhost:8000/v1,C1,1,3bb65d16,0.0,2026-08-28T16:02:50.221524,1," {
  ""score"": 6,
  ""verdict"": ""invest"",
  ""confidence"": 70,
  ""rubric_scores"": {
    ""market_potential"": 4,
    ""technical_feasibility"": 4,
    ""business_viability"": 4
  },
  ""reasoning"": ""The concept of an AI-powered device that interprets pet sounds is intriguing, with a niche market of pet owners who may find this product useful. However, the technical feasibility is questionable due to the complexity of accurately interpreting animal vocalizations and body language. The business viability is also uncertain, as competition in the pet tech market is high. With further development and a clearer business strategy, this idea could have potential.""
}",6,invest,70,4,4,4,"The concept of an AI-powered device that interprets pet sounds is intriguing, with a niche market of pet owners who may find this product useful. However, the technical feasibility is questionable due to the complexity of accurately interpreting animal vocalizations and body language. The business viability is also uncertain, as competition in the pet tech market is high. With further development and a clearer business strategy, this idea could have potential.",True
CASE_SYN_006,models/Mistral-7B-Instruct-v0.3,models/Mistral-7B-Instruct-v0.3,vllm,http://localhost:8000/v1,C1,2,3bb65d16,0.0,2026-08-28T16:02:58.797487,1," {
  ""score"": 6,
  ""verdict"": ""invest"",
  ""confidence"": 70,
  ""rubric_scores"": {
    ""market_potential"": 4,
    ""technical_feasibility"": 4,
    ""business_viability"": 4
  },
  ""reasoning"": ""The concept of an AI-powered device that interprets pet sounds is intriguing, with a niche market of pet owners who may find this product useful. However, the technical feasibility is questionable due to the complexity of accurately interpreting animal vocalizations and body language. The business viability is also uncertain, as competition in the pet tech market is high. With further development and a clearer business strategy, this idea could have potential.""
}",6,invest,70,4,4,4,"The concept of an AI-powered device that interprets pet sounds is intriguing, with a niche market of pet owners who may find this product useful. However, the technical feasibility is questionable due to the complexity of accurately interpreting animal vocalizations and body language. The business viability is also uncertain, as competition in the pet tech market is high. With further development and a clearer business strategy, this idea could have potential.",True
CASE_SYN_006,models/Mistral-7B-Instruct-v0.3,models/Mistral-7B-Instruct-v0.3,vllm,http://localhost:8000/v1,C1,3,3bb65d16,0.0,2026-08-28T16:03:08.778479,1," {
  ""score"": 6,
  ""verdict"": ""invest"",
  ""confidence"": 70,
  ""rubric_scores"": {
    ""market_potential"": 4,
    ""technical_feasibility"": 4,
    ""business_viability"": 4
  },
  ""reasoning"": ""The concept of an AI-powered device that interprets pet sounds is intriguing, with a niche market of pet owners who may find this product useful. However, the technical feasibility is questionable due to the complexity of accurately interpreting animal vocalizations and body language. The business viability is also uncertain, as competition in the pet tech market is high. With further development and a clearer business strategy, this idea could have potential.""
}",6,invest,70,4,4,4,"The concept of an AI-powered device that interprets pet sounds is intriguing, with a niche market of pet owners who may find this product useful. However, the technical feasibility is questionable due to the complexity of accurately interpreting animal vocalizations and body language. The business viability is also uncertain, as competition in the pet tech market is high. With further development and a clearer business strategy, this idea could have potential.",True
CASE_SYN_006,models/Mistral-7B-Instruct-v0.3,models/Mistral-7B-Instruct-v0.3,vllm,http://localhost:8000/v1,C1,4,3bb65d16,0.0,2026-08-28T16:03:18.329985,1," {
  ""score"": 6,
  ""verdict"": ""invest"",
  ""confidence"": 70,
  ""rubric_scores"": {
    ""market_potential"": 4,
    ""technical_feasibility"": 4,
    ""business_viability"": 4
  },
  ""reasoning"": ""The concept of an AI-powered device that interprets pet sounds is intriguing, with a niche market of pet owners who may find this product useful. However, the technical feasibility is questionable due to the complexity of accurately interpreting animal vocalizations and body language. The business viability is also uncertain, as competition in the pet tech market is high. With further development and a clearer business strategy, this idea could have potential.""
}",6,invest,70,4,4,4,"The concept of an AI-powered device that interprets pet sounds is intriguing, with a niche market of pet owners who may find this product useful. However, the technical feasibility is questionable due to the complexity of accurately interpreting animal vocalizations and body language. The business viability is also uncertain, as competition in the pet tech market is high. With further development and a clearer business strategy, this idea could have potential.",True
CASE_SYN_006,models/Mistral-7B-Instruct-v0.3,models/Mistral-7B-Instruct-v0.3,vllm,http://localhost:8000/v1,C1,5,3bb65d16,0.0,2026-08-28T16:03:27.466635,1," {
  ""score"": 6,
  ""verdict"": ""invest"",
  ""confidence"": 70,
  ""rubric_scores"": {
    ""market_potential"": 4,
    ""technical_feasibility"": 4,
    ""business_viability"": 4
  },
  ""reasoning"": ""The concept of an AI-powered device that interprets pet sounds is intriguing, with a niche market of pet owners who may find this product useful. However, the technical feasibility is questionable due to the complexity of accurately interpreting animal vocalizations and body language. The business viability is also uncertain, as competition in the pet tech market is high. With further development and a clearer business strategy, this idea could have potential.""
}",6,invest,70,4,4,4,"The concept of an AI-powered device that interprets pet sounds is intriguing, with a niche market of pet owners who may find this product useful. However, the technical feasibility is questionable due to the complexity of accurately interpreting animal vocalizations and body language. The business viability is also uncertain, as competition in the pet tech market is high. With further development and a clearer business strategy, this idea could have potential.",True
CASE_SYN_006,models/Mistral-7B-Instruct-v0.3,models/Mistral-7B-Instruct-v0.3,vllm,http://localhost:8000/v1,C1,6,3bb65d16,0.0,2026-08-28T16:03:28.091148,1," {
  ""score"": 6,
  ""verdict"": ""invest"",
  ""confidence"": 70,
  ""rubric_scores"": {
    ""market_potential"": 4,
    ""technical_feasibility"": 4,
    ""business_viability"": 4
  },
  ""reasoning"": ""The concept of an AI-powered device that interprets pet sounds is intriguing, with a niche market of pet owners who may find this product useful. However, the technical feasibility is questionable due to the complexity of accurately interpreting animal vocalizations and body language. The business viability is also uncertain, as competition in the pet tech market is high. With further development and a clearer business strategy, this idea could have potential.""
}",6,invest,70,4,4,4,"The concept of an AI-powered device that interprets pet sounds is intriguing, with a niche market of pet owners who may find this product useful. However, the technical feasibility is questionable due to the complexity of accurately interpreting animal vocalizations and body language. The business viability is also uncertain, as competition in the pet tech market is high. With further development and a clearer business strategy, this idea could have potential.",True
CASE_SYN_006,models/Mistral-7B-Instruct-v0.3,models/Mistral-7B-Instruct-v0.3,vllm,http://localhost:8000/v1,C1,7,3bb65d16,0.0,2026-08-28T16:03:41.497200,1," {
  ""score"": 6,
  ""verdict"": ""invest"",
  ""confidence"": 70,
  ""rubric_scores"": {
    ""market_potential"": 4,
    ""technical_feasibility"": 4,
    ""business_viability"": 4
  },
  ""reasoning"": ""The concept of an AI-powered device that interprets pet sounds is intriguing, with a niche market of pet owners who may find this product useful. However, the technical feasibility is questionable due to the complexity of accurately interpreting animal vocalizations and body language. The business viability is also uncertain, as competition in the pet tech market is high. With further development and a clearer business strategy, this idea could have potential.""
}",6,invest,70,4,4,4,"The concept of an AI-powered device that interprets pet sounds is intriguing, with a niche market of pet owners who may find this product useful. However, the technical feasibility is questionable due to the complexity of accurately interpreting animal vocalizations and body language. The business viability is also uncertain, as competition in the pet tech market is high. With further development and a clearer business strategy, this idea could have potential.",True
CASE_SYN_006,models/Mistral-7B-Instruct-v0.3,models/Mistral-7B-Instruct-v0.3,vllm,http://localhost:8000/v1,C1,8,3bb65d16,0.0,2026-08-28T16:03:41.698281,1," {
  ""score"": 6,
  ""verdict"": ""invest"",
  ""confidence"": 70,
  ""rubric_scores"": {
    ""market_potential"": 4,
    ""technical_feasibility"": 4,
    ""business_viability"": 4
  },
  ""reasoning"": ""The concept of an AI-powered device that interprets pet sounds is intriguing, with a niche market of pet owners who may find this product useful. However, the technical feasibility is questionable due to the complexity of accurately interpreting animal vocalizations and body language. The business viability is also uncertain, as competition in the pet tech market is high. With further development and a clearer business strategy, this idea could have potential.""
}",6,invest,70,4,4,4,"The concept of an AI-powered device that interprets pet sounds is intriguing, with a niche market of pet owners who may find this product useful. However, the technical feasibility is questionable due to the complexity of accurately interpreting animal vocalizations and body language. The business viability is also uncertain, as competition in the pet tech market is high. With further development and a clearer business strategy, this idea could have potential.",True
CASE_SYN_007,models/Mistral-7B-Instruct-v0.3,models/Mistral-7B-Instruct-v0.3,vllm,http://localhost:8000/v1,C1,1,3bb65d16,0.0,2026-08-28T16:04:07.492895,1," {
  ""score"": 6,
  ""verdict"": ""pass"",
  ""confidence"": 80,
  ""rubric_scores"": {
    ""market_potential"": 4,
    ""technical_feasibility"": 5,
    ""business_viability"": 3
  },
  ""reasoning"": ""While the technical feasibility of an automated plant monitoring system is high, the market potential is limited to gardening enthusiasts. The business viability is questionable due to the low barrier to entry and potential competition from established brands.""
}",6,pass,80,4,5,3,"While the technical feasibility of an automated plant monitoring system is high, the market potential is limited to gardening enthusiasts. The business viability is questionable due to the low barrier to entry and potential competition from established brands.",True
CASE_SYN_007,models/Mistral-7B-Instruct-v0.3,models/Mistral-7B-Instruct-v0.3,vllm,http://localhost:8000/v1,C1,2,3bb65d16,0.0,2026-08-28T16:04:15.806985,1," {
  ""score"": 6,
  ""verdict"": ""pass"",
  ""confidence"": 80,
  ""rubric_scores"": {
    ""market_potential"": 4,
    ""technical_feasibility"": 5,
    ""business_viability"": 3
  },
  ""reasoning"": ""While the idea has technical feasibility, the market potential is limited to gardening enthusiasts. The business viability is questionable due to competition and potential low customer lifetime value.""
}",6,pass,80,4,5,3,"While the idea has technical feasibility, the market potential is limited to gardening enthusiasts. The business viability is questionable due to competition and potential low customer lifetime value.",True
CASE_SYN_006,models/Mistral-7B-Instruct-v0.3,models/Mistral-7B-Instruct-v0.3,vllm,http://localhost:8000/v1,C1,9,3bb65d16,0.0,2026-08-28T16:03:57.605736,1," {
  ""score"": 6,
  ""verdict"": ""invest"",
  ""confidence"": 70,
  ""rubric_scores"": {
    ""market_potential"": 4,
    ""technical_feasibility"": 4,
    ""business_viability"": 4
  },
  ""reasoning"": ""The concept of an AI-powered device that interprets pet sounds is intriguing, with a niche market of pet owners who may find this product useful. However, the technical feasibility is questionable due to the complexity of accurately interpreting animal vocalizations and body language. The business viability is also uncertain, as competition in the pet tech market is high. With further development and a clearer business strategy, this idea could have potential.""
}",6,invest,70,4,4,4,"The concept of an AI-powered device that interprets pet sounds is intriguing, with a niche market of pet owners who may find this product useful. However, the technical feasibility is questionable due to the complexity of accurately interpreting animal vocalizations and body language. The business viability is also uncertain, as competition in the pet tech market is high. With further development and a clearer business strategy, this idea could have potential.",True
CASE_SYN_006,models/Mistral-7B-Instruct-v0.3,models/Mistral-7B-Instruct-v0.3,vllm,http://localhost:8000/v1,C1,10,3bb65d16,0.0,2026-08-28T16:03:58.657662,1," {
  ""score"": 6,
  ""verdict"": ""invest"",
  ""confidence"": 70,
  ""rubric_scores"": {
    ""market_potential"": 4,
    ""technical_feasibility"": 4,
    ""business_viability"": 4
  },
  ""reasoning"": ""The concept of an AI-powered device that interprets pet sounds is intriguing, with a niche market of pet owners who may find this product useful. However, the technical feasibility is questionable due to the complexity of accurately interpreting animal vocalizations and body language. The business viability is also uncertain, as competition in the pet tech market is high. With further development and a clearer business strategy, this idea could have potential.""
}",6,invest,70,4,4,4,"The concept of an AI-powered device that interprets pet sounds is intriguing, with a niche market of pet owners who may find this product useful. However, the technical feasibility is questionable due to the complexity of accurately interpreting animal vocalizations and body language. The business viability is also uncertain, as competition in the pet tech market is high. With further development and a clearer business strategy, this idea could have potential.",True
CASE_SYN_007,models/Mistral-7B-Instruct-v0.3,models/Mistral-7B-Instruct-v0.3,vllm,http://localhost:8000/v1,C1,3,3bb65d16,0.0,2026-08-28T16:04:26.229021,1," {
  ""score"": 6,
  ""verdict"": ""pass"",
  ""confidence"": 80,
  ""rubric_scores"": {
    ""market_potential"": 4,
    ""technical_feasibility"": 5,
    ""business_viability"": 3
  },
  ""reasoning"": ""While the idea has technical feasibility, the market potential is limited to gardening enthusiasts. The business viability is questionable due to competition and potential low customer lifetime value.""
}",6,pass,80,4,5,3,"While the idea has technical feasibility, the market potential is limited to gardening enthusiasts. The business viability is questionable due to competition and potential low customer lifetime value.",True
CASE_SYN_007,models/Mistral-7B-Instruct-v0.3,models/Mistral-7B-Instruct-v0.3,vllm,http://localhost:8000/v1,C1,4,3bb65d16,0.0,2026-08-28T16:04:35.799996,1," {
  ""score"": 6,
  ""verdict"": ""pass"",
  ""confidence"": 80,
  ""rubric_scores"": {
    ""market_potential"": 4,
    ""technical_feasibility"": 5,
    ""business_viability"": 3
  },
  ""reasoning"": ""While the idea has technical feasibility, the market potential is limited to gardening enthusiasts. The business viability is questionable due to competition and potential low customer lifetime value.""
}",6,pass,80,4,5,3,"While the idea has technical feasibility, the market potential is limited to gardening enthusiasts. The business viability is questionable due to competition and potential low customer lifetime value.",True
CASE_SYN_007,models/Mistral-7B-Instruct-v0.3,models/Mistral-7B-Instruct-v0.3,vllm,http://localhost:8000/v1,C1,6,3bb65d16,0.0,2026-08-28T16:04:45.988002,1," {
  ""score"": 6,
  ""verdict"": ""pass"",
  ""confidence"": 80,
  ""rubric_scores"": {
    ""market_potential"": 4,
    ""technical_feasibility"": 5,
    ""business_viability"": 3
  },
  ""reasoning"": ""While the idea has technical feasibility, the market potential is limited to gardening enthusiasts. The business viability is questionable due to competition and potential low customer lifetime value.""
}",6,pass,80,4,5,3,"While the idea has technical feasibility, the market potential is limited to gardening enthusiasts. The business viability is questionable due to competition and potential low customer lifetime value.",True
CASE_SYN_007,models/Mistral-7B-Instruct-v0.3,models/Mistral-7B-Instruct-v0.3,vllm,http://localhost:8000/v1,C1,5,3bb65d16,0.0,2026-08-28T16:04:45.366026,1," {
  ""score"": 6,
  ""verdict"": ""pass"",
  ""confidence"": 80,
  ""rubric_scores"": {
    ""market_potential"": 4,
    ""technical_feasibility"": 5,
    ""business_viability"": 3
  },
  ""reasoning"": ""While the technical feasibility of an automated plant monitoring system is high, the market potential is limited to gardening enthusiasts. The business viability is questionable due to the low barrier to entry and potential competition from established brands.""
}",6,pass,80,4,5,3,"While the technical feasibility of an automated plant monitoring system is high, the market potential is limited to gardening enthusiasts. The business viability is questionable due to the low barrier to entry and potential competition from established brands.",True
CASE_SYN_007,models/Mistral-7B-Instruct-v0.3,models/Mistral-7B-Instruct-v0.3,vllm,http://localhost:8000/v1,C1,7,3bb65d16,0.0,2026-08-28T16:04:59.797344,1," {
  ""score"": 6,
  ""verdict"": ""pass"",
  ""confidence"": 80,
  ""rubric_scores"": {
    ""market_potential"": 4,
    ""technical_feasibility"": 5,
    ""business_viability"": 3
  },
  ""reasoning"": ""While the technical feasibility of an automated plant monitoring system is high, the market potential is limited to gardening enthusiasts. The business viability is questionable due to the low barrier to entry and potential competition from established brands.""
}",6,pass,80,4,5,3,"While the technical feasibility of an automated plant monitoring system is high, the market potential is limited to gardening enthusiasts. The business viability is questionable due to the low barrier to entry and potential competition from established brands.",True
CASE_SYN_007,models/Mistral-7B-Instruct-v0.3,models/Mistral-7B-Instruct-v0.3,vllm,http://localhost:8000/v1,C1,8,3bb65d16,0.0,2026-08-28T16:04:59.998006,1," {
  ""score"": 6,
  ""verdict"": ""pass"",
  ""confidence"": 80,
  ""rubric_scores"": {
    ""market_potential"": 4,
    ""technical_feasibility"": 5,
    ""business_viability"": 3
  },
  ""reasoning"": ""While the technical feasibility of an automated plant monitoring system is high, the market potential is limited to gardening enthusiasts. The business viability is questionable due to the low barrier to entry and potential competition from established brands.""
}",6,pass,80,4,5,3,"While the technical feasibility of an automated plant monitoring system is high, the market potential is limited to gardening enthusiasts. The business viability is questionable due to the low barrier to entry and potential competition from established brands.",True
CASE_SYN_007,models/Mistral-7B-Instruct-v0.3,models/Mistral-7B-Instruct-v0.3,vllm,http://localhost:8000/v1,C1,10,3bb65d16,0.0,2026-08-28T16:05:09.742035,1," {
  ""score"": 6,
  ""verdict"": ""pass"",
  ""confidence"": 80,
  ""rubric_scores"": {
    ""market_potential"": 4,
    ""technical_feasibility"": 5,
    ""business_viability"": 3
  },
  ""reasoning"": ""While the idea has technical feasibility, the market potential is limited to gardening enthusiasts. The business viability is questionable due to competition and potential low customer lifetime value.""
}",6,pass,80,4,5,3,"While the idea has technical feasibility, the market potential is limited to gardening enthusiasts. The business viability is questionable due to competition and potential low customer lifetime value.",True
CASE_SYN_007,models/Mistral-7B-Instruct-v0.3,models/Mistral-7B-Instruct-v0.3,vllm,http://localhost:8000/v1,C1,9,3bb65d16,0.0,2026-08-28T16:05:05.709024,1," {
  ""score"": 6,
  ""verdict"": ""pass"",
  ""confidence"": 80,
  ""rubric_scores"": {
    ""market_potential"": 4,
    ""technical_feasibility"": 5,
    ""business_viability"": 3
  },
  ""reasoning"": ""While the technical feasibility of an automated plant monitoring system is high, the market potential is limited to gardening enthusiasts. The business viability is questionable due to the low barrier to entry and potential competition from established brands.""
}",6,pass,80,4,5,3,"While the technical feasibility of an automated plant monitoring system is high, the market potential is limited to gardening enthusiasts. The business viability is questionable due to the low barrier to entry and potential competition from established brands.",True
CASE_SYN_008,models/Mistral-7B-Instruct-v0.3,models/Mistral-7B-Instruct-v0.3,vllm,http://localhost:8000/v1,C1,1,3bb65d16,0.0,2026-08-28T16:05:14.743116,1," {
  ""score"": 7,
  ""verdict"": ""invest"",
  ""confidence"": 85,
  ""rubric_scores"": {
    ""market_potential"": 4,
    ""technical_feasibility"": 4,
    ""business_viability"": 5
  },
  ""reasoning"": ""FitSwap addresses a growing demand for flexible fitness solutions, demonstrating market potential. While the technical implementation may present challenges, the peer-to-peer model is feasible. The business model's viability is strengthened by the recurring nature of gym memberships and class attendance.""
}",7,invest,85,4,4,5,"FitSwap addresses a growing demand for flexible fitness solutions, demonstrating market potential. While the technical implementation may present challenges, the peer-to-peer model is feasible. The business model's viability is strengthened by the recurring nature of gym memberships and class attendance.",True
CASE_SYN_008,models/Mistral-7B-Instruct-v0.3,models/Mistral-7B-Instruct-v0.3,vllm,http://localhost:8000/v1,C1,2,3bb65d16,0.0,2026-08-28T16:05:15.795795,1," {
  ""score"": 7,
  ""verdict"": ""invest"",
  ""confidence"": 85,
  ""rubric_scores"": {
    ""market_potential"": 4,
    ""technical_feasibility"": 4,
    ""business_viability"": 5
  },
  ""reasoning"": ""FitSwap addresses a growing demand for flexible fitness options, demonstrating market potential. While the technical implementation may present challenges, the peer-to-peer model is feasible. The business model's viability is strengthened by the recurring nature of gym memberships and class attendance.""
}",7,invest,85,4,4,5,"FitSwap addresses a growing demand for flexible fitness options, demonstrating market potential. While the technical implementation may present challenges, the peer-to-peer model is feasible. The business model's viability is strengthened by the recurring nature of gym memberships and class attendance.",True
CASE_SYN_008,models/Mistral-7B-Instruct-v0.3,models/Mistral-7B-Instruct-v0.3,vllm,http://localhost:8000/v1,C1,3,3bb65d16,0.0,2026-08-28T16:05:19.013993,1," {
  ""score"": 7,
  ""verdict"": ""invest"",
  ""confidence"": 85,
  ""rubric_scores"": {
    ""market_potential"": 4,
    ""technical_feasibility"": 4,
    ""business_viability"": 5
  },
  ""reasoning"": ""FitSwap addresses a growing demand for flexible fitness options, demonstrating market potential. While the technical implementation may present challenges, the peer-to-peer model is feasible. The business model's viability is strengthened by the recurring nature of gym memberships and class attendance.""
}",7,invest,85,4,4,5,"FitSwap addresses a growing demand for flexible fitness options, demonstrating market potential. While the technical implementation may present challenges, the peer-to-peer model is feasible. The business model's viability is strengthened by the recurring nature of gym memberships and class attendance.",True
CASE_SYN_008,models/Mistral-7B-Instruct-v0.3,models/Mistral-7B-Instruct-v0.3,vllm,http://localhost:8000/v1,C1,4,3bb65d16,0.0,2026-08-28T16:05:28.550520,1," {
  ""score"": 7,
  ""verdict"": ""invest"",
  ""confidence"": 85,
  ""rubric_scores"": {
    ""market_potential"": 4,
    ""technical_feasibility"": 4,
    ""business_viability"": 5
  },
  ""reasoning"": ""FitSwap addresses a growing demand for flexible fitness solutions, demonstrating market potential. While the technical implementation may present challenges, the peer-to-peer model is feasible. The business model's viability is strengthened by the recurring nature of gym memberships and class attendance.""
}",7,invest,85,4,4,5,"FitSwap addresses a growing demand for flexible fitness solutions, demonstrating market potential. While the technical implementation may present challenges, the peer-to-peer model is feasible. The business model's viability is strengthened by the recurring nature of gym memberships and class attendance.",True
CASE_SYN_008,models/Mistral-7B-Instruct-v0.3,models/Mistral-7B-Instruct-v0.3,vllm,http://localhost:8000/v1,C1,5,3bb65d16,0.0,2026-08-28T16:05:38.944014,1," {
  ""score"": 7,
  ""verdict"": ""invest"",
  ""confidence"": 85,
  ""rubric_scores"": {
    ""market_potential"": 4,
    ""technical_feasibility"": 4,
    ""business_viability"": 5
  },
  ""reasoning"": ""FitSwap addresses a growing demand for flexible fitness options, demonstrating market potential. While the technical implementation may present challenges, the peer-to-peer model is feasible. The business model's viability is strengthened by the recurring nature of gym memberships and class attendance.""
}",7,invest,85,4,4,5,"FitSwap addresses a growing demand for flexible fitness options, demonstrating market potential. While the technical implementation may present challenges, the peer-to-peer model is feasible. The business model's viability is strengthened by the recurring nature of gym memberships and class attendance.",True
CASE_SYN_008,models/Mistral-7B-Instruct-v0.3,models/Mistral-7B-Instruct-v0.3,vllm,http://localhost:8000/v1,C1,6,3bb65d16,0.0,2026-08-28T16:05:42.964381,1," {
  ""score"": 7,
  ""verdict"": ""invest"",
  ""confidence"": 85,
  ""rubric_scores"": {
    ""market_potential"": 4,
    ""technical_feasibility"": 4,
    ""business_viability"": 5
  },
  ""reasoning"": ""FitSwap addresses a growing demand for flexible fitness solutions, demonstrating market potential. While the technical implementation may present challenges, the peer-to-peer model is feasible. The business model's viability is strengthened by the recurring nature of gym memberships and class attendance.""
}",7,invest,85,4,4,5,"FitSwap addresses a growing demand for flexible fitness solutions, demonstrating market potential. While the technical implementation may present challenges, the peer-to-peer model is feasible. The business model's viability is strengthened by the recurring nature of gym memberships and class attendance.",True
CASE_SYN_008,models/Mistral-7B-Instruct-v0.3,models/Mistral-7B-Instruct-v0.3,vllm,http://localhost:8000/v1,C1,7,3bb65d16,0.0,2026-08-28T16:05:57.597202,1," {
  ""score"": 7,
  ""verdict"": ""invest"",
  ""confidence"": 85,
  ""rubric_scores"": {
    ""market_potential"": 4,
    ""technical_feasibility"": 4,
    ""business_viability"": 5
  },
  ""reasoning"": ""FitSwap addresses a growing demand for flexible fitness solutions, demonstrating market potential. While the technical implementation may present challenges, the peer-to-peer model is feasible. The business model's viability is strengthened by the recurring nature of gym memberships and class attendance.""
}",7,invest,85,4,4,5,"FitSwap addresses a growing demand for flexible fitness solutions, demonstrating market potential. While the technical implementation may present challenges, the peer-to-peer model is feasible. The business model's viability is strengthened by the recurring nature of gym memberships and class attendance.",True
CASE_SYN_008,models/Mistral-7B-Instruct-v0.3,models/Mistral-7B-Instruct-v0.3,vllm,http://localhost:8000/v1,C1,8,3bb65d16,0.0,2026-08-28T16:05:57.800359,1," {
  ""score"": 7,
  ""verdict"": ""invest"",
  ""confidence"": 85,
  ""rubric_scores"": {
    ""market_potential"": 4,
    ""technical_feasibility"": 4,
    ""business_viability"": 5
  },
  ""reasoning"": ""FitSwap addresses a growing demand for flexible fitness solutions, demonstrating market potential. While the technical implementation may present challenges, the peer-to-peer model is feasible. The business model's viability is strengthened by the recurring nature of gym memberships and class attendance.""
}",7,invest,85,4,4,5,"FitSwap addresses a growing demand for flexible fitness solutions, demonstrating market potential. While the technical implementation may present challenges, the peer-to-peer model is feasible. The business model's viability is strengthened by the recurring nature of gym memberships and class attendance.",True
CASE_SYN_008,models/Mistral-7B-Instruct-v0.3,models/Mistral-7B-Instruct-v0.3,vllm,http://localhost:8000/v1,C1,9,3bb65d16,0.0,2026-08-28T16:06:03.517464,1," {
  ""score"": 7,
  ""verdict"": ""invest"",
  ""confidence"": 85,
  ""rubric_scores"": {
    ""market_potential"": 4,
    ""technical_feasibility"": 4,
    ""business_viability"": 5
  },
  ""reasoning"": ""FitSwap addresses a growing demand for flexible fitness options, demonstrating market potential. While the technical implementation may present challenges, the peer-to-peer model is feasible. The business model's viability is strengthened by the recurring nature of gym memberships and class attendance.""
}",7,invest,85,4,4,5,"FitSwap addresses a growing demand for flexible fitness options, demonstrating market potential. While the technical implementation may present challenges, the peer-to-peer model is feasible. The business model's viability is strengthened by the recurring nature of gym memberships and class attendance.",True
CASE_SYN_008,models/Mistral-7B-Instruct-v0.3,models/Mistral-7B-Instruct-v0.3,vllm,http://localhost:8000/v1,C1,10,3bb65d16,0.0,2026-08-28T16:06:04.153040,1," {
  ""score"": 7,
  ""verdict"": ""invest"",
  ""confidence"": 85,
  ""rubric_scores"": {
    ""market_potential"": 4,
    ""technical_feasibility"": 4,
    ""business_viability"": 5
  },
  ""reasoning"": ""FitSwap addresses a growing demand for flexible fitness solutions, demonstrating market potential. While the technical implementation may present challenges, the peer-to-peer model is feasible. The business model's viability is strengthened by the recurring nature of gym memberships and class attendance.""
}",7,invest,85,4,4,5,"FitSwap addresses a growing demand for flexible fitness solutions, demonstrating market potential. While the technical implementation may present challenges, the peer-to-peer model is feasible. The business model's viability is strengthened by the recurring nature of gym memberships and class attendance.",True
CASE_SYN_009,models/Mistral-7B-Instruct-v0.3,models/Mistral-7B-Instruct-v0.3,vllm,http://localhost:8000/v1,C1,1,3bb65d16,0.0,2026-08-28T16:06:17.608643,1," {
  ""score"": 7,
  ""verdict"": ""invest"",
  ""confidence"": 85,
  ""rubric_scores"": {
    ""market_potential"": 4,
    ""technical_feasibility"": 5,
    ""business_viability"": 4
  },
  ""reasoning"": ""The modular standing desk concept addresses a growing trend towards ergonomic and customizable workspaces. While market potential is strong, competition is high. However, the technical feasibility is high due to existing solutions in the market. Business viability is moderate due to the need for effective marketing and a unique selling proposition.""
}",7,invest,85,4,5,4,"The modular standing desk concept addresses a growing trend towards ergonomic and customizable workspaces. While market potential is strong, competition is high. However, the technical feasibility is high due to existing solutions in the market. Business viability is moderate due to the need for effective marketing and a unique selling proposition.",True
CASE_SYN_009,models/Mistral-7B-Instruct-v0.3,models/Mistral-7B-Instruct-v0.3,vllm,http://localhost:8000/v1,C1,2,3bb65d16,0.0,2026-08-28T16:06:18.653832,1," {
  ""score"": 7,
  ""verdict"": ""invest"",
  ""confidence"": 85,
  ""rubric_scores"": {
    ""market_potential"": 4,
    ""technical_feasibility"": 5,
    ""business_viability"": 4
  },
  ""reasoning"": ""The modular standing desk concept addresses a growing trend towards ergonomic and customizable workspaces. While market potential is strong, competition is high. However, the technical feasibility is high due to existing solutions in the market. Business viability is moderate due to the need for effective marketing and differentiation strategies.""
}",7,invest,85,4,5,4,"The modular standing desk concept addresses a growing trend towards ergonomic and customizable workspaces. While market potential is strong, competition is high. However, the technical feasibility is high due to existing solutions in the market. Business viability is moderate due to the need for effective marketing and differentiation strategies.",True
CASE_SYN_009,models/Mistral-7B-Instruct-v0.3,models/Mistral-7B-Instruct-v0.3,vllm,http://localhost:8000/v1,C1,3,3bb65d16,0.0,2026-08-28T16:06:22.297994,1," {
  ""score"": 7,
  ""verdict"": ""invest"",
  ""confidence"": 85,
  ""rubric_scores"": {
    ""market_potential"": 4,
    ""technical_feasibility"": 5,
    ""business_viability"": 4
  },
  ""reasoning"": ""The modular standing desk concept addresses a growing trend towards ergonomic and customizable workspaces. While market potential is strong, competition is high. However, the technical feasibility is high due to existing solutions in modular furniture. Business viability is moderate due to the need for effective marketing and differentiation.""
}",7,invest,85,4,5,4,"The modular standing desk concept addresses a growing trend towards ergonomic and customizable workspaces. While market potential is strong, competition is high. However, the technical feasibility is high due to existing solutions in modular furniture. Business viability is moderate due to the need for effective marketing and differentiation.",True
CASE_SYN_009,models/Mistral-7B-Instruct-v0.3,models/Mistral-7B-Instruct-v0.3,vllm,http://localhost:8000/v1,C1,4,3bb65d16,0.0,2026-08-28T16:06:31.846591,1," {
  ""score"": 7,
  ""verdict"": ""invest"",
  ""confidence"": 85,
  ""rubric_scores"": {
    ""market_potential"": 4,
    ""technical_feasibility"": 5,
    ""business_viability"": 4
  },
  ""reasoning"": ""The modular standing desk concept addresses a growing trend towards ergonomic and customizable workspaces. While market potential is strong, competition is high. However, the technical feasibility is high due to existing solutions in the market. Business viability is moderate due to the need for effective marketing and differentiation strategies.""
}",7,invest,85,4,5,4,"The modular standing desk concept addresses a growing trend towards ergonomic and customizable workspaces. While market potential is strong, competition is high. However, the technical feasibility is high due to existing solutions in the market. Business viability is moderate due to the need for effective marketing and differentiation strategies.",True
CASE_SYN_009,models/Mistral-7B-Instruct-v0.3,models/Mistral-7B-Instruct-v0.3,vllm,http://localhost:8000/v1,C1,5,3bb65d16,0.0,2026-08-28T16:06:42.653461,1," {
  ""score"": 7,
  ""verdict"": ""invest"",
  ""confidence"": 85,
  ""rubric_scores"": {
    ""market_potential"": 4,
    ""technical_feasibility"": 5,
    ""business_viability"": 4
  },
  ""reasoning"": ""The modular standing desk concept addresses a growing trend towards ergonomic and customizable workspaces. While market potential is strong, competition is high. However, the technical feasibility is high due to existing solutions in the market. Business viability is moderate due to the need for effective marketing and differentiation strategies.""
}",7,invest,85,4,5,4,"The modular standing desk concept addresses a growing trend towards ergonomic and customizable workspaces. While market potential is strong, competition is high. However, the technical feasibility is high due to existing solutions in the market. Business viability is moderate due to the need for effective marketing and differentiation strategies.",True
CASE_SYN_009,models/Mistral-7B-Instruct-v0.3,models/Mistral-7B-Instruct-v0.3,vllm,http://localhost:8000/v1,C1,6,3bb65d16,0.0,2026-08-28T16:06:46.683431,1," {
  ""score"": 7,
  ""verdict"": ""invest"",
  ""confidence"": 85,
  ""rubric_scores"": {
    ""market_potential"": 4,
    ""technical_feasibility"": 5,
    ""business_viability"": 4
  },
  ""reasoning"": ""The modular standing desk concept addresses a growing trend towards ergonomic and customizable workspaces. While market potential is strong, competition is high. However, the technical feasibility is high due to existing solutions in the market. Business viability is moderate due to the need for effective marketing and differentiation strategies.""
}",7,invest,85,4,5,4,"The modular standing desk concept addresses a growing trend towards ergonomic and customizable workspaces. While market potential is strong, competition is high. However, the technical feasibility is high due to existing solutions in the market. Business viability is moderate due to the need for effective marketing and differentiation strategies.",True
CASE_SYN_009,models/Mistral-7B-Instruct-v0.3,models/Mistral-7B-Instruct-v0.3,vllm,http://localhost:8000/v1,C1,7,3bb65d16,0.0,2026-08-28T16:07:01.774486,1," {
  ""score"": 7,
  ""verdict"": ""invest"",
  ""confidence"": 85,
  ""rubric_scores"": {
    ""market_potential"": 4,
    ""technical_feasibility"": 5,
    ""business_viability"": 4
  },
  ""reasoning"": ""The modular standing desk concept addresses a growing trend towards ergonomic and customizable workspaces. While market potential is strong, competition is high. However, the technical feasibility is high due to existing solutions in the market. Business viability is moderate due to the need for effective marketing and differentiation strategies.""
}",7,invest,85,4,5,4,"The modular standing desk concept addresses a growing trend towards ergonomic and customizable workspaces. While market potential is strong, competition is high. However, the technical feasibility is high due to existing solutions in the market. Business viability is moderate due to the need for effective marketing and differentiation strategies.",True
CASE_SYN_009,models/Mistral-7B-Instruct-v0.3,models/Mistral-7B-Instruct-v0.3,vllm,http://localhost:8000/v1,C1,8,3bb65d16,0.0,2026-08-28T16:07:01.972583,1," {
  ""score"": 7,
  ""verdict"": ""invest"",
  ""confidence"": 85,
  ""rubric_scores"": {
    ""market_potential"": 4,
    ""technical_feasibility"": 5,
    ""business_viability"": 4
  },
  ""reasoning"": ""The modular standing desk concept addresses a growing trend towards ergonomic and customizable workspaces. While market potential is strong, competition is high. However, the technical feasibility is high due to existing solutions in the market. Business viability is moderate due to the need for effective marketing and differentiation strategies.""
}",7,invest,85,4,5,4,"The modular standing desk concept addresses a growing trend towards ergonomic and customizable workspaces. While market potential is strong, competition is high. However, the technical feasibility is high due to existing solutions in the market. Business viability is moderate due to the need for effective marketing and differentiation strategies.",True
CASE_SYN_009,models/Mistral-7B-Instruct-v0.3,models/Mistral-7B-Instruct-v0.3,vllm,http://localhost:8000/v1,C1,9,3bb65d16,0.0,2026-08-28T16:07:08.099009,1," {
  ""score"": 7,
  ""verdict"": ""invest"",
  ""confidence"": 85,
  ""rubric_scores"": {
    ""market_potential"": 4,
    ""technical_feasibility"": 5,
    ""business_viability"": 4
  },
  ""reasoning"": ""The modular standing desk concept addresses a growing trend towards ergonomic and customizable workspaces. While market potential is strong, competition is high. However, the technical feasibility is high due to existing solutions in the market. Business viability is moderate due to the need for effective marketing and differentiation strategies.""
}",7,invest,85,4,5,4,"The modular standing desk concept addresses a growing trend towards ergonomic and customizable workspaces. While market potential is strong, competition is high. However, the technical feasibility is high due to existing solutions in the market. Business viability is moderate due to the need for effective marketing and differentiation strategies.",True
CASE_SYN_009,models/Mistral-7B-Instruct-v0.3,models/Mistral-7B-Instruct-v0.3,vllm,http://localhost:8000/v1,C1,10,3bb65d16,0.0,2026-08-28T16:07:08.722994,1," {
  ""score"": 7,
  ""verdict"": ""invest"",
  ""confidence"": 85,
  ""rubric_scores"": {
    ""market_potential"": 4,
    ""technical_feasibility"": 5,
    ""business_viability"": 4
  },
  ""reasoning"": ""The modular standing desk concept addresses a growing trend towards ergonomic and customizable workspaces. While market potential is strong, competition is high. However, the technical feasibility is high due to existing solutions in the market. Business viability is moderate due to the need for effective marketing and differentiation strategies.""
}",7,invest,85,4,5,4,"The modular standing desk concept addresses a growing trend towards ergonomic and customizable workspaces. While market potential is strong, competition is high. However, the technical feasibility is high due to existing solutions in the market. Business viability is moderate due to the need for effective marketing and differentiation strategies.",True
CASE_SYN_010,models/Mistral-7B-Instruct-v0.3,models/Mistral-7B-Instruct-v0.3,vllm,http://localhost:8000/v1,C1,1,3bb65d16,0.0,2026-08-28T16:07:23.048480,1," {
  ""score"": 7,
  ""verdict"": ""invest"",
  ""confidence"": 85,
  ""rubric_scores"": {
    ""market_potential"": 4,
    ""technical_feasibility"": 5,
    ""business_viability"": 4
  },
  ""reasoning"": ""The SleepScore Alarm addresses a growing market concern (sleep health) with a unique solution (non-contact radar). While the market potential is promising, the business viability could be improved by addressing competition and pricing strategies.""
}",7,invest,85,4,5,4,"The SleepScore Alarm addresses a growing market concern (sleep health) with a unique solution (non-contact radar). While the market potential is promising, the business viability could be improved by addressing competition and pricing strategies.",True
CASE_SYN_010,models/Mistral-7B-Instruct-v0.3,models/Mistral-7B-Instruct-v0.3,vllm,http://localhost:8000/v1,C1,2,3bb65d16,0.0,2026-08-28T16:07:23.671993,1," {
  ""score"": 7,
  ""verdict"": ""invest"",
  ""confidence"": 85,
  ""rubric_scores"": {
    ""market_potential"": 4,
    ""technical_feasibility"": 5,
    ""business_viability"": 4
  },
  ""reasoning"": ""The SleepScore Alarm addresses a growing market concern (sleep health) with a unique solution (non-contact radar). While the market potential is promising, the business viability could be improved by addressing competition and pricing strategies.""
}",7,invest,85,4,5,4,"The SleepScore Alarm addresses a growing market concern (sleep health) with a unique solution (non-contact radar). While the market potential is promising, the business viability could be improved by addressing competition and pricing strategies.",True
CASE_SYN_010,models/Mistral-7B-Instruct-v0.3,models/Mistral-7B-Instruct-v0.3,vllm,http://localhost:8000/v1,C1,3,3bb65d16,0.0,2026-08-28T16:07:27.736445,1," {
  ""score"": 7,
  ""verdict"": ""invest"",
  ""confidence"": 85,
  ""rubric_scores"": {
    ""market_potential"": 4,
    ""technical_feasibility"": 5,
    ""business_viability"": 4
  },
  ""reasoning"": ""The SleepScore Alarm addresses a growing market concern (sleep health) with a unique solution (non-contact radar). While the market potential is promising, the business viability could be improved by addressing competition and pricing strategies.""
}",7,invest,85,4,5,4,"The SleepScore Alarm addresses a growing market concern (sleep health) with a unique solution (non-contact radar). While the market potential is promising, the business viability could be improved by addressing competition and pricing strategies.",True
CASE_SYN_010,models/Mistral-7B-Instruct-v0.3,models/Mistral-7B-Instruct-v0.3,vllm,http://localhost:8000/v1,C1,4,3bb65d16,0.0,2026-08-28T16:07:37.266013,1," {
  ""score"": 7,
  ""verdict"": ""invest"",
  ""confidence"": 85,
  ""rubric_scores"": {
    ""market_potential"": 4,
    ""technical_feasibility"": 5,
    ""business_viability"": 4
  },
  ""reasoning"": ""The SleepScore Alarm addresses a growing market concern (sleep health) with a unique solution (non-contact radar). While the market potential is promising, the business viability could be improved by addressing competition and pricing strategies.""
}",7,invest,85,4,5,4,"The SleepScore Alarm addresses a growing market concern (sleep health) with a unique solution (non-contact radar). While the market potential is promising, the business viability could be improved by addressing competition and pricing strategies.",True
CASE_SYN_010,models/Mistral-7B-Instruct-v0.3,models/Mistral-7B-Instruct-v0.3,vllm,http://localhost:8000/v1,C1,5,3bb65d16,0.0,2026-08-28T16:07:48.493062,1," {
  ""score"": 7,
  ""verdict"": ""invest"",
  ""confidence"": 85,
  ""rubric_scores"": {
    ""market_potential"": 4,
    ""technical_feasibility"": 5,
    ""business_viability"": 4
  },
  ""reasoning"": ""The SleepScore Alarm addresses a growing market concern (sleep health) with a unique solution (non-contact radar). While the market potential is promising, the business viability could be improved by addressing competition and pricing strategies.""
}",7,invest,85,4,5,4,"The SleepScore Alarm addresses a growing market concern (sleep health) with a unique solution (non-contact radar). While the market potential is promising, the business viability could be improved by addressing competition and pricing strategies.",True
CASE_SYN_010,models/Mistral-7B-Instruct-v0.3,models/Mistral-7B-Instruct-v0.3,vllm,http://localhost:8000/v1,C1,6,3bb65d16,0.0,2026-08-28T16:07:52.510170,1," {
  ""score"": 7,
  ""verdict"": ""invest"",
  ""confidence"": 85,
  ""rubric_scores"": {
    ""market_potential"": 4,
    ""technical_feasibility"": 5,
    ""business_viability"": 4
  },
  ""reasoning"": ""The SleepScore Alarm addresses a growing market concern (sleep health) with a unique solution (non-contact radar). While the market potential is promising, the business viability could be improved by addressing competition and pricing strategies.""
}",7,invest,85,4,5,4,"The SleepScore Alarm addresses a growing market concern (sleep health) with a unique solution (non-contact radar). While the market potential is promising, the business viability could be improved by addressing competition and pricing strategies.",True
CASE_SYN_010,models/Mistral-7B-Instruct-v0.3,models/Mistral-7B-Instruct-v0.3,vllm,http://localhost:8000/v1,C1,7,3bb65d16,0.0,2026-08-28T16:08:07.990437,1," {
  ""score"": 7,
  ""verdict"": ""invest"",
  ""confidence"": 85,
  ""rubric_scores"": {
    ""market_potential"": 4,
    ""technical_feasibility"": 5,
    ""business_viability"": 4
  },
  ""reasoning"": ""The SleepScore Alarm addresses a growing market concern (sleep health) with a unique solution (non-contact radar). While the market potential is promising, the business viability could be improved by addressing competition and pricing strategies.""
}",7,invest,85,4,5,4,"The SleepScore Alarm addresses a growing market concern (sleep health) with a unique solution (non-contact radar). While the market potential is promising, the business viability could be improved by addressing competition and pricing strategies.",True
CASE_SYN_010,models/Mistral-7B-Instruct-v0.3,models/Mistral-7B-Instruct-v0.3,vllm,http://localhost:8000/v1,C1,8,3bb65d16,0.0,2026-08-28T16:08:08.188574,1," {
  ""score"": 7,
  ""verdict"": ""invest"",
  ""confidence"": 85,
  ""rubric_scores"": {
    ""market_potential"": 4,
    ""technical_feasibility"": 5,
    ""business_viability"": 4
  },
  ""reasoning"": ""The SleepScore Alarm addresses a growing market concern (sleep health) with a unique solution (non-contact radar). While the market potential is promising, the business viability could be improved by addressing competition and pricing strategies.""
}",7,invest,85,4,5,4,"The SleepScore Alarm addresses a growing market concern (sleep health) with a unique solution (non-contact radar). While the market potential is promising, the business viability could be improved by addressing competition and pricing strategies.",True
CASE_SYN_010,models/Mistral-7B-Instruct-v0.3,models/Mistral-7B-Instruct-v0.3,vllm,http://localhost:8000/v1,C1,9,3bb65d16,0.0,2026-08-28T16:08:14.733034,1," {
  ""score"": 7,
  ""verdict"": ""invest"",
  ""confidence"": 85,
  ""rubric_scores"": {
    ""market_potential"": 4,
    ""technical_feasibility"": 5,
    ""business_viability"": 4
  },
  ""reasoning"": ""The SleepScore Alarm addresses a growing market concern (sleep health) with a unique solution (non-contact radar). While the market potential is promising, the business viability could be improved by addressing competition and pricing strategies.""
}",7,invest,85,4,5,4,"The SleepScore Alarm addresses a growing market concern (sleep health) with a unique solution (non-contact radar). While the market potential is promising, the business viability could be improved by addressing competition and pricing strategies.",True
CASE_SYN_010,models/Mistral-7B-Instruct-v0.3,models/Mistral-7B-Instruct-v0.3,vllm,http://localhost:8000/v1,C1,10,3bb65d16,0.0,2026-08-28T16:08:15.356031,1," {
  ""score"": 7,
  ""verdict"": ""invest"",
  ""confidence"": 85,
  ""rubric_scores"": {
    ""market_potential"": 4,
    ""technical_feasibility"": 5,
    ""business_viability"": 4
  },
  ""reasoning"": ""The SleepScore Alarm addresses a growing market concern (sleep health) with a unique solution (non-contact radar). While the market potential is promising, the business viability could be improved by addressing competition and pricing strategies.""
}",7,invest,85,4,5,4,"The SleepScore Alarm addresses a growing market concern (sleep health) with a unique solution (non-contact radar). While the market potential is promising, the business viability could be improved by addressing competition and pricing strategies.",True
CASE_SYN_011,models/Mistral-7B-Instruct-v0.3,models/Mistral-7B-Instruct-v0.3,vllm,http://localhost:8000/v1,C1,1,3bb65d16,0.0,2026-08-28T16:08:19.471920,1," {
  ""score"": 7,
  ""verdict"": ""invest"",
  ""confidence"": 85,
  ""rubric_scores"": {
    ""market_potential"": 4,
    ""technical_feasibility"": 5,
    ""business_viability"": 4
  },
  ""reasoning"": ""Strong market potential in the educational technology sector. The idea bridges a gap between block-based and text-based coding, which is innovative. However, the business viability score is lower due to potential competition and the need for a robust marketing strategy.""
}",7,invest,85,4,5,4,"Strong market potential in the educational technology sector. The idea bridges a gap between block-based and text-based coding, which is innovative. However, the business viability score is lower due to potential competition and the need for a robust marketing strategy.",True
CASE_SYN_011,models/Mistral-7B-Instruct-v0.3,models/Mistral-7B-Instruct-v0.3,vllm,http://localhost:8000/v1,C1,2,3bb65d16,0.0,2026-08-28T16:08:20.102464,1," {
  ""score"": 7,
  ""verdict"": ""invest"",
  ""confidence"": 85,
  ""rubric_scores"": {
    ""market_potential"": 4,
    ""technical_feasibility"": 5,
    ""business_viability"": 4
  },
  ""reasoning"": ""Strong market potential in the educational technology sector. The idea bridges a gap between block-based and text-based coding, which is innovative. However, the business viability score is lower due to potential competition and the need for a robust marketing strategy.""
}",7,invest,85,4,5,4,"Strong market potential in the educational technology sector. The idea bridges a gap between block-based and text-based coding, which is innovative. However, the business viability score is lower due to potential competition and the need for a robust marketing strategy.",True
CASE_SYN_011,models/Mistral-7B-Instruct-v0.3,models/Mistral-7B-Instruct-v0.3,vllm,http://localhost:8000/v1,C1,3,3bb65d16,0.0,2026-08-28T16:08:24.580241,1," {
  ""score"": 7,
  ""verdict"": ""invest"",
  ""confidence"": 85,
  ""rubric_scores"": {
    ""market_potential"": 4,
    ""technical_feasibility"": 5,
    ""business_viability"": 4
  },
  ""reasoning"": ""Strong market potential in the educational technology sector. The idea bridges a gap between block-based and text-based coding, which is innovative. However, the business viability score is lower due to potential competition and the need for a robust marketing strategy.""
}",7,invest,85,4,5,4,"Strong market potential in the educational technology sector. The idea bridges a gap between block-based and text-based coding, which is innovative. However, the business viability score is lower due to potential competition and the need for a robust marketing strategy.",True
CASE_SYN_011,models/Mistral-7B-Instruct-v0.3,models/Mistral-7B-Instruct-v0.3,vllm,http://localhost:8000/v1,C1,4,3bb65d16,0.0,2026-08-28T16:08:34.106030,1," {
  ""score"": 7,
  ""verdict"": ""invest"",
  ""confidence"": 85,
  ""rubric_scores"": {
    ""market_potential"": 4,
    ""technical_feasibility"": 5,
    ""business_viability"": 4
  },
  ""reasoning"": ""Strong market potential in the educational technology sector. The idea bridges a gap between block-based and text-based coding, which is innovative. However, the business viability score is lower due to potential competition and the need for a robust marketing strategy.""
}",7,invest,85,4,5,4,"Strong market potential in the educational technology sector. The idea bridges a gap between block-based and text-based coding, which is innovative. However, the business viability score is lower due to potential competition and the need for a robust marketing strategy.",True
CASE_SYN_011,models/Mistral-7B-Instruct-v0.3,models/Mistral-7B-Instruct-v0.3,vllm,http://localhost:8000/v1,C1,5,3bb65d16,0.0,2026-08-28T16:08:45.774032,1," {
  ""score"": 7,
  ""verdict"": ""invest"",
  ""confidence"": 85,
  ""rubric_scores"": {
    ""market_potential"": 4,
    ""technical_feasibility"": 5,
    ""business_viability"": 4
  },
  ""reasoning"": ""Strong market potential in the educational technology sector. The idea bridges a gap between block-based and text-based coding, which is innovative. However, the business viability score is lower due to potential competition and the need for a robust marketing strategy.""
}",7,invest,85,4,5,4,"Strong market potential in the educational technology sector. The idea bridges a gap between block-based and text-based coding, which is innovative. However, the business viability score is lower due to potential competition and the need for a robust marketing strategy.",True
CASE_SYN_011,models/Mistral-7B-Instruct-v0.3,models/Mistral-7B-Instruct-v0.3,vllm,http://localhost:8000/v1,C1,6,3bb65d16,0.0,2026-08-28T16:08:49.789577,1," {
  ""score"": 7,
  ""verdict"": ""invest"",
  ""confidence"": 85,
  ""rubric_scores"": {
    ""market_potential"": 4,
    ""technical_feasibility"": 5,
    ""business_viability"": 4
  },
  ""reasoning"": ""Strong market potential in the educational technology sector. The idea bridges a gap between block-based and text-based coding, which is innovative. However, the business viability score is lower due to potential competition and the need for a robust marketing strategy.""
}",7,invest,85,4,5,4,"Strong market potential in the educational technology sector. The idea bridges a gap between block-based and text-based coding, which is innovative. However, the business viability score is lower due to potential competition and the need for a robust marketing strategy.",True
CASE_SYN_011,models/Mistral-7B-Instruct-v0.3,models/Mistral-7B-Instruct-v0.3,vllm,http://localhost:8000/v1,C1,7,3bb65d16,0.0,2026-08-28T16:09:05.706567,1," {
  ""score"": 7,
  ""verdict"": ""invest"",
  ""confidence"": 85,
  ""rubric_scores"": {
    ""market_potential"": 4,
    ""technical_feasibility"": 5,
    ""business_viability"": 4
  },
  ""reasoning"": ""Strong market potential in the educational technology sector. The idea bridges a gap between block-based and text-based coding, which is innovative. However, the business viability score is lower due to potential competition and the need for a robust marketing strategy.""
}",7,invest,85,4,5,4,"Strong market potential in the educational technology sector. The idea bridges a gap between block-based and text-based coding, which is innovative. However, the business viability score is lower due to potential competition and the need for a robust marketing strategy.",True
CASE_SYN_011,models/Mistral-7B-Instruct-v0.3,models/Mistral-7B-Instruct-v0.3,vllm,http://localhost:8000/v1,C1,8,3bb65d16,0.0,2026-08-28T16:09:05.908092,1," {
  ""score"": 7,
  ""verdict"": ""invest"",
  ""confidence"": 85,
  ""rubric_scores"": {
    ""market_potential"": 4,
    ""technical_feasibility"": 5,
    ""business_viability"": 4
  },
  ""reasoning"": ""Strong market potential in the educational technology sector. The idea bridges a gap between block-based and text-based coding, which is innovative. However, the business viability score is lower due to potential competition and the need for a robust marketing strategy.""
}",7,invest,85,4,5,4,"Strong market potential in the educational technology sector. The idea bridges a gap between block-based and text-based coding, which is innovative. However, the business viability score is lower due to potential competition and the need for a robust marketing strategy.",True
CASE_SYN_011,models/Mistral-7B-Instruct-v0.3,models/Mistral-7B-Instruct-v0.3,vllm,http://localhost:8000/v1,C1,9,3bb65d16,0.0,2026-08-28T16:09:12.886231,1," {
  ""score"": 7,
  ""verdict"": ""invest"",
  ""confidence"": 85,
  ""rubric_scores"": {
    ""market_potential"": 4,
    ""technical_feasibility"": 5,
    ""business_viability"": 4
  },
  ""reasoning"": ""Strong market potential in the educational technology sector. The idea bridges a gap between block-based and text-based coding, which is innovative. However, the business viability score is lower due to potential competition and the need for a robust marketing strategy.""
}",7,invest,85,4,5,4,"Strong market potential in the educational technology sector. The idea bridges a gap between block-based and text-based coding, which is innovative. However, the business viability score is lower due to potential competition and the need for a robust marketing strategy.",True
CASE_SYN_011,models/Mistral-7B-Instruct-v0.3,models/Mistral-7B-Instruct-v0.3,vllm,http://localhost:8000/v1,C1,10,3bb65d16,0.0,2026-08-28T16:09:13.513046,1," {
  ""score"": 7,
  ""verdict"": ""invest"",
  ""confidence"": 85,
  ""rubric_scores"": {
    ""market_potential"": 4,
    ""technical_feasibility"": 5,
    ""business_viability"": 4
  },
  ""reasoning"": ""Strong market potential in the educational technology sector. The idea bridges a gap between block-based and text-based coding, which is innovative. However, the business viability score is lower due to potential competition and the need for a robust marketing strategy.""
}",7,invest,85,4,5,4,"Strong market potential in the educational technology sector. The idea bridges a gap between block-based and text-based coding, which is innovative. However, the business viability score is lower due to potential competition and the need for a robust marketing strategy.",True
CASE_SYN_012,models/Mistral-7B-Instruct-v0.3,models/Mistral-7B-Instruct-v0.3,vllm,http://localhost:8000/v1,C1,1,3bb65d16,0.0,2026-08-28T16:09:18.920798,1," {
  ""score"": 7,
  ""verdict"": ""invest"",
  ""confidence"": 85,
  ""rubric_scores"": {
    ""market_potential"": 4,
    ""technical_feasibility"": 4,
    ""business_viability"": 5
  },
  ""reasoning"": ""LocalLoop addresses a growing need for community building and local services, offering a unique niche in the sharing economy. While the technical implementation may face challenges, the business model seems viable with a focus on micro-exchanges and neighborhood engagement.""
}",7,invest,85,4,4,5,"LocalLoop addresses a growing need for community building and local services, offering a unique niche in the sharing economy. While the technical implementation may face challenges, the business model seems viable with a focus on micro-exchanges and neighborhood engagement.",True
CASE_SYN_012,models/Mistral-7B-Instruct-v0.3,models/Mistral-7B-Instruct-v0.3,vllm,http://localhost:8000/v1,C1,2,3bb65d16,0.0,2026-08-28T16:09:19.545132,1," {
  ""score"": 7,
  ""verdict"": ""invest"",
  ""confidence"": 85,
  ""rubric_scores"": {
    ""market_potential"": 4,
    ""technical_feasibility"": 4,
    ""business_viability"": 5
  },
  ""reasoning"": ""LocalLoop addresses a growing need for community building and local services, offering a unique niche in the sharing economy. While the technical implementation may face challenges, the business model seems viable with a focus on micro-exchanges and neighborhood engagement.""
}",7,invest,85,4,4,5,"LocalLoop addresses a growing need for community building and local services, offering a unique niche in the sharing economy. While the technical implementation may face challenges, the business model seems viable with a focus on micro-exchanges and neighborhood engagement.",True
CASE_SYN_012,models/Mistral-7B-Instruct-v0.3,models/Mistral-7B-Instruct-v0.3,vllm,http://localhost:8000/v1,C1,3,3bb65d16,0.0,2026-08-28T16:09:24.447495,1," {
  ""score"": 7,
  ""verdict"": ""invest"",
  ""confidence"": 85,
  ""rubric_scores"": {
    ""market_potential"": 4,
    ""technical_feasibility"": 4,
    ""business_viability"": 5
  },
  ""reasoning"": ""LocalLoop addresses a growing need for community building and local services, offering a unique niche in the sharing economy. While the technical implementation may face challenges, the business model seems viable with a focus on micro-exchanges and neighborhood engagement.""
}",7,invest,85,4,4,5,"LocalLoop addresses a growing need for community building and local services, offering a unique niche in the sharing economy. While the technical implementation may face challenges, the business model seems viable with a focus on micro-exchanges and neighborhood engagement.",True
CASE_SYN_012,models/Mistral-7B-Instruct-v0.3,models/Mistral-7B-Instruct-v0.3,vllm,http://localhost:8000/v1,C1,4,3bb65d16,0.0,2026-08-28T16:09:33.968236,1," {
  ""score"": 7,
  ""verdict"": ""invest"",
  ""confidence"": 85,
  ""rubric_scores"": {
    ""market_potential"": 4,
    ""technical_feasibility"": 4,
    ""business_viability"": 5
  },
  ""reasoning"": ""LocalLoop addresses a growing need for community building and local services, offering a unique niche in the sharing economy. While the technical implementation may face challenges, the business model seems viable with a focus on micro-exchanges and neighborhood engagement.""
}",7,invest,85,4,4,5,"LocalLoop addresses a growing need for community building and local services, offering a unique niche in the sharing economy. While the technical implementation may face challenges, the business model seems viable with a focus on micro-exchanges and neighborhood engagement.",True
CASE_SYN_012,models/Mistral-7B-Instruct-v0.3,models/Mistral-7B-Instruct-v0.3,vllm,http://localhost:8000/v1,C1,5,3bb65d16,0.0,2026-08-28T16:09:46.034991,1," {
  ""score"": 7,
  ""verdict"": ""invest"",
  ""confidence"": 85,
  ""rubric_scores"": {
    ""market_potential"": 4,
    ""technical_feasibility"": 4,
    ""business_viability"": 5
  },
  ""reasoning"": ""LocalLoop addresses a growing need for community building and local services, offering a unique niche in the sharing economy. While the technical implementation may face challenges, the business model seems viable with a focus on micro-exchanges and neighborhood engagement.""
}",7,invest,85,4,4,5,"LocalLoop addresses a growing need for community building and local services, offering a unique niche in the sharing economy. While the technical implementation may face challenges, the business model seems viable with a focus on micro-exchanges and neighborhood engagement.",True
CASE_SYN_012,models/Mistral-7B-Instruct-v0.3,models/Mistral-7B-Instruct-v0.3,vllm,http://localhost:8000/v1,C1,6,3bb65d16,0.0,2026-08-28T16:09:50.051968,1," {
  ""score"": 7,
  ""verdict"": ""invest"",
  ""confidence"": 85,
  ""rubric_scores"": {
    ""market_potential"": 4,
    ""technical_feasibility"": 4,
    ""business_viability"": 5
  },
  ""reasoning"": ""LocalLoop addresses a growing need for community building and local services, offering a unique niche in the sharing economy. While the technical implementation may face challenges, the business model seems viable with a focus on micro-exchanges and neighborhood engagement.""
}",7,invest,85,4,4,5,"LocalLoop addresses a growing need for community building and local services, offering a unique niche in the sharing economy. While the technical implementation may face challenges, the business model seems viable with a focus on micro-exchanges and neighborhood engagement.",True
CASE_SYN_012,models/Mistral-7B-Instruct-v0.3,models/Mistral-7B-Instruct-v0.3,vllm,http://localhost:8000/v1,C1,7,3bb65d16,0.0,2026-08-28T16:10:06.376092,1," {
  ""score"": 7,
  ""verdict"": ""invest"",
  ""confidence"": 85,
  ""rubric_scores"": {
    ""market_potential"": 4,
    ""technical_feasibility"": 4,
    ""business_viability"": 5
  },
  ""reasoning"": ""LocalLoop addresses a growing need for community building and local services, offering a unique niche in the sharing economy. While the technical implementation may face challenges, the business model seems viable with a focus on micro-exchanges and neighborhood engagement.""
}",7,invest,85,4,4,5,"LocalLoop addresses a growing need for community building and local services, offering a unique niche in the sharing economy. While the technical implementation may face challenges, the business model seems viable with a focus on micro-exchanges and neighborhood engagement.",True
CASE_SYN_012,models/Mistral-7B-Instruct-v0.3,models/Mistral-7B-Instruct-v0.3,vllm,http://localhost:8000/v1,C1,8,3bb65d16,0.0,2026-08-28T16:10:06.576160,1," {
  ""score"": 7,
  ""verdict"": ""invest"",
  ""confidence"": 85,
  ""rubric_scores"": {
    ""market_potential"": 4,
    ""technical_feasibility"": 4,
    ""business_viability"": 5
  },
  ""reasoning"": ""LocalLoop addresses a growing need for community building and local services, offering a unique niche in the sharing economy. While the technical implementation may face challenges, the business model seems viable with a focus on micro-exchanges and neighborhood engagement.""
}",7,invest,85,4,4,5,"LocalLoop addresses a growing need for community building and local services, offering a unique niche in the sharing economy. While the technical implementation may face challenges, the business model seems viable with a focus on micro-exchanges and neighborhood engagement.",True
CASE_SYN_012,models/Mistral-7B-Instruct-v0.3,models/Mistral-7B-Instruct-v0.3,vllm,http://localhost:8000/v1,C1,9,3bb65d16,0.0,2026-08-28T16:10:13.962201,1," {
  ""score"": 7,
  ""verdict"": ""invest"",
  ""confidence"": 85,
  ""rubric_scores"": {
    ""market_potential"": 4,
    ""technical_feasibility"": 4,
    ""business_viability"": 5
  },
  ""reasoning"": ""LocalLoop addresses a growing need for community building and local services, offering a unique niche in the sharing economy. While the technical implementation may face challenges, the business model seems viable with a focus on micro-exchanges and neighborhood engagement.""
}",7,invest,85,4,4,5,"LocalLoop addresses a growing need for community building and local services, offering a unique niche in the sharing economy. While the technical implementation may face challenges, the business model seems viable with a focus on micro-exchanges and neighborhood engagement.",True
CASE_SYN_012,models/Mistral-7B-Instruct-v0.3,models/Mistral-7B-Instruct-v0.3,vllm,http://localhost:8000/v1,C1,10,3bb65d16,0.0,2026-08-28T16:10:14.585678,1," {
  ""score"": 7,
  ""verdict"": ""invest"",
  ""confidence"": 85,
  ""rubric_scores"": {
    ""market_potential"": 4,
    ""technical_feasibility"": 4,
    ""business_viability"": 5
  },
  ""reasoning"": ""LocalLoop addresses a growing need for community building and local services, offering a unique niche in the sharing economy. While the technical implementation may face challenges, the business model seems viable with a focus on micro-exchanges and neighborhood engagement.""
}",7,invest,85,4,4,5,"LocalLoop addresses a growing need for community building and local services, offering a unique niche in the sharing economy. While the technical implementation may face challenges, the business model seems viable with a focus on micro-exchanges and neighborhood engagement.",True
CASE_SYN_013,models/Mistral-7B-Instruct-v0.3,models/Mistral-7B-Instruct-v0.3,vllm,http://localhost:8000/v1,C1,1,3bb65d16,0.0,2026-08-28T16:10:16.580424,1," {
  ""score"": 7,
  ""verdict"": ""invest"",
  ""confidence"": 85,
  ""rubric_scores"": {
    ""market_potential"": 4,
    ""technical_feasibility"": 5,
    ""business_viability"": 3
  },
  ""reasoning"": ""ThermoMug offers a unique value proposition in the growing smart home and IoT market. The technical feasibility is high due to existing solutions for temperature control and smartphone app integration. However, the business viability score is lower due to potential competition from established brands and the need for a strong marketing strategy to differentiate the product.""
}",7,invest,85,4,5,3,"ThermoMug offers a unique value proposition in the growing smart home and IoT market. The technical feasibility is high due to existing solutions for temperature control and smartphone app integration. However, the business viability score is lower due to potential competition from established brands and the need for a strong marketing strategy to differentiate the product.",True
CASE_SYN_013,models/Mistral-7B-Instruct-v0.3,models/Mistral-7B-Instruct-v0.3,vllm,http://localhost:8000/v1,C1,2,3bb65d16,0.0,2026-08-28T16:10:17.205722,1," {
  ""score"": 7,
  ""verdict"": ""invest"",
  ""confidence"": 85,
  ""rubric_scores"": {
    ""market_potential"": 4,
    ""technical_feasibility"": 5,
    ""business_viability"": 3
  },
  ""reasoning"": ""ThermoMug offers a unique value proposition in the growing smart home and IoT market. The technical feasibility is high due to existing solutions for temperature control and smartphone app integration. However, the business viability score is lower due to potential competition from established brands and the need for a strong marketing strategy to differentiate the product.""
}",7,invest,85,4,5,3,"ThermoMug offers a unique value proposition in the growing smart home and IoT market. The technical feasibility is high due to existing solutions for temperature control and smartphone app integration. However, the business viability score is lower due to potential competition from established brands and the need for a strong marketing strategy to differentiate the product.",True
CASE_SYN_013,models/Mistral-7B-Instruct-v0.3,models/Mistral-7B-Instruct-v0.3,vllm,http://localhost:8000/v1,C1,3,3bb65d16,0.0,2026-08-28T16:10:22.532844,1," {
  ""score"": 7,
  ""verdict"": ""invest"",
  ""confidence"": 85,
  ""rubric_scores"": {
    ""market_potential"": 4,
    ""technical_feasibility"": 5,
    ""business_viability"": 3
  },
  ""reasoning"": ""ThermoMug offers a unique value proposition in the growing smart home and IoT market. The technical feasibility is high due to existing solutions for temperature control and smartphone app integration. However, the business viability score is lower due to potential competition from established brands and the need for a strong marketing strategy to differentiate the product.""
}",7,invest,85,4,5,3,"ThermoMug offers a unique value proposition in the growing smart home and IoT market. The technical feasibility is high due to existing solutions for temperature control and smartphone app integration. However, the business viability score is lower due to potential competition from established brands and the need for a strong marketing strategy to differentiate the product.",True
CASE_SYN_013,models/Mistral-7B-Instruct-v0.3,models/Mistral-7B-Instruct-v0.3,vllm,http://localhost:8000/v1,C1,4,3bb65d16,0.0,2026-08-28T16:10:32.052994,1," {
  ""score"": 7,
  ""verdict"": ""invest"",
  ""confidence"": 85,
  ""rubric_scores"": {
    ""market_potential"": 4,
    ""technical_feasibility"": 5,
    ""business_viability"": 3
  },
  ""reasoning"": ""ThermoMug offers a unique value proposition in the growing smart home and IoT market. The technical feasibility is high due to existing solutions for temperature control and smartphone app integration. However, the business viability score is lower due to potential competition from established brands and the need for a strong marketing strategy to differentiate the product.""
}",7,invest,85,4,5,3,"ThermoMug offers a unique value proposition in the growing smart home and IoT market. The technical feasibility is high due to existing solutions for temperature control and smartphone app integration. However, the business viability score is lower due to potential competition from established brands and the need for a strong marketing strategy to differentiate the product.",True
CASE_SYN_013,models/Mistral-7B-Instruct-v0.3,models/Mistral-7B-Instruct-v0.3,vllm,http://localhost:8000/v1,C1,5,3bb65d16,0.0,2026-08-28T16:10:44.544914,1," {
  ""score"": 7,
  ""verdict"": ""invest"",
  ""confidence"": 85,
  ""rubric_scores"": {
    ""market_potential"": 4,
    ""technical_feasibility"": 5,
    ""business_viability"": 3
  },
  ""reasoning"": ""ThermoMug offers a unique value proposition in the growing smart home and IoT market. The technical feasibility is high due to existing solutions for temperature control and smartphone app integration. However, the business viability score is lower due to potential competition from established brands and the need for a strong marketing strategy to differentiate the product.""
}",7,invest,85,4,5,3,"ThermoMug offers a unique value proposition in the growing smart home and IoT market. The technical feasibility is high due to existing solutions for temperature control and smartphone app integration. However, the business viability score is lower due to potential competition from established brands and the need for a strong marketing strategy to differentiate the product.",True
CASE_SYN_013,models/Mistral-7B-Instruct-v0.3,models/Mistral-7B-Instruct-v0.3,vllm,http://localhost:8000/v1,C1,6,3bb65d16,0.0,2026-08-28T16:10:48.561219,1," {
  ""score"": 7,
  ""verdict"": ""invest"",
  ""confidence"": 85,
  ""rubric_scores"": {
    ""market_potential"": 4,
    ""technical_feasibility"": 5,
    ""business_viability"": 3
  },
  ""reasoning"": ""ThermoMug offers a unique value proposition in the growing smart home and IoT market. The technical feasibility is high due to existing solutions for temperature control and smartphone app integration. However, the business viability score is lower due to potential competition from established brands and the need for a strong marketing strategy to differentiate the product.""
}",7,invest,85,4,5,3,"ThermoMug offers a unique value proposition in the growing smart home and IoT market. The technical feasibility is high due to existing solutions for temperature control and smartphone app integration. However, the business viability score is lower due to potential competition from established brands and the need for a strong marketing strategy to differentiate the product.",True
CASE_SYN_013,models/Mistral-7B-Instruct-v0.3,models/Mistral-7B-Instruct-v0.3,vllm,http://localhost:8000/v1,C1,7,3bb65d16,0.0,2026-08-28T16:11:05.322367,1," {
  ""score"": 7,
  ""verdict"": ""invest"",
  ""confidence"": 85,
  ""rubric_scores"": {
    ""market_potential"": 4,
    ""technical_feasibility"": 5,
    ""business_viability"": 3
  },
  ""reasoning"": ""ThermoMug offers a unique value proposition in the growing smart home and IoT market. The technical feasibility is high due to existing solutions for temperature control and smartphone app integration. However, the business viability score is lower due to potential competition from established brands and the need for a strong marketing strategy to differentiate the product.""
}",7,invest,85,4,5,3,"ThermoMug offers a unique value proposition in the growing smart home and IoT market. The technical feasibility is high due to existing solutions for temperature control and smartphone app integration. However, the business viability score is lower due to potential competition from established brands and the need for a strong marketing strategy to differentiate the product.",True
CASE_SYN_013,models/Mistral-7B-Instruct-v0.3,models/Mistral-7B-Instruct-v0.3,vllm,http://localhost:8000/v1,C1,8,3bb65d16,0.0,2026-08-28T16:11:05.524552,1," {
  ""score"": 7,
  ""verdict"": ""invest"",
  ""confidence"": 85,
  ""rubric_scores"": {
    ""market_potential"": 4,
    ""technical_feasibility"": 5,
    ""business_viability"": 3
  },
  ""reasoning"": ""ThermoMug offers a unique value proposition in the growing smart home and IoT market. The technical feasibility is high due to existing solutions for temperature control and smartphone app integration. However, the business viability score is lower due to potential competition from established brands and the need for a strong marketing strategy to differentiate the product.""
}",7,invest,85,4,5,3,"ThermoMug offers a unique value proposition in the growing smart home and IoT market. The technical feasibility is high due to existing solutions for temperature control and smartphone app integration. However, the business viability score is lower due to potential competition from established brands and the need for a strong marketing strategy to differentiate the product.",True
CASE_SYN_013,models/Mistral-7B-Instruct-v0.3,models/Mistral-7B-Instruct-v0.3,vllm,http://localhost:8000/v1,C1,9,3bb65d16,0.0,2026-08-28T16:11:13.330944,1," {
  ""score"": 7,
  ""verdict"": ""invest"",
  ""confidence"": 85,
  ""rubric_scores"": {
    ""market_potential"": 4,
    ""technical_feasibility"": 5,
    ""business_viability"": 3
  },
  ""reasoning"": ""ThermoMug offers a unique value proposition in the growing smart home and IoT market. The technical feasibility is high due to existing solutions for temperature control and smartphone app integration. However, the business viability score is lower due to potential competition from established brands and the need for a strong marketing strategy to differentiate the product.""
}",7,invest,85,4,5,3,"ThermoMug offers a unique value proposition in the growing smart home and IoT market. The technical feasibility is high due to existing solutions for temperature control and smartphone app integration. However, the business viability score is lower due to potential competition from established brands and the need for a strong marketing strategy to differentiate the product.",True
CASE_SYN_013,models/Mistral-7B-Instruct-v0.3,models/Mistral-7B-Instruct-v0.3,vllm,http://localhost:8000/v1,C1,10,3bb65d16,0.0,2026-08-28T16:11:13.953213,1," {
  ""score"": 7,
  ""verdict"": ""invest"",
  ""confidence"": 85,
  ""rubric_scores"": {
    ""market_potential"": 4,
    ""technical_feasibility"": 5,
    ""business_viability"": 3
  },
  ""reasoning"": ""ThermoMug offers a unique value proposition in the growing smart home and IoT market. The technical feasibility is high due to existing solutions for temperature control and smartphone app integration. However, the business viability score is lower due to potential competition from established brands and the need for a strong marketing strategy to differentiate the product.""
}",7,invest,85,4,5,3,"ThermoMug offers a unique value proposition in the growing smart home and IoT market. The technical feasibility is high due to existing solutions for temperature control and smartphone app integration. However, the business viability score is lower due to potential competition from established brands and the need for a strong marketing strategy to differentiate the product.",True
CASE_SYN_014,models/Mistral-7B-Instruct-v0.3,models/Mistral-7B-Instruct-v0.3,vllm,http://localhost:8000/v1,C1,1,3bb65d16,0.0,2026-08-28T16:11:23.159440,1," {
  ""score"": 7,
  ""verdict"": ""invest"",
  ""confidence"": 85,
  ""rubric_scores"": {
    ""market_potential"": 4,
    ""technical_feasibility"": 5,
    ""business_viability"": 4
  },
  ""reasoning"": ""The AirPure Mask addresses a growing concern for personal health and air quality, offering a unique value proposition with replaceable HEPA filters and an air quality sensor. While the market potential is promising, the business viability could be improved by addressing competition, pricing strategy, and marketing efforts.""
}",7,invest,85,4,5,4,"The AirPure Mask addresses a growing concern for personal health and air quality, offering a unique value proposition with replaceable HEPA filters and an air quality sensor. While the market potential is promising, the business viability could be improved by addressing competition, pricing strategy, and marketing efforts.",True
CASE_SYN_014,models/Mistral-7B-Instruct-v0.3,models/Mistral-7B-Instruct-v0.3,vllm,http://localhost:8000/v1,C1,2,3bb65d16,0.0,2026-08-28T16:11:23.784582,1," {
  ""score"": 7,
  ""verdict"": ""invest"",
  ""confidence"": 85,
  ""rubric_scores"": {
    ""market_potential"": 4,
    ""technical_feasibility"": 5,
    ""business_viability"": 4
  },
  ""reasoning"": ""The AirPure Mask addresses a growing concern for personal health and air quality, offering a unique value proposition with replaceable HEPA filters and an air quality sensor. While the market potential is promising, the business viability could be improved by addressing competition, pricing strategy, and marketing efforts.""
}",7,invest,85,4,5,4,"The AirPure Mask addresses a growing concern for personal health and air quality, offering a unique value proposition with replaceable HEPA filters and an air quality sensor. While the market potential is promising, the business viability could be improved by addressing competition, pricing strategy, and marketing efforts.",True
CASE_SYN_014,models/Mistral-7B-Instruct-v0.3,models/Mistral-7B-Instruct-v0.3,vllm,http://localhost:8000/v1,C1,3,3bb65d16,0.0,2026-08-28T16:11:29.553017,1," {
  ""score"": 7,
  ""verdict"": ""invest"",
  ""confidence"": 85,
  ""rubric_scores"": {
    ""market_potential"": 4,
    ""technical_feasibility"": 5,
    ""business_viability"": 4
  },
  ""reasoning"": ""The AirPure Mask addresses a growing concern for personal health and air quality, offering a unique value proposition with replaceable HEPA filters and an air quality sensor. While the market potential is promising, the business viability could be improved by addressing competition, pricing strategy, and marketing efforts.""
}",7,invest,85,4,5,4,"The AirPure Mask addresses a growing concern for personal health and air quality, offering a unique value proposition with replaceable HEPA filters and an air quality sensor. While the market potential is promising, the business viability could be improved by addressing competition, pricing strategy, and marketing efforts.",True
CASE_SYN_014,models/Mistral-7B-Instruct-v0.3,models/Mistral-7B-Instruct-v0.3,vllm,http://localhost:8000/v1,C1,4,3bb65d16,0.0,2026-08-28T16:11:39.097034,1," {
  ""score"": 7,
  ""verdict"": ""invest"",
  ""confidence"": 85,
  ""rubric_scores"": {
    ""market_potential"": 4,
    ""technical_feasibility"": 5,
    ""business_viability"": 4
  },
  ""reasoning"": ""The AirPure Mask addresses a growing concern for personal health and air quality, offering a unique value proposition with replaceable HEPA filters and an air quality sensor. While the market potential is promising, the business model should be further explored to ensure long-term viability.""
}",7,invest,85,4,5,4,"The AirPure Mask addresses a growing concern for personal health and air quality, offering a unique value proposition with replaceable HEPA filters and an air quality sensor. While the market potential is promising, the business model should be further explored to ensure long-term viability.",True
CASE_SYN_014,models/Mistral-7B-Instruct-v0.3,models/Mistral-7B-Instruct-v0.3,vllm,http://localhost:8000/v1,C1,5,3bb65d16,0.0,2026-08-28T16:11:52.040675,1," {
  ""score"": 7,
  ""verdict"": ""invest"",
  ""confidence"": 85,
  ""rubric_scores"": {
    ""market_potential"": 4,
    ""technical_feasibility"": 5,
    ""business_viability"": 4
  },
  ""reasoning"": ""The AirPure Mask addresses a growing concern for personal health and air quality, offering a unique value proposition with replaceable HEPA filters and an air quality sensor. While the market potential is promising, the business model should be further explored to ensure long-term viability.""
}",7,invest,85,4,5,4,"The AirPure Mask addresses a growing concern for personal health and air quality, offering a unique value proposition with replaceable HEPA filters and an air quality sensor. While the market potential is promising, the business model should be further explored to ensure long-term viability.",True
CASE_SYN_014,models/Mistral-7B-Instruct-v0.3,models/Mistral-7B-Instruct-v0.3,vllm,http://localhost:8000/v1,C1,6,3bb65d16,0.0,2026-08-28T16:11:56.074478,1," {
  ""score"": 7,
  ""verdict"": ""invest"",
  ""confidence"": 85,
  ""rubric_scores"": {
    ""market_potential"": 4,
    ""technical_feasibility"": 5,
    ""business_viability"": 4
  },
  ""reasoning"": ""The AirPure Mask addresses a growing concern for personal health and air quality, offering a unique value proposition with replaceable HEPA filters and an air quality sensor. While the market potential is promising, the business model should be further explored to ensure long-term viability.""
}",7,invest,85,4,5,4,"The AirPure Mask addresses a growing concern for personal health and air quality, offering a unique value proposition with replaceable HEPA filters and an air quality sensor. While the market potential is promising, the business model should be further explored to ensure long-term viability.",True
CASE_SYN_014,models/Mistral-7B-Instruct-v0.3,models/Mistral-7B-Instruct-v0.3,vllm,http://localhost:8000/v1,C1,7,3bb65d16,0.0,2026-08-28T16:12:13.269023,1," {
  ""score"": 7,
  ""verdict"": ""invest"",
  ""confidence"": 85,
  ""rubric_scores"": {
    ""market_potential"": 4,
    ""technical_feasibility"": 5,
    ""business_viability"": 4
  },
  ""reasoning"": ""The AirPure Mask addresses a growing concern for personal health and air quality, offering a unique value proposition with replaceable HEPA filters and an air quality sensor. While the market potential is promising, the business model should be further explored to ensure long-term viability.""
}",7,invest,85,4,5,4,"The AirPure Mask addresses a growing concern for personal health and air quality, offering a unique value proposition with replaceable HEPA filters and an air quality sensor. While the market potential is promising, the business model should be further explored to ensure long-term viability.",True
CASE_SYN_014,models/Mistral-7B-Instruct-v0.3,models/Mistral-7B-Instruct-v0.3,vllm,http://localhost:8000/v1,C1,8,3bb65d16,0.0,2026-08-28T16:12:13.470108,1," {
  ""score"": 7,
  ""verdict"": ""invest"",
  ""confidence"": 85,
  ""rubric_scores"": {
    ""market_potential"": 4,
    ""technical_feasibility"": 5,
    ""business_viability"": 4
  },
  ""reasoning"": ""The AirPure Mask addresses a growing concern for personal health and air quality, offering a unique value proposition with replaceable HEPA filters and an air quality sensor. While the market potential is promising, the business model should be further explored to ensure long-term viability.""
}",7,invest,85,4,5,4,"The AirPure Mask addresses a growing concern for personal health and air quality, offering a unique value proposition with replaceable HEPA filters and an air quality sensor. While the market potential is promising, the business model should be further explored to ensure long-term viability.",True
CASE_SYN_014,models/Mistral-7B-Instruct-v0.3,models/Mistral-7B-Instruct-v0.3,vllm,http://localhost:8000/v1,C1,9,3bb65d16,0.0,2026-08-28T16:12:21.735207,1," {
  ""score"": 7,
  ""verdict"": ""invest"",
  ""confidence"": 85,
  ""rubric_scores"": {
    ""market_potential"": 4,
    ""technical_feasibility"": 5,
    ""business_viability"": 4
  },
  ""reasoning"": ""The AirPure Mask addresses a growing concern for personal health and air quality, offering a unique value proposition with replaceable HEPA filters and an air quality sensor. While the market potential is promising, the business model should be further explored to ensure long-term viability.""
}",7,invest,85,4,5,4,"The AirPure Mask addresses a growing concern for personal health and air quality, offering a unique value proposition with replaceable HEPA filters and an air quality sensor. While the market potential is promising, the business model should be further explored to ensure long-term viability.",True
CASE_SYN_014,models/Mistral-7B-Instruct-v0.3,models/Mistral-7B-Instruct-v0.3,vllm,http://localhost:8000/v1,C1,10,3bb65d16,0.0,2026-08-28T16:12:22.363698,1," {
  ""score"": 7,
  ""verdict"": ""invest"",
  ""confidence"": 85,
  ""rubric_scores"": {
    ""market_potential"": 4,
    ""technical_feasibility"": 5,
    ""business_viability"": 4
  },
  ""reasoning"": ""The AirPure Mask addresses a growing concern for personal health and air quality, offering a unique value proposition with replaceable HEPA filters and an air quality sensor. While the market potential is promising, the business model should be further explored to ensure long-term viability.""
}",7,invest,85,4,5,4,"The AirPure Mask addresses a growing concern for personal health and air quality, offering a unique value proposition with replaceable HEPA filters and an air quality sensor. While the market potential is promising, the business model should be further explored to ensure long-term viability.",True
CASE_SYN_015,models/Mistral-7B-Instruct-v0.3,models/Mistral-7B-Instruct-v0.3,vllm,http://localhost:8000/v1,C1,2,3bb65d16,0.0,2026-08-28T16:12:25.856011,1," {
  ""score"": 6,
  ""verdict"": ""invest"",
  ""confidence"": 80,
  ""rubric_scores"": {
    ""market_potential"": 4,
    ""technical_feasibility"": 4,
    ""business_viability"": 4
  },
  ""reasoning"": ""The niche market of children's educational technology has potential. The idea is technically feasible with existing speech recognition technology. However, the business model requires careful consideration to ensure long-term viability, such as partnerships with publishers and schools.""
}",6,invest,80,4,4,4,"The niche market of children's educational technology has potential. The idea is technically feasible with existing speech recognition technology. However, the business model requires careful consideration to ensure long-term viability, such as partnerships with publishers and schools.",True
CASE_SYN_015,models/Mistral-7B-Instruct-v0.3,models/Mistral-7B-Instruct-v0.3,vllm,http://localhost:8000/v1,C1,1,3bb65d16,0.0,2026-08-28T16:12:25.230545,1," {
  ""score"": 6,
  ""verdict"": ""invest"",
  ""confidence"": 80,
  ""rubric_scores"": {
    ""market_potential"": 4,
    ""technical_feasibility"": 4,
    ""business_viability"": 4
  },
  ""reasoning"": ""The niche market for educational technology for children shows potential. The idea's technical feasibility is supported by existing speech recognition technology. However, to increase business viability, the team should consider a clear revenue model and potential partnerships with schools or libraries.""
}",6,invest,80,4,4,4,"The niche market for educational technology for children shows potential. The idea's technical feasibility is supported by existing speech recognition technology. However, to increase business viability, the team should consider a clear revenue model and potential partnerships with schools or libraries.",True
CASE_SYN_015,models/Mistral-7B-Instruct-v0.3,models/Mistral-7B-Instruct-v0.3,vllm,http://localhost:8000/v1,C1,3,3bb65d16,0.0,2026-08-28T16:12:32.033091,1," {
  ""score"": 6,
  ""verdict"": ""invest"",
  ""confidence"": 80,
  ""rubric_scores"": {
    ""market_potential"": 4,
    ""technical_feasibility"": 4,
    ""business_viability"": 4
  },
  ""reasoning"": ""The niche market for educational technology for children shows potential. The idea's technical feasibility is supported by existing speech recognition technology. However, to increase business viability, the team should consider a clear revenue model and potential partnerships with schools or libraries.""
}",6,invest,80,4,4,4,"The niche market for educational technology for children shows potential. The idea's technical feasibility is supported by existing speech recognition technology. However, to increase business viability, the team should consider a clear revenue model and potential partnerships with schools or libraries.",True
CASE_SYN_015,models/Mistral-7B-Instruct-v0.3,models/Mistral-7B-Instruct-v0.3,vllm,http://localhost:8000/v1,C1,4,3bb65d16,0.0,2026-08-28T16:12:40.303184,1," {
  ""score"": 6,
  ""verdict"": ""invest"",
  ""confidence"": 80,
  ""rubric_scores"": {
    ""market_potential"": 4,
    ""technical_feasibility"": 4,
    ""business_viability"": 4
  },
  ""reasoning"": ""The niche market for educational technology for children shows potential. The idea's technical feasibility is supported by existing speech recognition technology. However, to increase business viability, the team should consider a clear revenue model and potential partnerships with schools or libraries.""
}",6,invest,80,4,4,4,"The niche market for educational technology for children shows potential. The idea's technical feasibility is supported by existing speech recognition technology. However, to increase business viability, the team should consider a clear revenue model and potential partnerships with schools or libraries.",True
CASE_SYN_015,models/Mistral-7B-Instruct-v0.3,models/Mistral-7B-Instruct-v0.3,vllm,http://localhost:8000/v1,C1,5,3bb65d16,0.0,2026-08-28T16:12:53.659508,1," {
  ""score"": 6,
  ""verdict"": ""invest"",
  ""confidence"": 80,
  ""rubric_scores"": {
    ""market_potential"": 4,
    ""technical_feasibility"": 4,
    ""business_viability"": 4
  },
  ""reasoning"": ""The niche market for educational technology for children shows potential. The idea's technical feasibility is supported by existing speech recognition technology. However, to increase business viability, the team should consider a clear revenue model and potential partnerships with schools or libraries.""
}",6,invest,80,4,4,4,"The niche market for educational technology for children shows potential. The idea's technical feasibility is supported by existing speech recognition technology. However, to increase business viability, the team should consider a clear revenue model and potential partnerships with schools or libraries.",True
CASE_SYN_015,models/Mistral-7B-Instruct-v0.3,models/Mistral-7B-Instruct-v0.3,vllm,http://localhost:8000/v1,C1,6,3bb65d16,0.0,2026-08-28T16:12:57.686330,1," {
  ""score"": 6,
  ""verdict"": ""invest"",
  ""confidence"": 80,
  ""rubric_scores"": {
    ""market_potential"": 4,
    ""technical_feasibility"": 4,
    ""business_viability"": 4
  },
  ""reasoning"": ""The niche market for educational technology for children shows potential. The idea's technical feasibility is supported by existing speech recognition technology. However, to increase business viability, the team should consider a clear revenue model and potential partnerships with schools or libraries.""
}",6,invest,80,4,4,4,"The niche market for educational technology for children shows potential. The idea's technical feasibility is supported by existing speech recognition technology. However, to increase business viability, the team should consider a clear revenue model and potential partnerships with schools or libraries.",True
CASE_SYN_015,models/Mistral-7B-Instruct-v0.3,models/Mistral-7B-Instruct-v0.3,vllm,http://localhost:8000/v1,C1,7,3bb65d16,0.0,2026-08-28T16:13:15.300028,1," {
  ""score"": 6,
  ""verdict"": ""invest"",
  ""confidence"": 80,
  ""rubric_scores"": {
    ""market_potential"": 4,
    ""technical_feasibility"": 4,
    ""business_viability"": 4
  },
  ""reasoning"": ""The niche market for educational technology for children shows potential. The idea's technical feasibility is supported by existing speech recognition technology. However, to increase business viability, the team should consider a clear revenue model and potential partnerships with schools or libraries.""
}",6,invest,80,4,4,4,"The niche market for educational technology for children shows potential. The idea's technical feasibility is supported by existing speech recognition technology. However, to increase business viability, the team should consider a clear revenue model and potential partnerships with schools or libraries.",True
CASE_SYN_015,models/Mistral-7B-Instruct-v0.3,models/Mistral-7B-Instruct-v0.3,vllm,http://localhost:8000/v1,C1,8,3bb65d16,0.0,2026-08-28T16:13:15.501016,1," {
  ""score"": 6,
  ""verdict"": ""invest"",
  ""confidence"": 80,
  ""rubric_scores"": {
    ""market_potential"": 4,
    ""technical_feasibility"": 4,
    ""business_viability"": 4
  },
  ""reasoning"": ""The niche market for educational technology for children shows potential. The idea's technical feasibility is supported by existing speech recognition technology. However, to increase business viability, the team should consider a clear revenue model and potential partnerships with schools or libraries.""
}",6,invest,80,4,4,4,"The niche market for educational technology for children shows potential. The idea's technical feasibility is supported by existing speech recognition technology. However, to increase business viability, the team should consider a clear revenue model and potential partnerships with schools or libraries.",True
CASE_SYN_015,models/Mistral-7B-Instruct-v0.3,models/Mistral-7B-Instruct-v0.3,vllm,http://localhost:8000/v1,C1,9,3bb65d16,0.0,2026-08-28T16:13:24.199065,1," {
  ""score"": 6,
  ""verdict"": ""invest"",
  ""confidence"": 80,
  ""rubric_scores"": {
    ""market_potential"": 4,
    ""technical_feasibility"": 4,
    ""business_viability"": 4
  },
  ""reasoning"": ""The niche market for educational technology for children shows potential. The idea's technical feasibility is supported by existing speech recognition technology. However, to increase business viability, the team should consider a clear revenue model and potential partnerships with schools or libraries.""
}",6,invest,80,4,4,4,"The niche market for educational technology for children shows potential. The idea's technical feasibility is supported by existing speech recognition technology. However, to increase business viability, the team should consider a clear revenue model and potential partnerships with schools or libraries.",True
CASE_SYN_015,models/Mistral-7B-Instruct-v0.3,models/Mistral-7B-Instruct-v0.3,vllm,http://localhost:8000/v1,C1,10,3bb65d16,0.0,2026-08-28T16:13:24.813684,1," {
  ""score"": 6,
  ""verdict"": ""invest"",
  ""confidence"": 80,
  ""rubric_scores"": {
    ""market_potential"": 4,
    ""technical_feasibility"": 4,
    ""business_viability"": 4
  },
  ""reasoning"": ""The niche market for educational technology for children shows potential. The idea's technical feasibility is supported by existing speech recognition technology. However, to increase business viability, the team should consider a clear revenue model and potential partnerships with schools or libraries.""
}",6,invest,80,4,4,4,"The niche market for educational technology for children shows potential. The idea's technical feasibility is supported by existing speech recognition technology. However, to increase business viability, the team should consider a clear revenue model and potential partnerships with schools or libraries.",True
CASE_SYN_016,models/Mistral-7B-Instruct-v0.3,models/Mistral-7B-Instruct-v0.3,vllm,http://localhost:8000/v1,C1,1,3bb65d16,0.0,2026-08-28T16:13:24.706015,1," {
  ""score"": 7,
  ""verdict"": ""invest"",
  ""confidence"": 85,
  ""rubric_scores"": {
    ""market_potential"": 4,
    ""technical_feasibility"": 4,
    ""business_viability"": 5
  },
  ""reasoning"": ""Strong market potential in crowded urban areas, where parking is a constant challenge. The idea is technically feasible with existing technologies for data collection and prediction algorithms. Business viability is high due to the recurring revenue model through partnerships with parking lot owners and advertisers.""
}",7,invest,85,4,4,5,"Strong market potential in crowded urban areas, where parking is a constant challenge. The idea is technically feasible with existing technologies for data collection and prediction algorithms. Business viability is high due to the recurring revenue model through partnerships with parking lot owners and advertisers.",True
CASE_SYN_016,models/Mistral-7B-Instruct-v0.3,models/Mistral-7B-Instruct-v0.3,vllm,http://localhost:8000/v1,C1,2,3bb65d16,0.0,2026-08-28T16:13:24.907680,1," {
  ""score"": 7,
  ""verdict"": ""invest"",
  ""confidence"": 85,
  ""rubric_scores"": {
    ""market_potential"": 4,
    ""technical_feasibility"": 4,
    ""business_viability"": 5
  },
  ""reasoning"": ""Strong market potential in crowded urban areas, where parking is a constant challenge. The idea is technically feasible with existing technologies for data collection and prediction algorithms. Business viability is high due to the recurring revenue model through partnerships with parking lot owners and advertisers.""
}",7,invest,85,4,4,5,"Strong market potential in crowded urban areas, where parking is a constant challenge. The idea is technically feasible with existing technologies for data collection and prediction algorithms. Business viability is high due to the recurring revenue model through partnerships with parking lot owners and advertisers.",True
CASE_SYN_016,models/Mistral-7B-Instruct-v0.3,models/Mistral-7B-Instruct-v0.3,vllm,http://localhost:8000/v1,C1,3,3bb65d16,0.0,2026-08-28T16:13:32.201722,1," {
  ""score"": 7,
  ""verdict"": ""invest"",
  ""confidence"": 85,
  ""rubric_scores"": {
    ""market_potential"": 4,
    ""technical_feasibility"": 4,
    ""business_viability"": 5
  },
  ""reasoning"": ""Strong market potential in crowded urban areas, where parking is a constant challenge. The idea is technically feasible with existing technologies for data collection and prediction algorithms. Business viability is high due to the recurring user base and potential partnerships with city governments and parking lot operators.""
}",7,invest,85,4,4,5,"Strong market potential in crowded urban areas, where parking is a constant challenge. The idea is technically feasible with existing technologies for data collection and prediction algorithms. Business viability is high due to the recurring user base and potential partnerships with city governments and parking lot operators.",True
CASE_SYN_016,models/Mistral-7B-Instruct-v0.3,models/Mistral-7B-Instruct-v0.3,vllm,http://localhost:8000/v1,C1,4,3bb65d16,0.0,2026-08-28T16:13:40.480024,1," {
  ""score"": 7,
  ""verdict"": ""invest"",
  ""confidence"": 85,
  ""rubric_scores"": {
    ""market_potential"": 4,
    ""technical_feasibility"": 4,
    ""business_viability"": 5
  },
  ""reasoning"": ""Strong market potential in crowded urban areas, where parking is a constant challenge. The idea is technically feasible with existing technologies for data collection and prediction algorithms. Business viability is high due to the recurring revenue model through partnerships with parking lot owners and advertisers.""
}",7,invest,85,4,4,5,"Strong market potential in crowded urban areas, where parking is a constant challenge. The idea is technically feasible with existing technologies for data collection and prediction algorithms. Business viability is high due to the recurring revenue model through partnerships with parking lot owners and advertisers.",True
CASE_SYN_016,models/Mistral-7B-Instruct-v0.3,models/Mistral-7B-Instruct-v0.3,vllm,http://localhost:8000/v1,C1,5,3bb65d16,0.0,2026-08-28T16:13:54.237014,1," {
  ""score"": 7,
  ""verdict"": ""invest"",
  ""confidence"": 85,
  ""rubric_scores"": {
    ""market_potential"": 4,
    ""technical_feasibility"": 4,
    ""business_viability"": 5
  },
  ""reasoning"": ""Strong market potential in crowded urban areas, where parking is a constant challenge. The idea is technically feasible with existing technologies for data collection and prediction algorithms. Business viability is high due to the recurring revenue model through partnerships with parking lot owners and advertisers.""
}",7,invest,85,4,4,5,"Strong market potential in crowded urban areas, where parking is a constant challenge. The idea is technically feasible with existing technologies for data collection and prediction algorithms. Business viability is high due to the recurring revenue model through partnerships with parking lot owners and advertisers.",True
CASE_SYN_016,models/Mistral-7B-Instruct-v0.3,models/Mistral-7B-Instruct-v0.3,vllm,http://localhost:8000/v1,C1,6,3bb65d16,0.0,2026-08-28T16:13:58.266252,1," {
  ""score"": 7,
  ""verdict"": ""invest"",
  ""confidence"": 85,
  ""rubric_scores"": {
    ""market_potential"": 4,
    ""technical_feasibility"": 4,
    ""business_viability"": 5
  },
  ""reasoning"": ""Strong market potential in crowded urban areas, where parking is a constant challenge. The idea is technically feasible with existing technologies for data collection and prediction algorithms. Business viability is high due to the recurring user base and potential partnerships with city governments and parking lot operators.""
}",7,invest,85,4,4,5,"Strong market potential in crowded urban areas, where parking is a constant challenge. The idea is technically feasible with existing technologies for data collection and prediction algorithms. Business viability is high due to the recurring user base and potential partnerships with city governments and parking lot operators.",True
CASE_SYN_016,models/Mistral-7B-Instruct-v0.3,models/Mistral-7B-Instruct-v0.3,vllm,http://localhost:8000/v1,C1,7,3bb65d16,0.0,2026-08-28T16:14:16.321652,1," {
  ""score"": 7,
  ""verdict"": ""invest"",
  ""confidence"": 85,
  ""rubric_scores"": {
    ""market_potential"": 4,
    ""technical_feasibility"": 4,
    ""business_viability"": 5
  },
  ""reasoning"": ""Strong market potential in crowded urban areas, where parking is a constant challenge. The idea is technically feasible with existing technologies for data collection and prediction algorithms. Business viability is high due to the recurring revenue model through partnerships with parking lot owners and advertisers.""
}",7,invest,85,4,4,5,"Strong market potential in crowded urban areas, where parking is a constant challenge. The idea is technically feasible with existing technologies for data collection and prediction algorithms. Business viability is high due to the recurring revenue model through partnerships with parking lot owners and advertisers.",True
CASE_SYN_016,models/Mistral-7B-Instruct-v0.3,models/Mistral-7B-Instruct-v0.3,vllm,http://localhost:8000/v1,C1,8,3bb65d16,0.0,2026-08-28T16:14:16.519595,1," {
  ""score"": 7,
  ""verdict"": ""invest"",
  ""confidence"": 85,
  ""rubric_scores"": {
    ""market_potential"": 4,
    ""technical_feasibility"": 4,
    ""business_viability"": 5
  },
  ""reasoning"": ""Strong market potential in crowded urban areas, where parking is a constant challenge. The idea is technically feasible with existing technologies for data collection and prediction algorithms. Business viability is high due to the recurring revenue model through partnerships with parking lot owners and advertisers.""
}",7,invest,85,4,4,5,"Strong market potential in crowded urban areas, where parking is a constant challenge. The idea is technically feasible with existing technologies for data collection and prediction algorithms. Business viability is high due to the recurring revenue model through partnerships with parking lot owners and advertisers.",True
CASE_SYN_016,models/Mistral-7B-Instruct-v0.3,models/Mistral-7B-Instruct-v0.3,vllm,http://localhost:8000/v1,C1,10,3bb65d16,0.0,2026-08-28T16:14:26.242030,1," {
  ""score"": 7,
  ""verdict"": ""invest"",
  ""confidence"": 85,
  ""rubric_scores"": {
    ""market_potential"": 4,
    ""technical_feasibility"": 4,
    ""business_viability"": 5
  },
  ""reasoning"": ""Strong market potential in crowded urban areas, where parking is a constant challenge. The idea is technically feasible with existing technologies for data collection and prediction algorithms. Business viability is high due to the recurring revenue model through partnerships with parking lot owners.""
}",7,invest,85,4,4,5,"Strong market potential in crowded urban areas, where parking is a constant challenge. The idea is technically feasible with existing technologies for data collection and prediction algorithms. Business viability is high due to the recurring revenue model through partnerships with parking lot owners.",True
CASE_SYN_017,models/Mistral-7B-Instruct-v0.3,models/Mistral-7B-Instruct-v0.3,vllm,http://localhost:8000/v1,C1,1,3bb65d16,0.0,2026-08-28T16:14:25.711347,1," {
  ""score"": 6,
  ""verdict"": ""pass"",
  ""confidence"": 80,
  ""rubric_scores"": {
    ""market_potential"": 4,
    ""technical_feasibility"": 5,
    ""business_viability"": 3
  },
  ""reasoning"": ""While the product concept is innovative and technically feasible, the market potential may be limited due to competition from established photo frame brands. The business viability score is lower due to the need for a clear strategy to differentiate FlexiFrame from competitors and achieve sustainable growth.""
}",6,pass,80,4,5,3,"While the product concept is innovative and technically feasible, the market potential may be limited due to competition from established photo frame brands. The business viability score is lower due to the need for a clear strategy to differentiate FlexiFrame from competitors and achieve sustainable growth.",True
CASE_SYN_017,models/Mistral-7B-Instruct-v0.3,models/Mistral-7B-Instruct-v0.3,vllm,http://localhost:8000/v1,C1,2,3bb65d16,0.0,2026-08-28T16:14:26.324921,1," {
  ""score"": 6,
  ""verdict"": ""pass"",
  ""confidence"": 80,
  ""rubric_scores"": {
    ""market_potential"": 4,
    ""technical_feasibility"": 5,
    ""business_viability"": 3
  },
  ""reasoning"": ""While the product concept is innovative and technically feasible, the market potential may be limited due to competition from established photo frame brands. The business viability score is lower due to the need for a clear strategy to differentiate FlexiFrame from competitors and achieve sustainable growth.""
}",6,pass,80,4,5,3,"While the product concept is innovative and technically feasible, the market potential may be limited due to competition from established photo frame brands. The business viability score is lower due to the need for a clear strategy to differentiate FlexiFrame from competitors and achieve sustainable growth.",True
CASE_SYN_016,models/Mistral-7B-Instruct-v0.3,models/Mistral-7B-Instruct-v0.3,vllm,http://localhost:8000/v1,C1,9,3bb65d16,0.0,2026-08-28T16:14:25.617445,1," {
  ""score"": 7,
  ""verdict"": ""invest"",
  ""confidence"": 85,
  ""rubric_scores"": {
    ""market_potential"": 4,
    ""technical_feasibility"": 4,
    ""business_viability"": 5
  },
  ""reasoning"": ""Strong market potential in crowded urban areas, where parking is a constant challenge. The idea is technically feasible with existing technologies for data collection and prediction algorithms. Business viability is high due to the recurring revenue model through partnerships with parking lot owners and advertisers.""
}",7,invest,85,4,4,5,"Strong market potential in crowded urban areas, where parking is a constant challenge. The idea is technically feasible with existing technologies for data collection and prediction algorithms. Business viability is high due to the recurring revenue model through partnerships with parking lot owners and advertisers.",True
CASE_SYN_017,models/Mistral-7B-Instruct-v0.3,models/Mistral-7B-Instruct-v0.3,vllm,http://localhost:8000/v1,C1,3,3bb65d16,0.0,2026-08-28T16:14:33.784953,1," {
  ""score"": 6,
  ""verdict"": ""pass"",
  ""confidence"": 80,
  ""rubric_scores"": {
    ""market_potential"": 4,
    ""technical_feasibility"": 5,
    ""business_viability"": 3
  },
  ""reasoning"": ""While the product concept is innovative and technically feasible, the market potential may be limited due to competition from established photo frame brands. The business viability score is lower due to the need for a clear strategy to differentiate FlexiFrame from competitors and achieve sustainable growth.""
}",6,pass,80,4,5,3,"While the product concept is innovative and technically feasible, the market potential may be limited due to competition from established photo frame brands. The business viability score is lower due to the need for a clear strategy to differentiate FlexiFrame from competitors and achieve sustainable growth.",True
CASE_SYN_017,models/Mistral-7B-Instruct-v0.3,models/Mistral-7B-Instruct-v0.3,vllm,http://localhost:8000/v1,C1,4,3bb65d16,0.0,2026-08-28T16:14:41.624171,1," {
  ""score"": 6,
  ""verdict"": ""pass"",
  ""confidence"": 80,
  ""rubric_scores"": {
    ""market_potential"": 4,
    ""technical_feasibility"": 5,
    ""business_viability"": 3
  },
  ""reasoning"": ""While the product concept is innovative and technically feasible, the market potential may be limited due to competition from established photo frame brands. The business viability score is lower due to the need for a clear strategy to differentiate FlexiFrame from competitors and achieve sustainable growth.""
}",6,pass,80,4,5,3,"While the product concept is innovative and technically feasible, the market potential may be limited due to competition from established photo frame brands. The business viability score is lower due to the need for a clear strategy to differentiate FlexiFrame from competitors and achieve sustainable growth.",True
CASE_SYN_017,models/Mistral-7B-Instruct-v0.3,models/Mistral-7B-Instruct-v0.3,vllm,http://localhost:8000/v1,C1,5,3bb65d16,0.0,2026-08-28T16:14:55.820083,1," {
  ""score"": 6,
  ""verdict"": ""pass"",
  ""confidence"": 80,
  ""rubric_scores"": {
    ""market_potential"": 4,
    ""technical_feasibility"": 5,
    ""business_viability"": 3
  },
  ""reasoning"": ""While the product concept is innovative and technically feasible, the market potential may be limited due to competition from established photo frame brands. The business viability score is lower due to the need for a clear strategy to differentiate FlexiFrame from competitors and achieve sustainable growth.""
}",6,pass,80,4,5,3,"While the product concept is innovative and technically feasible, the market potential may be limited due to competition from established photo frame brands. The business viability score is lower due to the need for a clear strategy to differentiate FlexiFrame from competitors and achieve sustainable growth.",True
CASE_SYN_017,models/Mistral-7B-Instruct-v0.3,models/Mistral-7B-Instruct-v0.3,vllm,http://localhost:8000/v1,C1,6,3bb65d16,0.0,2026-08-28T16:15:00.276027,1," {
  ""score"": 6,
  ""verdict"": ""pass"",
  ""confidence"": 80,
  ""rubric_scores"": {
    ""market_potential"": 4,
    ""technical_feasibility"": 5,
    ""business_viability"": 3
  },
  ""reasoning"": ""While the product concept is innovative and technically feasible, the market potential may be limited due to competition from established photo frame brands. The business viability score is lower due to the need for a clear strategy to differentiate FlexiFrame from competitors and achieve sustainable growth.""
}",6,pass,80,4,5,3,"While the product concept is innovative and technically feasible, the market potential may be limited due to competition from established photo frame brands. The business viability score is lower due to the need for a clear strategy to differentiate FlexiFrame from competitors and achieve sustainable growth.",True
CASE_SYN_017,models/Mistral-7B-Instruct-v0.3,models/Mistral-7B-Instruct-v0.3,vllm,http://localhost:8000/v1,C1,7,3bb65d16,0.0,2026-08-28T16:15:18.319658,1," {
  ""score"": 6,
  ""verdict"": ""pass"",
  ""confidence"": 80,
  ""rubric_scores"": {
    ""market_potential"": 4,
    ""technical_feasibility"": 5,
    ""business_viability"": 3
  },
  ""reasoning"": ""While the product concept is innovative and technically feasible, the market potential may be limited due to competition from established photo frame brands. The business viability score is lower due to the need for a clear strategy to differentiate FlexiFrame from competitors and achieve sustainable growth.""
}",6,pass,80,4,5,3,"While the product concept is innovative and technically feasible, the market potential may be limited due to competition from established photo frame brands. The business viability score is lower due to the need for a clear strategy to differentiate FlexiFrame from competitors and achieve sustainable growth.",True
CASE_SYN_017,models/Mistral-7B-Instruct-v0.3,models/Mistral-7B-Instruct-v0.3,vllm,http://localhost:8000/v1,C1,8,3bb65d16,0.0,2026-08-28T16:15:18.519843,1," {
  ""score"": 6,
  ""verdict"": ""pass"",
  ""confidence"": 80,
  ""rubric_scores"": {
    ""market_potential"": 4,
    ""technical_feasibility"": 5,
    ""business_viability"": 3
  },
  ""reasoning"": ""While the product concept is innovative and technically feasible, the market potential may be limited due to competition from established photo frame brands. The business viability score is lower due to the need for a clear strategy to differentiate FlexiFrame from competitors and achieve sustainable growth.""
}",6,pass,80,4,5,3,"While the product concept is innovative and technically feasible, the market potential may be limited due to competition from established photo frame brands. The business viability score is lower due to the need for a clear strategy to differentiate FlexiFrame from competitors and achieve sustainable growth.",True
CASE_SYN_017,models/Mistral-7B-Instruct-v0.3,models/Mistral-7B-Instruct-v0.3,vllm,http://localhost:8000/v1,C1,9,3bb65d16,0.0,2026-08-28T16:15:27.202990,1," {
  ""score"": 6,
  ""verdict"": ""pass"",
  ""confidence"": 80,
  ""rubric_scores"": {
    ""market_potential"": 4,
    ""technical_feasibility"": 5,
    ""business_viability"": 3
  },
  ""reasoning"": ""While the product concept is innovative and technically feasible, the market potential may be limited due to competition from established photo frame brands. The business viability score is lower due to the need for a clear strategy to differentiate FlexiFrame from competitors and achieve sustainable growth.""
}",6,pass,80,4,5,3,"While the product concept is innovative and technically feasible, the market potential may be limited due to competition from established photo frame brands. The business viability score is lower due to the need for a clear strategy to differentiate FlexiFrame from competitors and achieve sustainable growth.",True
CASE_SYN_017,models/Mistral-7B-Instruct-v0.3,models/Mistral-7B-Instruct-v0.3,vllm,http://localhost:8000/v1,C1,10,3bb65d16,0.0,2026-08-28T16:15:27.819997,1," {
  ""score"": 6,
  ""verdict"": ""pass"",
  ""confidence"": 80,
  ""rubric_scores"": {
    ""market_potential"": 4,
    ""technical_feasibility"": 5,
    ""business_viability"": 3
  },
  ""reasoning"": ""While the product concept is innovative and technically feasible, the market potential may be limited due to competition from established photo frame brands. The business viability score is lower due to the need for a clear strategy to differentiate FlexiFrame from competitors and achieve sustainable growth.""
}",6,pass,80,4,5,3,"While the product concept is innovative and technically feasible, the market potential may be limited due to competition from established photo frame brands. The business viability score is lower due to the need for a clear strategy to differentiate FlexiFrame from competitors and achieve sustainable growth.",True
CASE_SYN_018,models/Mistral-7B-Instruct-v0.3,models/Mistral-7B-Instruct-v0.3,vllm,http://localhost:8000/v1,C1,2,3bb65d16,0.0,2026-08-28T16:15:26.650595,1," {
  ""score"": 7,
  ""verdict"": ""invest"",
  ""confidence"": 85,
  ""rubric_scores"": {
    ""market_potential"": 4,
    ""technical_feasibility"": 5,
    ""business_viability"": 4
  },
  ""reasoning"": ""The idea of a secure password manager using voice biometrics has a strong potential in the growing market for cybersecurity solutions. The technical feasibility is high due to advancements in voice recognition technology. However, the business viability score is lower due to potential challenges in user adoption, privacy concerns, and competition from established players.""
}",7,invest,85,4,5,4,"The idea of a secure password manager using voice biometrics has a strong potential in the growing market for cybersecurity solutions. The technical feasibility is high due to advancements in voice recognition technology. However, the business viability score is lower due to potential challenges in user adoption, privacy concerns, and competition from established players.",True
CASE_SYN_018,models/Mistral-7B-Instruct-v0.3,models/Mistral-7B-Instruct-v0.3,vllm,http://localhost:8000/v1,C1,1,3bb65d16,0.0,2026-08-28T16:15:26.450453,1," {
  ""score"": 7,
  ""verdict"": ""invest"",
  ""confidence"": 85,
  ""rubric_scores"": {
    ""market_potential"": 4,
    ""technical_feasibility"": 5,
    ""business_viability"": 4
  },
  ""reasoning"": ""The idea of a secure password manager using voice biometrics has a strong potential in the growing market for cybersecurity solutions. The technical feasibility is high due to advancements in voice recognition technology. However, the business viability score is lower due to potential challenges in user adoption, privacy concerns, and competition from established players.""
}",7,invest,85,4,5,4,"The idea of a secure password manager using voice biometrics has a strong potential in the growing market for cybersecurity solutions. The technical feasibility is high due to advancements in voice recognition technology. However, the business viability score is lower due to potential challenges in user adoption, privacy concerns, and competition from established players.",True
CASE_SYN_018,models/Mistral-7B-Instruct-v0.3,models/Mistral-7B-Instruct-v0.3,vllm,http://localhost:8000/v1,C1,3,3bb65d16,0.0,2026-08-28T16:15:34.518026,1," {
  ""score"": 7,
  ""verdict"": ""invest"",
  ""confidence"": 85,
  ""rubric_scores"": {
    ""market_potential"": 4,
    ""technical_feasibility"": 5,
    ""business_viability"": 4
  },
  ""reasoning"": ""The idea of a secure password manager using voice biometrics has a strong potential in the growing market for cybersecurity solutions. The technical feasibility is high due to advancements in voice recognition technology. However, the business viability score is lower due to potential challenges in user adoption, privacy concerns, and competition from established players.""
}",7,invest,85,4,5,4,"The idea of a secure password manager using voice biometrics has a strong potential in the growing market for cybersecurity solutions. The technical feasibility is high due to advancements in voice recognition technology. However, the business viability score is lower due to potential challenges in user adoption, privacy concerns, and competition from established players.",True
CASE_SYN_018,models/Mistral-7B-Instruct-v0.3,models/Mistral-7B-Instruct-v0.3,vllm,http://localhost:8000/v1,C1,4,3bb65d16,0.0,2026-08-28T16:15:42.361283,1," {
  ""score"": 7,
  ""verdict"": ""invest"",
  ""confidence"": 85,
  ""rubric_scores"": {
    ""market_potential"": 4,
    ""technical_feasibility"": 5,
    ""business_viability"": 4
  },
  ""reasoning"": ""The idea of a secure password manager using voice biometrics has a strong potential in the growing market for cybersecurity solutions. The technical feasibility is high given the advancements in voice recognition technology. However, the business viability score is lower due to concerns about user adoption, privacy, and the competitive landscape.""
}",7,invest,85,4,5,4,"The idea of a secure password manager using voice biometrics has a strong potential in the growing market for cybersecurity solutions. The technical feasibility is high given the advancements in voice recognition technology. However, the business viability score is lower due to concerns about user adoption, privacy, and the competitive landscape.",True
CASE_SYN_018,models/Mistral-7B-Instruct-v0.3,models/Mistral-7B-Instruct-v0.3,vllm,http://localhost:8000/v1,C1,5,3bb65d16,0.0,2026-08-28T16:15:56.991211,1," {
  ""score"": 7,
  ""verdict"": ""invest"",
  ""confidence"": 85,
  ""rubric_scores"": {
    ""market_potential"": 4,
    ""technical_feasibility"": 5,
    ""business_viability"": 4
  },
  ""reasoning"": ""The idea of a secure password manager using voice biometrics has a strong potential in the growing market for cybersecurity solutions. The technical feasibility is high due to advancements in voice recognition technology. However, the business viability score is lower due to potential challenges in user adoption, privacy concerns, and competition from established players.""
}",7,invest,85,4,5,4,"The idea of a secure password manager using voice biometrics has a strong potential in the growing market for cybersecurity solutions. The technical feasibility is high due to advancements in voice recognition technology. However, the business viability score is lower due to potential challenges in user adoption, privacy concerns, and competition from established players.",True
CASE_SYN_018,models/Mistral-7B-Instruct-v0.3,models/Mistral-7B-Instruct-v0.3,vllm,http://localhost:8000/v1,C1,6,3bb65d16,0.0,2026-08-28T16:16:01.441437,1," {
  ""score"": 7,
  ""verdict"": ""invest"",
  ""confidence"": 85,
  ""rubric_scores"": {
    ""market_potential"": 4,
    ""technical_feasibility"": 5,
    ""business_viability"": 4
  },
  ""reasoning"": ""The idea of a secure password manager using voice biometrics has a strong potential in the growing market for cybersecurity solutions. The technical feasibility is high due to advancements in voice recognition technology. However, the business viability score is lower due to potential challenges in user adoption, privacy concerns, and competition from established players.""
}",7,invest,85,4,5,4,"The idea of a secure password manager using voice biometrics has a strong potential in the growing market for cybersecurity solutions. The technical feasibility is high due to advancements in voice recognition technology. However, the business viability score is lower due to potential challenges in user adoption, privacy concerns, and competition from established players.",True
CASE_SYN_018,models/Mistral-7B-Instruct-v0.3,models/Mistral-7B-Instruct-v0.3,vllm,http://localhost:8000/v1,C1,7,3bb65d16,0.0,2026-08-28T16:16:19.904026,1," {
  ""score"": 7,
  ""verdict"": ""invest"",
  ""confidence"": 85,
  ""rubric_scores"": {
    ""market_potential"": 4,
    ""technical_feasibility"": 5,
    ""business_viability"": 4
  },
  ""reasoning"": ""The idea of a secure password manager using voice biometrics has a strong potential in the growing market for cybersecurity solutions. The technical feasibility is high due to advancements in voice recognition technology. However, the business viability score is lower due to potential challenges in user adoption, privacy concerns, and competition from established players.""
}",7,invest,85,4,5,4,"The idea of a secure password manager using voice biometrics has a strong potential in the growing market for cybersecurity solutions. The technical feasibility is high due to advancements in voice recognition technology. However, the business viability score is lower due to potential challenges in user adoption, privacy concerns, and competition from established players.",True
CASE_SYN_018,models/Mistral-7B-Instruct-v0.3,models/Mistral-7B-Instruct-v0.3,vllm,http://localhost:8000/v1,C1,8,3bb65d16,0.0,2026-08-28T16:16:20.102562,1," {
  ""score"": 7,
  ""verdict"": ""invest"",
  ""confidence"": 85,
  ""rubric_scores"": {
    ""market_potential"": 4,
    ""technical_feasibility"": 5,
    ""business_viability"": 4
  },
  ""reasoning"": ""The idea of a secure password manager using voice biometrics has a strong potential in the growing market for cybersecurity solutions. The technical feasibility is high due to advancements in voice recognition technology. However, the business viability score is lower due to potential challenges in user adoption, privacy concerns, and competition from established players.""
}",7,invest,85,4,5,4,"The idea of a secure password manager using voice biometrics has a strong potential in the growing market for cybersecurity solutions. The technical feasibility is high due to advancements in voice recognition technology. However, the business viability score is lower due to potential challenges in user adoption, privacy concerns, and competition from established players.",True
CASE_SYN_018,models/Mistral-7B-Instruct-v0.3,models/Mistral-7B-Instruct-v0.3,vllm,http://localhost:8000/v1,C1,9,3bb65d16,0.0,2026-08-28T16:16:29.209966,1," {
  ""score"": 7,
  ""verdict"": ""invest"",
  ""confidence"": 85,
  ""rubric_scores"": {
    ""market_potential"": 4,
    ""technical_feasibility"": 5,
    ""business_viability"": 4
  },
  ""reasoning"": ""The idea of a secure password manager using voice biometrics has a strong potential in the growing market for cybersecurity solutions. The technical feasibility is high given the advancements in voice recognition technology. However, the business viability score is lower due to concerns about user adoption, privacy, and the competitive landscape.""
}",7,invest,85,4,5,4,"The idea of a secure password manager using voice biometrics has a strong potential in the growing market for cybersecurity solutions. The technical feasibility is high given the advancements in voice recognition technology. However, the business viability score is lower due to concerns about user adoption, privacy, and the competitive landscape.",True
CASE_SYN_018,models/Mistral-7B-Instruct-v0.3,models/Mistral-7B-Instruct-v0.3,vllm,http://localhost:8000/v1,C1,10,3bb65d16,0.0,2026-08-28T16:16:29.833015,1," {
  ""score"": 7,
  ""verdict"": ""invest"",
  ""confidence"": 85,
  ""rubric_scores"": {
    ""market_potential"": 4,
    ""technical_feasibility"": 5,
    ""business_viability"": 4
  },
  ""reasoning"": ""The idea of a secure password manager using voice biometrics has a strong potential in the growing market for cybersecurity solutions. The technical feasibility is high given the advancements in voice recognition technology. However, the business viability score is lower due to concerns about user adoption, privacy, and the competitive landscape.""
}",7,invest,85,4,5,4,"The idea of a secure password manager using voice biometrics has a strong potential in the growing market for cybersecurity solutions. The technical feasibility is high given the advancements in voice recognition technology. However, the business viability score is lower due to concerns about user adoption, privacy, and the competitive landscape.",True
CASE_SYN_019,models/Mistral-7B-Instruct-v0.3,models/Mistral-7B-Instruct-v0.3,vllm,http://localhost:8000/v1,C1,2,3bb65d16,0.0,2026-08-28T16:16:32.057212,1," {
  ""score"": 7,
  ""verdict"": ""invest"",
  ""confidence"": 85,
  ""rubric_scores"": {
    ""market_potential"": 4,
    ""technical_feasibility"": 5,
    ""business_viability"": 4
  },
  ""reasoning"": ""Strong technical feasibility with GPS tracking, alarm, and long battery life. Market potential is moderate due to competition in smart bike locks, but the added features could differentiate it. Business viability is moderate due to the need for effective marketing and partnerships with bike-sharing companies.""
}",7,invest,85,4,5,4,"Strong technical feasibility with GPS tracking, alarm, and long battery life. Market potential is moderate due to competition in smart bike locks, but the added features could differentiate it. Business viability is moderate due to the need for effective marketing and partnerships with bike-sharing companies.",True
CASE_SYN_019,models/Mistral-7B-Instruct-v0.3,models/Mistral-7B-Instruct-v0.3,vllm,http://localhost:8000/v1,C1,1,3bb65d16,0.0,2026-08-28T16:16:31.856124,1," {
  ""score"": 7,
  ""verdict"": ""invest"",
  ""confidence"": 85,
  ""rubric_scores"": {
    ""market_potential"": 4,
    ""technical_feasibility"": 5,
    ""business_viability"": 4
  },
  ""reasoning"": ""Strong technical feasibility with GPS tracking, alarm, and long battery life. Market potential is moderate due to competition in smart bike locks, but the added features could differentiate it. Business viability is moderate due to the need for effective marketing and partnerships with bike-sharing companies.""
}",7,invest,85,4,5,4,"Strong technical feasibility with GPS tracking, alarm, and long battery life. Market potential is moderate due to competition in smart bike locks, but the added features could differentiate it. Business viability is moderate due to the need for effective marketing and partnerships with bike-sharing companies.",True
CASE_SYN_019,models/Mistral-7B-Instruct-v0.3,models/Mistral-7B-Instruct-v0.3,vllm,http://localhost:8000/v1,C1,3,3bb65d16,0.0,2026-08-28T16:16:40.343656,1," {
  ""score"": 7,
  ""verdict"": ""invest"",
  ""confidence"": 85,
  ""rubric_scores"": {
    ""market_potential"": 4,
    ""technical_feasibility"": 5,
    ""business_viability"": 4
  },
  ""reasoning"": ""Strong technical feasibility with GPS tracking, alarm, and long battery life. Market potential is moderate due to competition in smart bike locks, but the added features could differentiate it. Business viability is moderate due to the need for effective marketing and partnerships with bike-sharing companies.""
}",7,invest,85,4,5,4,"Strong technical feasibility with GPS tracking, alarm, and long battery life. Market potential is moderate due to competition in smart bike locks, but the added features could differentiate it. Business viability is moderate due to the need for effective marketing and partnerships with bike-sharing companies.",True
CASE_SYN_019,models/Mistral-7B-Instruct-v0.3,models/Mistral-7B-Instruct-v0.3,vllm,http://localhost:8000/v1,C1,4,3bb65d16,0.0,2026-08-28T16:16:46.906010,1," {
  ""score"": 7,
  ""verdict"": ""invest"",
  ""confidence"": 85,
  ""rubric_scores"": {
    ""market_potential"": 4,
    ""technical_feasibility"": 5,
    ""business_viability"": 4
  },
  ""reasoning"": ""Strong technical feasibility with GPS tracking, alarm, and long battery life. Market potential is moderate due to competition in smart bike locks, but the added features could differentiate it. Business viability is moderate due to the need for effective marketing and partnerships with bike-sharing companies.""
}",7,invest,85,4,5,4,"Strong technical feasibility with GPS tracking, alarm, and long battery life. Market potential is moderate due to competition in smart bike locks, but the added features could differentiate it. Business viability is moderate due to the need for effective marketing and partnerships with bike-sharing companies.",True
CASE_SYN_019,models/Mistral-7B-Instruct-v0.3,models/Mistral-7B-Instruct-v0.3,vllm,http://localhost:8000/v1,C1,5,3bb65d16,0.0,2026-08-28T16:17:03.226362,1," {
  ""score"": 7,
  ""verdict"": ""invest"",
  ""confidence"": 85,
  ""rubric_scores"": {
    ""market_potential"": 4,
    ""technical_feasibility"": 5,
    ""business_viability"": 4
  },
  ""reasoning"": ""Strong technical feasibility with GPS tracking, alarm, and long battery life. Market potential is moderate due to competition in smart bike locks, but the added features could differentiate it. Business viability is moderate due to the need for effective marketing and partnerships with bike-sharing companies.""
}",7,invest,85,4,5,4,"Strong technical feasibility with GPS tracking, alarm, and long battery life. Market potential is moderate due to competition in smart bike locks, but the added features could differentiate it. Business viability is moderate due to the need for effective marketing and partnerships with bike-sharing companies.",True
CASE_SYN_019,models/Mistral-7B-Instruct-v0.3,models/Mistral-7B-Instruct-v0.3,vllm,http://localhost:8000/v1,C1,6,3bb65d16,0.0,2026-08-28T16:17:07.668209,1," {
  ""score"": 7,
  ""verdict"": ""invest"",
  ""confidence"": 85,
  ""rubric_scores"": {
    ""market_potential"": 4,
    ""technical_feasibility"": 5,
    ""business_viability"": 4
  },
  ""reasoning"": ""Strong technical feasibility with GPS tracking, alarm, and long battery life. Market potential is moderate due to competition in smart bike locks, but the added features could differentiate it. Business viability is moderate due to the need for effective marketing and partnerships with bike-sharing companies.""
}",7,invest,85,4,5,4,"Strong technical feasibility with GPS tracking, alarm, and long battery life. Market potential is moderate due to competition in smart bike locks, but the added features could differentiate it. Business viability is moderate due to the need for effective marketing and partnerships with bike-sharing companies.",True
CASE_SYN_019,models/Mistral-7B-Instruct-v0.3,models/Mistral-7B-Instruct-v0.3,vllm,http://localhost:8000/v1,C1,7,3bb65d16,0.0,2026-08-28T16:17:26.543884,1," {
  ""score"": 7,
  ""verdict"": ""invest"",
  ""confidence"": 85,
  ""rubric_scores"": {
    ""market_potential"": 4,
    ""technical_feasibility"": 5,
    ""business_viability"": 4
  },
  ""reasoning"": ""Strong technical feasibility with GPS tracking, alarm, and long battery life. Market potential is moderate due to competition in smart bike locks, but the added features could differentiate it. Business viability is moderate due to the need for effective marketing and partnerships with bike-sharing companies.""
}",7,invest,85,4,5,4,"Strong technical feasibility with GPS tracking, alarm, and long battery life. Market potential is moderate due to competition in smart bike locks, but the added features could differentiate it. Business viability is moderate due to the need for effective marketing and partnerships with bike-sharing companies.",True
CASE_SYN_019,models/Mistral-7B-Instruct-v0.3,models/Mistral-7B-Instruct-v0.3,vllm,http://localhost:8000/v1,C1,8,3bb65d16,0.0,2026-08-28T16:17:26.745935,1," {
  ""score"": 7,
  ""verdict"": ""invest"",
  ""confidence"": 85,
  ""rubric_scores"": {
    ""market_potential"": 4,
    ""technical_feasibility"": 5,
    ""business_viability"": 4
  },
  ""reasoning"": ""Strong technical feasibility with GPS tracking, alarm, and long battery life. Market potential is moderate due to competition in smart bike locks, but the added features could differentiate it. Business viability is moderate due to the need for effective marketing and partnerships with bike-sharing companies.""
}",7,invest,85,4,5,4,"Strong technical feasibility with GPS tracking, alarm, and long battery life. Market potential is moderate due to competition in smart bike locks, but the added features could differentiate it. Business viability is moderate due to the need for effective marketing and partnerships with bike-sharing companies.",True
CASE_SYN_020,models/Mistral-7B-Instruct-v0.3,models/Mistral-7B-Instruct-v0.3,vllm,http://localhost:8000/v1,C1,1,3bb65d16,0.0,2026-08-28T16:17:34.253950,1," {
  ""score"": 7,
  ""verdict"": ""invest"",
  ""confidence"": 85,
  ""rubric_scores"": {
    ""market_potential"": 4,
    ""technical_feasibility"": 5,
    ""business_viability"": 4
  },
  ""reasoning"": ""Strong market potential for diet-conscious consumers and budget-conscious shoppers. Technical feasibility is high given the existing solutions in the meal planning space. However, business viability is moderated by competition and the need for strategic partnerships with grocery stores.""
}",7,invest,85,4,5,4,"Strong market potential for diet-conscious consumers and budget-conscious shoppers. Technical feasibility is high given the existing solutions in the meal planning space. However, business viability is moderated by competition and the need for strategic partnerships with grocery stores.",True
CASE_SYN_020,models/Mistral-7B-Instruct-v0.3,models/Mistral-7B-Instruct-v0.3,vllm,http://localhost:8000/v1,C1,2,3bb65d16,0.0,2026-08-28T16:17:34.456918,1," {
  ""score"": 7,
  ""verdict"": ""invest"",
  ""confidence"": 85,
  ""rubric_scores"": {
    ""market_potential"": 4,
    ""technical_feasibility"": 5,
    ""business_viability"": 4
  },
  ""reasoning"": ""Strong market potential for diet-conscious consumers and budget-conscious shoppers. Technical feasibility is high given the existing solutions in the meal planning space. However, business viability is moderated by competition and the need for strategic partnerships with grocery stores.""
}",7,invest,85,4,5,4,"Strong market potential for diet-conscious consumers and budget-conscious shoppers. Technical feasibility is high given the existing solutions in the meal planning space. However, business viability is moderated by competition and the need for strategic partnerships with grocery stores.",True
CASE_SYN_019,models/Mistral-7B-Instruct-v0.3,models/Mistral-7B-Instruct-v0.3,vllm,http://localhost:8000/v1,C1,9,3bb65d16,0.0,2026-08-28T16:17:34.997040,1," {
  ""score"": 7,
  ""verdict"": ""invest"",
  ""confidence"": 85,
  ""rubric_scores"": {
    ""market_potential"": 4,
    ""technical_feasibility"": 5,
    ""business_viability"": 4
  },
  ""reasoning"": ""Strong technical feasibility with GPS tracking, alarm, and long battery life. Market potential is moderate due to competition in smart bike locks, but the added features could differentiate it. Business viability is moderate due to the need for effective marketing and partnerships with bike-sharing companies.""
}",7,invest,85,4,5,4,"Strong technical feasibility with GPS tracking, alarm, and long battery life. Market potential is moderate due to competition in smart bike locks, but the added features could differentiate it. Business viability is moderate due to the need for effective marketing and partnerships with bike-sharing companies.",True
CASE_SYN_019,models/Mistral-7B-Instruct-v0.3,models/Mistral-7B-Instruct-v0.3,vllm,http://localhost:8000/v1,C1,10,3bb65d16,0.0,2026-08-28T16:17:35.621037,1," {
  ""score"": 7,
  ""verdict"": ""invest"",
  ""confidence"": 85,
  ""rubric_scores"": {
    ""market_potential"": 4,
    ""technical_feasibility"": 5,
    ""business_viability"": 4
  },
  ""reasoning"": ""Strong technical feasibility with GPS tracking, alarm, and long battery life. Market potential is moderate due to competition in smart bike locks, but the added features could differentiate it. Business viability is moderate due to the need for effective marketing and partnerships with bike-sharing companies.""
}",7,invest,85,4,5,4,"Strong technical feasibility with GPS tracking, alarm, and long battery life. Market potential is moderate due to competition in smart bike locks, but the added features could differentiate it. Business viability is moderate due to the need for effective marketing and partnerships with bike-sharing companies.",True
CASE_SYN_020,models/Mistral-7B-Instruct-v0.3,models/Mistral-7B-Instruct-v0.3,vllm,http://localhost:8000/v1,C1,3,3bb65d16,0.0,2026-08-28T16:17:43.143034,1," {
  ""score"": 7,
  ""verdict"": ""invest"",
  ""confidence"": 85,
  ""rubric_scores"": {
    ""market_potential"": 4,
    ""technical_feasibility"": 5,
    ""business_viability"": 4
  },
  ""reasoning"": ""Strong market potential for diet-conscious consumers and budget-conscious shoppers. Technical feasibility is high given the existing solutions in the meal planning space. However, business viability is moderated by competition and the need for strategic partnerships with grocery stores.""
}",7,invest,85,4,5,4,"Strong market potential for diet-conscious consumers and budget-conscious shoppers. Technical feasibility is high given the existing solutions in the meal planning space. However, business viability is moderated by competition and the need for strategic partnerships with grocery stores.",True
CASE_SYN_020,models/Mistral-7B-Instruct-v0.3,models/Mistral-7B-Instruct-v0.3,vllm,http://localhost:8000/v1,C1,4,3bb65d16,0.0,2026-08-28T16:17:49.692904,1," {
  ""score"": 7,
  ""verdict"": ""invest"",
  ""confidence"": 85,
  ""rubric_scores"": {
    ""market_potential"": 4,
    ""technical_feasibility"": 5,
    ""business_viability"": 4
  },
  ""reasoning"": ""Strong market potential for diet-conscious consumers and budget-conscious shoppers. Technical feasibility is high given the existing solutions in the meal planning space. However, business viability is moderated by competition and the need for strategic partnerships with grocery stores.""
}",7,invest,85,4,5,4,"Strong market potential for diet-conscious consumers and budget-conscious shoppers. Technical feasibility is high given the existing solutions in the meal planning space. However, business viability is moderated by competition and the need for strategic partnerships with grocery stores.",True
CASE_SYN_020,models/Mistral-7B-Instruct-v0.3,models/Mistral-7B-Instruct-v0.3,vllm,http://localhost:8000/v1,C1,5,3bb65d16,0.0,2026-08-28T16:18:06.427989,1," {
  ""score"": 7,
  ""verdict"": ""invest"",
  ""confidence"": 85,
  ""rubric_scores"": {
    ""market_potential"": 4,
    ""technical_feasibility"": 5,
    ""business_viability"": 4
  },
  ""reasoning"": ""Strong market potential for diet-conscious consumers and budget-conscious shoppers. Technical feasibility is high given the existing solutions in the meal planning space. However, business viability is moderated by competition and the need for strategic partnerships with grocery stores.""
}",7,invest,85,4,5,4,"Strong market potential for diet-conscious consumers and budget-conscious shoppers. Technical feasibility is high given the existing solutions in the meal planning space. However, business viability is moderated by competition and the need for strategic partnerships with grocery stores.",True
CASE_SYN_020,models/Mistral-7B-Instruct-v0.3,models/Mistral-7B-Instruct-v0.3,vllm,http://localhost:8000/v1,C1,6,3bb65d16,0.0,2026-08-28T16:18:10.886016,1," {
  ""score"": 7,
  ""verdict"": ""invest"",
  ""confidence"": 85,
  ""rubric_scores"": {
    ""market_potential"": 4,
    ""technical_feasibility"": 5,
    ""business_viability"": 4
  },
  ""reasoning"": ""RecipeRadar addresses a growing need for personalized meal planning, leveraging dietary restrictions, budget, and local grocery sales. The technical feasibility is high due to existing APIs for grocery stores and dietary information. However, the business viability is moderate due to competition in the meal planning space, but the app's unique features could differentiate it.""
}",7,invest,85,4,5,4,"RecipeRadar addresses a growing need for personalized meal planning, leveraging dietary restrictions, budget, and local grocery sales. The technical feasibility is high due to existing APIs for grocery stores and dietary information. However, the business viability is moderate due to competition in the meal planning space, but the app's unique features could differentiate it.",True
CASE_SYN_020,models/Mistral-7B-Instruct-v0.3,models/Mistral-7B-Instruct-v0.3,vllm,http://localhost:8000/v1,C1,9,3bb65d16,0.0,2026-08-28T16:18:35.217056,1," {
  ""score"": 7,
  ""verdict"": ""invest"",
  ""confidence"": 85,
  ""rubric_scores"": {
    ""market_potential"": 4,
    ""technical_feasibility"": 5,
    ""business_viability"": 4
  },
  ""reasoning"": ""Strong market potential for diet-conscious consumers and budget-conscious shoppers. Technical feasibility is high given the existing solutions in the meal planning space. However, business viability is moderated by competition and the need for strategic partnerships with grocery stores.""
}",7,invest,85,4,5,4,"Strong market potential for diet-conscious consumers and budget-conscious shoppers. Technical feasibility is high given the existing solutions in the meal planning space. However, business viability is moderated by competition and the need for strategic partnerships with grocery stores.",True
CASE_SYN_020,models/Mistral-7B-Instruct-v0.3,models/Mistral-7B-Instruct-v0.3,vllm,http://localhost:8000/v1,C1,10,3bb65d16,0.0,2026-08-28T16:18:35.840504,1," {
  ""score"": 7,
  ""verdict"": ""invest"",
  ""confidence"": 85,
  ""rubric_scores"": {
    ""market_potential"": 4,
    ""technical_feasibility"": 5,
    ""business_viability"": 4
  },
  ""reasoning"": ""Strong market potential for diet-conscious consumers and budget-conscious shoppers. Technical feasibility is high given the existing solutions in the meal planning space. However, business viability is moderated by competition and the need for strategic partnerships with grocery stores.""
}",7,invest,85,4,5,4,"Strong market potential for diet-conscious consumers and budget-conscious shoppers. Technical feasibility is high given the existing solutions in the meal planning space. However, business viability is moderated by competition and the need for strategic partnerships with grocery stores.",True
CASE_SYN_020,models/Mistral-7B-Instruct-v0.3,models/Mistral-7B-Instruct-v0.3,vllm,http://localhost:8000/v1,C1,7,3bb65d16,0.0,2026-08-28T16:18:30.168022,1," {
  ""score"": 7,
  ""verdict"": ""invest"",
  ""confidence"": 85,
  ""rubric_scores"": {
    ""market_potential"": 4,
    ""technical_feasibility"": 5,
    ""business_viability"": 4
  },
  ""reasoning"": ""RecipeRadar addresses a growing need for personalized meal planning, leveraging dietary restrictions, budget, and local grocery sales. The technical feasibility is high due to existing APIs for grocery stores and dietary information. However, the business viability is moderate due to competition in the meal planning space, but the app's unique features could differentiate it.""
}",7,invest,85,4,5,4,"RecipeRadar addresses a growing need for personalized meal planning, leveraging dietary restrictions, budget, and local grocery sales. The technical feasibility is high due to existing APIs for grocery stores and dietary information. However, the business viability is moderate due to competition in the meal planning space, but the app's unique features could differentiate it.",True
CASE_SYN_020,models/Mistral-7B-Instruct-v0.3,models/Mistral-7B-Instruct-v0.3,vllm,http://localhost:8000/v1,C1,8,3bb65d16,0.0,2026-08-28T16:18:30.371017,1," {
  ""score"": 7,
  ""verdict"": ""invest"",
  ""confidence"": 85,
  ""rubric_scores"": {
    ""market_potential"": 4,
    ""technical_feasibility"": 5,
    ""business_viability"": 4
  },
  ""reasoning"": ""RecipeRadar addresses a growing need for personalized meal planning, leveraging dietary restrictions, budget, and local grocery sales. The technical feasibility is high due to existing APIs for grocery stores and dietary information. However, the business viability is moderate due to competition in the meal planning space, but the app's unique features could differentiate it.""
}",7,invest,85,4,5,4,"RecipeRadar addresses a growing need for personalized meal planning, leveraging dietary restrictions, budget, and local grocery sales. The technical feasibility is high due to existing APIs for grocery stores and dietary information. However, the business viability is moderate due to competition in the meal planning space, but the app's unique features could differentiate it.",True
CASE_SYN_021,models/Mistral-7B-Instruct-v0.3,models/Mistral-7B-Instruct-v0.3,vllm,http://localhost:8000/v1,C1,1,3bb65d16,0.0,2026-08-28T16:18:37.411018,1," {
  ""score"": 7,
  ""verdict"": ""invest"",
  ""confidence"": 80,
  ""rubric_scores"": {
    ""market_potential"": 4,
    ""technical_feasibility"": 5,
    ""business_viability"": 3
  },
  ""reasoning"": ""LumiLantern offers a unique value proposition with its solar-powered camping lantern, wireless charging, and emergency SOS beacon. The product's collapsible design addresses a practical need for campers. However, the market potential may be limited to outdoor enthusiasts, which could impact scalability. The technical feasibility is high due to the existing technology involved. The business viability score is lower due to the need for effective marketing strategies to reach the target audience and ensure profitability.""
}",7,invest,80,4,5,3,"LumiLantern offers a unique value proposition with its solar-powered camping lantern, wireless charging, and emergency SOS beacon. The product's collapsible design addresses a practical need for campers. However, the market potential may be limited to outdoor enthusiasts, which could impact scalability. The technical feasibility is high due to the existing technology involved. The business viability score is lower due to the need for effective marketing strategies to reach the target audience and ensure profitability.",True
CASE_SYN_021,models/Mistral-7B-Instruct-v0.3,models/Mistral-7B-Instruct-v0.3,vllm,http://localhost:8000/v1,C1,2,3bb65d16,0.0,2026-08-28T16:18:38.035641,1," {
  ""score"": 7,
  ""verdict"": ""invest"",
  ""confidence"": 80,
  ""rubric_scores"": {
    ""market_potential"": 4,
    ""technical_feasibility"": 5,
    ""business_viability"": 3
  },
  ""reasoning"": ""LumiLantern offers a unique value proposition with its solar-powered camping lantern, wireless charging, and emergency SOS beacon. The product's collapsible design addresses a practical need for campers. However, the market potential may be limited to outdoor enthusiasts, which could impact scalability. The technical feasibility is high due to the existing technology involved. The business viability score is lower due to the need for effective marketing strategies to reach the target audience and ensure profitability.""
}",7,invest,80,4,5,3,"LumiLantern offers a unique value proposition with its solar-powered camping lantern, wireless charging, and emergency SOS beacon. The product's collapsible design addresses a practical need for campers. However, the market potential may be limited to outdoor enthusiasts, which could impact scalability. The technical feasibility is high due to the existing technology involved. The business viability score is lower due to the need for effective marketing strategies to reach the target audience and ensure profitability.",True
CASE_SYN_021,models/Mistral-7B-Instruct-v0.3,models/Mistral-7B-Instruct-v0.3,vllm,http://localhost:8000/v1,C1,3,3bb65d16,0.0,2026-08-28T16:18:42.941881,1," {
  ""score"": 7,
  ""verdict"": ""invest"",
  ""confidence"": 80,
  ""rubric_scores"": {
    ""market_potential"": 4,
    ""technical_feasibility"": 5,
    ""business_viability"": 3
  },
  ""reasoning"": ""LumiLantern offers a unique value proposition with its solar-powered camping lantern, wireless charging, and emergency SOS beacon. The product's collapsible design addresses a practical need for campers. However, the market potential may be limited to outdoor enthusiasts, which could impact scalability. The technical feasibility is high due to the existing technology involved. The business viability score is lower due to the need for effective marketing strategies to reach the target audience and ensure profitability.""
}",7,invest,80,4,5,3,"LumiLantern offers a unique value proposition with its solar-powered camping lantern, wireless charging, and emergency SOS beacon. The product's collapsible design addresses a practical need for campers. However, the market potential may be limited to outdoor enthusiasts, which could impact scalability. The technical feasibility is high due to the existing technology involved. The business viability score is lower due to the need for effective marketing strategies to reach the target audience and ensure profitability.",True
CASE_SYN_021,models/Mistral-7B-Instruct-v0.3,models/Mistral-7B-Instruct-v0.3,vllm,http://localhost:8000/v1,C1,4,3bb65d16,0.0,2026-08-28T16:18:49.506025,1," {
  ""score"": 7,
  ""verdict"": ""invest"",
  ""confidence"": 80,
  ""rubric_scores"": {
    ""market_potential"": 4,
    ""technical_feasibility"": 5,
    ""business_viability"": 3
  },
  ""reasoning"": ""LumiLantern offers a unique value proposition with its solar-powered camping lantern, wireless charging, and emergency SOS beacon. The product's collapsible design addresses a practical need for campers. However, the market potential may be limited to outdoor enthusiasts, which could impact scalability. The technical feasibility is high due to the existing technology involved. The business viability score is lower due to the need for effective marketing strategies to reach the target audience and ensure profitability.""
}",7,invest,80,4,5,3,"LumiLantern offers a unique value proposition with its solar-powered camping lantern, wireless charging, and emergency SOS beacon. The product's collapsible design addresses a practical need for campers. However, the market potential may be limited to outdoor enthusiasts, which could impact scalability. The technical feasibility is high due to the existing technology involved. The business viability score is lower due to the need for effective marketing strategies to reach the target audience and ensure profitability.",True
CASE_SYN_021,models/Mistral-7B-Instruct-v0.3,models/Mistral-7B-Instruct-v0.3,vllm,http://localhost:8000/v1,C1,5,3bb65d16,0.0,2026-08-28T16:19:06.682991,1," {
  ""score"": 7,
  ""verdict"": ""invest"",
  ""confidence"": 80,
  ""rubric_scores"": {
    ""market_potential"": 4,
    ""technical_feasibility"": 5,
    ""business_viability"": 3
  },
  ""reasoning"": ""LumiLantern offers a unique value proposition with its solar-powered camping lantern, wireless charging, and emergency SOS beacon. The product's collapsible design addresses a practical need for campers. However, the market potential may be limited to outdoor enthusiasts, which could impact scalability. The technical feasibility is high due to the existing technology involved. The business viability score is lower due to the need for effective marketing strategies to reach the target audience and ensure profitability.""
}",7,invest,80,4,5,3,"LumiLantern offers a unique value proposition with its solar-powered camping lantern, wireless charging, and emergency SOS beacon. The product's collapsible design addresses a practical need for campers. However, the market potential may be limited to outdoor enthusiasts, which could impact scalability. The technical feasibility is high due to the existing technology involved. The business viability score is lower due to the need for effective marketing strategies to reach the target audience and ensure profitability.",True
CASE_SYN_021,models/Mistral-7B-Instruct-v0.3,models/Mistral-7B-Instruct-v0.3,vllm,http://localhost:8000/v1,C1,6,3bb65d16,0.0,2026-08-28T16:19:20.887860,1," {
  ""score"": 7,
  ""verdict"": ""invest"",
  ""confidence"": 80,
  ""rubric_scores"": {
    ""market_potential"": 4,
    ""technical_feasibility"": 5,
    ""business_viability"": 3
  },
  ""reasoning"": ""LumiLantern offers a unique value proposition with its solar-powered camping lantern, wireless charging, and emergency SOS beacon. The product's collapsible design addresses a practical need for campers. However, the market potential may be limited to outdoor enthusiasts, which could impact scalability. The technical feasibility is high due to the existing technology involved. The business viability score is lower due to the need for effective marketing strategies to reach the target audience and ensure profitability.""
}",7,invest,80,4,5,3,"LumiLantern offers a unique value proposition with its solar-powered camping lantern, wireless charging, and emergency SOS beacon. The product's collapsible design addresses a practical need for campers. However, the market potential may be limited to outdoor enthusiasts, which could impact scalability. The technical feasibility is high due to the existing technology involved. The business viability score is lower due to the need for effective marketing strategies to reach the target audience and ensure profitability.",True
CASE_SYN_021,models/Mistral-7B-Instruct-v0.3,models/Mistral-7B-Instruct-v0.3,vllm,http://localhost:8000/v1,C1,7,3bb65d16,0.0,2026-08-28T16:19:35.949349,1," {
  ""score"": 7,
  ""verdict"": ""invest"",
  ""confidence"": 80,
  ""rubric_scores"": {
    ""market_potential"": 4,
    ""technical_feasibility"": 5,
    ""business_viability"": 3
  },
  ""reasoning"": ""LumiLantern offers a unique value proposition with its solar-powered camping lantern, wireless charging, and emergency SOS beacon. The product's collapsible design addresses a practical need for campers. However, the market potential may be limited to outdoor enthusiasts, which could impact scalability. The technical feasibility is high due to the existing technology involved. The business viability score is lower due to the need for effective marketing strategies to reach the target audience and ensure profitability.""
}",7,invest,80,4,5,3,"LumiLantern offers a unique value proposition with its solar-powered camping lantern, wireless charging, and emergency SOS beacon. The product's collapsible design addresses a practical need for campers. However, the market potential may be limited to outdoor enthusiasts, which could impact scalability. The technical feasibility is high due to the existing technology involved. The business viability score is lower due to the need for effective marketing strategies to reach the target audience and ensure profitability.",True
CASE_SYN_021,models/Mistral-7B-Instruct-v0.3,models/Mistral-7B-Instruct-v0.3,vllm,http://localhost:8000/v1,C1,8,3bb65d16,0.0,2026-08-28T16:19:36.578891,1," {
  ""score"": 7,
  ""verdict"": ""invest"",
  ""confidence"": 80,
  ""rubric_scores"": {
    ""market_potential"": 4,
    ""technical_feasibility"": 5,
    ""business_viability"": 3
  },
  ""reasoning"": ""LumiLantern offers a unique value proposition with its solar-powered camping lantern, wireless charging, and emergency SOS beacon. The product's collapsible design addresses a practical need for campers. However, the market potential may be limited to outdoor enthusiasts, which could impact scalability. The technical feasibility is high due to the existing technology involved. The business viability score is lower due to the need for effective marketing strategies to reach the target audience and ensure profitability.""
}",7,invest,80,4,5,3,"LumiLantern offers a unique value proposition with its solar-powered camping lantern, wireless charging, and emergency SOS beacon. The product's collapsible design addresses a practical need for campers. However, the market potential may be limited to outdoor enthusiasts, which could impact scalability. The technical feasibility is high due to the existing technology involved. The business viability score is lower due to the need for effective marketing strategies to reach the target audience and ensure profitability.",True
CASE_SYN_022,models/Mistral-7B-Instruct-v0.3,models/Mistral-7B-Instruct-v0.3,vllm,http://localhost:8000/v1,C1,1,3bb65d16,0.0,2026-08-28T16:19:58.516787,1," {
  ""score"": 6,
  ""verdict"": ""pass"",
  ""confidence"": 80,
  ""rubric_scores"": {
    ""market_potential"": 3,
    ""technical_feasibility"": 4,
    ""business_viability"": 3
  },
  ""reasoning"": ""While the idea has potential in the health and wellness market, the market size is relatively small compared to other sectors. The technical feasibility is moderate, as wearable sensors and apps are common now. However, the business viability is questionable due to competition and the need for a unique selling proposition.""
}",6,pass,80,3,4,3,"While the idea has potential in the health and wellness market, the market size is relatively small compared to other sectors. The technical feasibility is moderate, as wearable sensors and apps are common now. However, the business viability is questionable due to competition and the need for a unique selling proposition.",True
CASE_SYN_021,models/Mistral-7B-Instruct-v0.3,models/Mistral-7B-Instruct-v0.3,vllm,http://localhost:8000/v1,C1,9,3bb65d16,0.0,2026-08-28T16:19:41.024991,1," {
  ""score"": 7,
  ""verdict"": ""invest"",
  ""confidence"": 80,
  ""rubric_scores"": {
    ""market_potential"": 4,
    ""technical_feasibility"": 5,
    ""business_viability"": 3
  },
  ""reasoning"": ""LumiLantern offers a unique value proposition with its solar-powered camping lantern, wireless charging, and emergency SOS beacon. The product's collapsible design addresses a practical need for campers. However, the market potential may be limited to outdoor enthusiasts, which could impact scalability. The technical feasibility is high due to the existing technology involved. The business viability score is lower due to the need for effective marketing strategies to reach the target audience and ensure profitability.""
}",7,invest,80,4,5,3,"LumiLantern offers a unique value proposition with its solar-powered camping lantern, wireless charging, and emergency SOS beacon. The product's collapsible design addresses a practical need for campers. However, the market potential may be limited to outdoor enthusiasts, which could impact scalability. The technical feasibility is high due to the existing technology involved. The business viability score is lower due to the need for effective marketing strategies to reach the target audience and ensure profitability.",True
CASE_SYN_021,models/Mistral-7B-Instruct-v0.3,models/Mistral-7B-Instruct-v0.3,vllm,http://localhost:8000/v1,C1,10,3bb65d16,0.0,2026-08-28T16:19:41.225052,1," {
  ""score"": 7,
  ""verdict"": ""invest"",
  ""confidence"": 80,
  ""rubric_scores"": {
    ""market_potential"": 4,
    ""technical_feasibility"": 5,
    ""business_viability"": 3
  },
  ""reasoning"": ""LumiLantern offers a unique value proposition with its solar-powered camping lantern, wireless charging, and emergency SOS beacon. The product's collapsible design addresses a practical need for campers. However, the market potential may be limited to outdoor enthusiasts, which could impact scalability. The technical feasibility is high due to the existing technology involved. The business viability score is lower due to the need for effective marketing strategies to reach the target audience and ensure profitability.""
}",7,invest,80,4,5,3,"LumiLantern offers a unique value proposition with its solar-powered camping lantern, wireless charging, and emergency SOS beacon. The product's collapsible design addresses a practical need for campers. However, the market potential may be limited to outdoor enthusiasts, which could impact scalability. The technical feasibility is high due to the existing technology involved. The business viability score is lower due to the need for effective marketing strategies to reach the target audience and ensure profitability.",True
CASE_SYN_022,models/Mistral-7B-Instruct-v0.3,models/Mistral-7B-Instruct-v0.3,vllm,http://localhost:8000/v1,C1,2,3bb65d16,0.0,2026-08-28T16:19:59.148258,1," {
  ""score"": 6,
  ""verdict"": ""pass"",
  ""confidence"": 80,
  ""rubric_scores"": {
    ""market_potential"": 3,
    ""technical_feasibility"": 4,
    ""business_viability"": 3
  },
  ""reasoning"": ""While the idea has potential in the health and wellness market, the market size may be limited due to competition from existing solutions. The technical feasibility is moderate, as wearable sensors and apps are common. However, the business viability is questionable due to the need for a unique selling proposition and a clear path to profitability.""
}",6,pass,80,3,4,3,"While the idea has potential in the health and wellness market, the market size may be limited due to competition from existing solutions. The technical feasibility is moderate, as wearable sensors and apps are common. However, the business viability is questionable due to the need for a unique selling proposition and a clear path to profitability.",True
CASE_SYN_022,models/Mistral-7B-Instruct-v0.3,models/Mistral-7B-Instruct-v0.3,vllm,http://localhost:8000/v1,C1,3,3bb65d16,0.0,2026-08-28T16:20:04.478026,1," {
  ""score"": 6,
  ""verdict"": ""pass"",
  ""confidence"": 80,
  ""rubric_scores"": {
    ""market_potential"": 3,
    ""technical_feasibility"": 4,
    ""business_viability"": 3
  },
  ""reasoning"": ""While the idea has potential in the health and wellness market, the market size may be limited due to competition from existing solutions. The technical feasibility is moderate, as wearable sensors and apps are common. However, the business viability is questionable due to the need for a unique selling proposition and a clear path to profitability.""
}",6,pass,80,3,4,3,"While the idea has potential in the health and wellness market, the market size may be limited due to competition from existing solutions. The technical feasibility is moderate, as wearable sensors and apps are common. However, the business viability is questionable due to the need for a unique selling proposition and a clear path to profitability.",True
CASE_SYN_022,models/Mistral-7B-Instruct-v0.3,models/Mistral-7B-Instruct-v0.3,vllm,http://localhost:8000/v1,C1,4,3bb65d16,0.0,2026-08-28T16:20:11.042384,1," {
  ""score"": 6,
  ""verdict"": ""pass"",
  ""confidence"": 80,
  ""rubric_scores"": {
    ""market_potential"": 3,
    ""technical_feasibility"": 4,
    ""business_viability"": 3
  },
  ""reasoning"": ""While the idea has potential in the health and wellness market, the market size is relatively small compared to other sectors. The technical feasibility is moderate, as wearable sensors and apps are common now. However, the business viability is questionable due to competition and the need for a unique selling proposition.""
}",6,pass,80,3,4,3,"While the idea has potential in the health and wellness market, the market size is relatively small compared to other sectors. The technical feasibility is moderate, as wearable sensors and apps are common now. However, the business viability is questionable due to competition and the need for a unique selling proposition.",True
CASE_SYN_022,models/Mistral-7B-Instruct-v0.3,models/Mistral-7B-Instruct-v0.3,vllm,http://localhost:8000/v1,C1,5,3bb65d16,0.0,2026-08-28T16:20:28.621984,1," {
  ""score"": 6,
  ""verdict"": ""pass"",
  ""confidence"": 80,
  ""rubric_scores"": {
    ""market_potential"": 3,
    ""technical_feasibility"": 4,
    ""business_viability"": 3
  },
  ""reasoning"": ""While the idea has potential in the health and wellness market, the market size may be limited due to competition from existing solutions. The technical feasibility is moderate, as wearable sensors and apps are common. However, the business viability is questionable due to the need for a unique selling proposition and a clear path to profitability.""
}",6,pass,80,3,4,3,"While the idea has potential in the health and wellness market, the market size may be limited due to competition from existing solutions. The technical feasibility is moderate, as wearable sensors and apps are common. However, the business viability is questionable due to the need for a unique selling proposition and a clear path to profitability.",True
CASE_SYN_022,models/Mistral-7B-Instruct-v0.3,models/Mistral-7B-Instruct-v0.3,vllm,http://localhost:8000/v1,C1,6,3bb65d16,0.0,2026-08-28T16:20:42.845333,1," {
  ""score"": 6,
  ""verdict"": ""pass"",
  ""confidence"": 80,
  ""rubric_scores"": {
    ""market_potential"": 3,
    ""technical_feasibility"": 4,
    ""business_viability"": 3
  },
  ""reasoning"": ""While the idea has potential in the health and wellness market, the market size is relatively small compared to other sectors. The technical feasibility is moderate, as wearable sensors and apps are common now. However, the business viability is questionable due to competition and the need for a unique selling proposition.""
}",6,pass,80,3,4,3,"While the idea has potential in the health and wellness market, the market size is relatively small compared to other sectors. The technical feasibility is moderate, as wearable sensors and apps are common now. However, the business viability is questionable due to competition and the need for a unique selling proposition.",True
CASE_SYN_023,models/Mistral-7B-Instruct-v0.3,models/Mistral-7B-Instruct-v0.3,vllm,http://localhost:8000/v1,C1,1,3bb65d16,0.0,2026-08-28T16:21:02.240438,1," {
  ""score"": 6,
  ""verdict"": ""pass"",
  ""confidence"": 80,
  ""rubric_scores"": {
    ""market_potential"": 4,
    ""technical_feasibility"": 5,
    ""business_viability"": 3
  },
  ""reasoning"": ""Market potential is limited due to niche focus, but technical feasibility is high as it involves curating and packaging items. Business viability is low due to potential competition and profit margins in the subscription box market.""
}",6,pass,80,4,5,3,"Market potential is limited due to niche focus, but technical feasibility is high as it involves curating and packaging items. Business viability is low due to potential competition and profit margins in the subscription box market.",True
CASE_SYN_023,models/Mistral-7B-Instruct-v0.3,models/Mistral-7B-Instruct-v0.3,vllm,http://localhost:8000/v1,C1,2,3bb65d16,0.0,2026-08-28T16:21:04.991024,1," {
  ""score"": 6,
  ""verdict"": ""pass"",
  ""confidence"": 80,
  ""rubric_scores"": {
    ""market_potential"": 4,
    ""technical_feasibility"": 5,
    ""business_viability"": 3
  },
  ""reasoning"": ""Market potential is limited due to niche focus, but technical feasibility is high as it involves curating and packaging items. Business viability is low due to potential competition and profit margins in the subscription box market.""
}",6,pass,80,4,5,3,"Market potential is limited due to niche focus, but technical feasibility is high as it involves curating and packaging items. Business viability is low due to potential competition and profit margins in the subscription box market.",True
CASE_SYN_022,models/Mistral-7B-Instruct-v0.3,models/Mistral-7B-Instruct-v0.3,vllm,http://localhost:8000/v1,C1,7,3bb65d16,0.0,2026-08-28T16:20:58.354792,1," {
  ""score"": 6,
  ""verdict"": ""pass"",
  ""confidence"": 80,
  ""rubric_scores"": {
    ""market_potential"": 3,
    ""technical_feasibility"": 4,
    ""business_viability"": 3
  },
  ""reasoning"": ""While the idea has potential in the health and wellness market, the market size may be limited due to competition from existing solutions. The technical feasibility is moderate as wearable sensors and apps are common. However, the business viability is questionable due to the need for a unique selling proposition and a clear path to profitability.""
}",6,pass,80,3,4,3,"While the idea has potential in the health and wellness market, the market size may be limited due to competition from existing solutions. The technical feasibility is moderate as wearable sensors and apps are common. However, the business viability is questionable due to the need for a unique selling proposition and a clear path to profitability.",True
CASE_SYN_022,models/Mistral-7B-Instruct-v0.3,models/Mistral-7B-Instruct-v0.3,vllm,http://localhost:8000/v1,C1,8,3bb65d16,0.0,2026-08-28T16:20:58.980018,1," {
  ""score"": 6,
  ""verdict"": ""pass"",
  ""confidence"": 80,
  ""rubric_scores"": {
    ""market_potential"": 3,
    ""technical_feasibility"": 4,
    ""business_viability"": 3
  },
  ""reasoning"": ""While the idea has potential in the health and wellness market, the market size may be limited due to competition from existing solutions. The technical feasibility is moderate, as wearable sensors and apps are common. However, the business viability is questionable due to the need for a unique selling proposition and a clear path to profitability.""
}",6,pass,80,3,4,3,"While the idea has potential in the health and wellness market, the market size may be limited due to competition from existing solutions. The technical feasibility is moderate, as wearable sensors and apps are common. However, the business viability is questionable due to the need for a unique selling proposition and a clear path to profitability.",True
CASE_SYN_022,models/Mistral-7B-Instruct-v0.3,models/Mistral-7B-Instruct-v0.3,vllm,http://localhost:8000/v1,C1,9,3bb65d16,0.0,2026-08-28T16:21:03.414049,1," {
  ""score"": 6,
  ""verdict"": ""pass"",
  ""confidence"": 80,
  ""rubric_scores"": {
    ""market_potential"": 3,
    ""technical_feasibility"": 4,
    ""business_viability"": 3
  },
  ""reasoning"": ""While the idea has potential in the health and wellness market, the market size is relatively small compared to other sectors. The technical feasibility is moderate, as wearable sensors and apps are common now. However, the business viability is questionable due to competition and the need for a unique selling proposition.""
}",6,pass,80,3,4,3,"While the idea has potential in the health and wellness market, the market size is relatively small compared to other sectors. The technical feasibility is moderate, as wearable sensors and apps are common now. However, the business viability is questionable due to competition and the need for a unique selling proposition.",True
CASE_SYN_023,models/Mistral-7B-Instruct-v0.3,models/Mistral-7B-Instruct-v0.3,vllm,http://localhost:8000/v1,C1,3,3bb65d16,0.0,2026-08-28T16:21:10.707983,1," {
  ""score"": 6,
  ""verdict"": ""pass"",
  ""confidence"": 80,
  ""rubric_scores"": {
    ""market_potential"": 4,
    ""technical_feasibility"": 5,
    ""business_viability"": 3
  },
  ""reasoning"": ""Market potential is limited due to niche focus, but technical feasibility is high as it involves curating and packaging items. Business viability is low due to potential competition and profit margins in the subscription box market.""
}",6,pass,80,4,5,3,"Market potential is limited due to niche focus, but technical feasibility is high as it involves curating and packaging items. Business viability is low due to potential competition and profit margins in the subscription box market.",True
CASE_SYN_022,models/Mistral-7B-Instruct-v0.3,models/Mistral-7B-Instruct-v0.3,vllm,http://localhost:8000/v1,C1,10,3bb65d16,0.0,2026-08-28T16:21:04.041000,1," {
  ""score"": 6,
  ""verdict"": ""pass"",
  ""confidence"": 80,
  ""rubric_scores"": {
    ""market_potential"": 3,
    ""technical_feasibility"": 4,
    ""business_viability"": 3
  },
  ""reasoning"": ""While the idea has potential in the health and wellness market, the market size may be limited due to competition from existing solutions. The technical feasibility is moderate, as wearable sensors and apps are common. However, the business viability is questionable due to the need for a unique selling proposition and a clear path to profitability.""
}",6,pass,80,3,4,3,"While the idea has potential in the health and wellness market, the market size may be limited due to competition from existing solutions. The technical feasibility is moderate, as wearable sensors and apps are common. However, the business viability is questionable due to the need for a unique selling proposition and a clear path to profitability.",True
CASE_SYN_023,models/Mistral-7B-Instruct-v0.3,models/Mistral-7B-Instruct-v0.3,vllm,http://localhost:8000/v1,C1,4,3bb65d16,0.0,2026-08-28T16:21:14.732556,1," {
  ""score"": 6,
  ""verdict"": ""pass"",
  ""confidence"": 80,
  ""rubric_scores"": {
    ""market_potential"": 4,
    ""technical_feasibility"": 5,
    ""business_viability"": 3
  },
  ""reasoning"": ""Market potential is limited due to niche focus, but technical feasibility is high as it involves curating and packaging items. Business viability is low due to potential competition and profit margins in the subscription box market.""
}",6,pass,80,4,5,3,"Market potential is limited due to niche focus, but technical feasibility is high as it involves curating and packaging items. Business viability is low due to potential competition and profit margins in the subscription box market.",True
CASE_SYN_023,models/Mistral-7B-Instruct-v0.3,models/Mistral-7B-Instruct-v0.3,vllm,http://localhost:8000/v1,C1,5,3bb65d16,0.0,2026-08-28T16:21:35.288016,1," {
  ""score"": 6,
  ""verdict"": ""pass"",
  ""confidence"": 80,
  ""rubric_scores"": {
    ""market_potential"": 4,
    ""technical_feasibility"": 5,
    ""business_viability"": 3
  },
  ""reasoning"": ""Market potential is limited due to niche focus, but technical feasibility is high as it involves curating and packaging items. Business viability is low due to potential competition and profit margins in the subscription box market.""
}",6,pass,80,4,5,3,"Market potential is limited due to niche focus, but technical feasibility is high as it involves curating and packaging items. Business viability is low due to potential competition and profit margins in the subscription box market.",True
CASE_SYN_023,models/Mistral-7B-Instruct-v0.3,models/Mistral-7B-Instruct-v0.3,vllm,http://localhost:8000/v1,C1,6,3bb65d16,0.0,2026-08-28T16:21:46.942019,1," {
  ""score"": 6,
  ""verdict"": ""pass"",
  ""confidence"": 80,
  ""rubric_scores"": {
    ""market_potential"": 4,
    ""technical_feasibility"": 5,
    ""business_viability"": 3
  },
  ""reasoning"": ""Market potential is limited due to niche focus, but technical feasibility is high as it involves curating and packaging items. Business viability is low due to potential competition and profit margins in the subscription box market.""
}",6,pass,80,4,5,3,"Market potential is limited due to niche focus, but technical feasibility is high as it involves curating and packaging items. Business viability is low due to potential competition and profit margins in the subscription box market.",True
CASE_SYN_023,models/Mistral-7B-Instruct-v0.3,models/Mistral-7B-Instruct-v0.3,vllm,http://localhost:8000/v1,C1,7,3bb65d16,0.0,2026-08-28T16:21:59.468021,1," {
  ""score"": 6,
  ""verdict"": ""pass"",
  ""confidence"": 80,
  ""rubric_scores"": {
    ""market_potential"": 4,
    ""technical_feasibility"": 5,
    ""business_viability"": 3
  },
  ""reasoning"": ""Market potential is limited due to niche focus, but technical feasibility is high as it involves curating and packaging items. Business viability is low due to potential competition and profit margins in the subscription box market.""
}",6,pass,80,4,5,3,"Market potential is limited due to niche focus, but technical feasibility is high as it involves curating and packaging items. Business viability is low due to potential competition and profit margins in the subscription box market.",True
CASE_SYN_023,models/Mistral-7B-Instruct-v0.3,models/Mistral-7B-Instruct-v0.3,vllm,http://localhost:8000/v1,C1,8,3bb65d16,0.0,2026-08-28T16:22:02.225001,1," {
  ""score"": 6,
  ""verdict"": ""pass"",
  ""confidence"": 80,
  ""rubric_scores"": {
    ""market_potential"": 4,
    ""technical_feasibility"": 5,
    ""business_viability"": 3
  },
  ""reasoning"": ""Market potential is limited due to niche focus, but technical feasibility is high as it involves curating and packaging items. Business viability is low due to potential competition and profit margins in the subscription box market.""
}",6,pass,80,4,5,3,"Market potential is limited due to niche focus, but technical feasibility is high as it involves curating and packaging items. Business viability is low due to potential competition and profit margins in the subscription box market.",True
CASE_SYN_023,models/Mistral-7B-Instruct-v0.3,models/Mistral-7B-Instruct-v0.3,vllm,http://localhost:8000/v1,C1,9,3bb65d16,0.0,2026-08-28T16:22:05.403000,1," {
  ""score"": 6,
  ""verdict"": ""pass"",
  ""confidence"": 80,
  ""rubric_scores"": {
    ""market_potential"": 4,
    ""technical_feasibility"": 5,
    ""business_viability"": 3
  },
  ""reasoning"": ""Market potential is limited due to niche focus, but technical feasibility is high as it involves curating and packaging items. Business viability is low due to potential competition and profit margins in the subscription box market.""
}",6,pass,80,4,5,3,"Market potential is limited due to niche focus, but technical feasibility is high as it involves curating and packaging items. Business viability is low due to potential competition and profit margins in the subscription box market.",True
CASE_SYN_023,models/Mistral-7B-Instruct-v0.3,models/Mistral-7B-Instruct-v0.3,vllm,http://localhost:8000/v1,C1,10,3bb65d16,0.0,2026-08-28T16:22:06.447993,1," {
  ""score"": 6,
  ""verdict"": ""pass"",
  ""confidence"": 80,
  ""rubric_scores"": {
    ""market_potential"": 4,
    ""technical_feasibility"": 5,
    ""business_viability"": 3
  },
  ""reasoning"": ""Market potential is limited due to niche focus, but technical feasibility is high as it involves curating and packaging items. Business viability is low due to potential competition and profit margins in the subscription box market.""
}",6,pass,80,4,5,3,"Market potential is limited due to niche focus, but technical feasibility is high as it involves curating and packaging items. Business viability is low due to potential competition and profit margins in the subscription box market.",True
CASE_SYN_024,models/Mistral-7B-Instruct-v0.3,models/Mistral-7B-Instruct-v0.3,vllm,http://localhost:8000/v1,C1,2,3bb65d16,0.0,2026-08-28T16:22:06.967337,1," {
  ""score"": 7,
  ""verdict"": ""invest"",
  ""confidence"": 85,
  ""rubric_scores"": {
    ""market_potential"": 4,
    ""technical_feasibility"": 5,
    ""business_viability"": 3
  },
  ""reasoning"": ""The idea has a niche market for those seeking improved sleep quality. Technical feasibility is high due to existing technology in noise-cancelling devices and AI. However, business viability is questionable due to competition and potential for market saturation.""
}",7,invest,85,4,5,3,"The idea has a niche market for those seeking improved sleep quality. Technical feasibility is high due to existing technology in noise-cancelling devices and AI. However, business viability is questionable due to competition and potential for market saturation.",True
CASE_SYN_024,models/Mistral-7B-Instruct-v0.3,models/Mistral-7B-Instruct-v0.3,vllm,http://localhost:8000/v1,C1,1,3bb65d16,0.0,2026-08-28T16:22:06.764157,1," {
  ""score"": 7,
  ""verdict"": ""invest"",
  ""confidence"": 85,
  ""rubric_scores"": {
    ""market_potential"": 4,
    ""technical_feasibility"": 5,
    ""business_viability"": 3
  },
  ""reasoning"": ""The idea has a niche market for those seeking improved sleep quality. Technical feasibility is high due to existing technology in noise-cancelling devices and AI. However, business viability is questionable due to competition and potential for market saturation.""
}",7,invest,85,4,5,3,"The idea has a niche market for those seeking improved sleep quality. Technical feasibility is high due to existing technology in noise-cancelling devices and AI. However, business viability is questionable due to competition and potential for market saturation.",True
CASE_SYN_024,models/Mistral-7B-Instruct-v0.3,models/Mistral-7B-Instruct-v0.3,vllm,http://localhost:8000/v1,C1,3,3bb65d16,0.0,2026-08-28T16:22:10.446342,1," {
  ""score"": 7,
  ""verdict"": ""invest"",
  ""confidence"": 85,
  ""rubric_scores"": {
    ""market_potential"": 4,
    ""technical_feasibility"": 5,
    ""business_viability"": 3
  },
  ""reasoning"": ""The idea has a niche market for those seeking improved sleep quality. Technical feasibility is high due to existing technology in noise-cancelling devices and AI. However, business viability is questionable due to competition and potential for market saturation.""
}",7,invest,85,4,5,3,"The idea has a niche market for those seeking improved sleep quality. Technical feasibility is high due to existing technology in noise-cancelling devices and AI. However, business viability is questionable due to competition and potential for market saturation.",True
CASE_SYN_024,models/Mistral-7B-Instruct-v0.3,models/Mistral-7B-Instruct-v0.3,vllm,http://localhost:8000/v1,C1,4,3bb65d16,0.0,2026-08-28T16:22:11.499800,1," {
  ""score"": 7,
  ""verdict"": ""invest"",
  ""confidence"": 85,
  ""rubric_scores"": {
    ""market_potential"": 4,
    ""technical_feasibility"": 5,
    ""business_viability"": 3
  },
  ""reasoning"": ""The idea has a niche market for those seeking improved sleep quality. Technical feasibility is high due to existing technology in noise-cancelling devices and AI. However, business viability is questionable due to competition and potential for market saturation.""
}",7,invest,85,4,5,3,"The idea has a niche market for those seeking improved sleep quality. Technical feasibility is high due to existing technology in noise-cancelling devices and AI. However, business viability is questionable due to competition and potential for market saturation.",True
CASE_SYN_024,models/Mistral-7B-Instruct-v0.3,models/Mistral-7B-Instruct-v0.3,vllm,http://localhost:8000/v1,C1,5,3bb65d16,0.0,2026-08-28T16:22:32.435176,1," {
  ""score"": 7,
  ""verdict"": ""invest"",
  ""confidence"": 85,
  ""rubric_scores"": {
    ""market_potential"": 4,
    ""technical_feasibility"": 5,
    ""business_viability"": 3
  },
  ""reasoning"": ""The idea has a niche market for those seeking improved sleep quality. Technical feasibility is high due to existing technology in noise-cancelling devices and AI. However, business viability is questionable due to competition and potential for market saturation.""
}",7,invest,85,4,5,3,"The idea has a niche market for those seeking improved sleep quality. Technical feasibility is high due to existing technology in noise-cancelling devices and AI. However, business viability is questionable due to competition and potential for market saturation.",True
CASE_SYN_024,models/Mistral-7B-Instruct-v0.3,models/Mistral-7B-Instruct-v0.3,vllm,http://localhost:8000/v1,C1,6,3bb65d16,0.0,2026-08-28T16:22:44.086032,1," {
  ""score"": 7,
  ""verdict"": ""invest"",
  ""confidence"": 85,
  ""rubric_scores"": {
    ""market_potential"": 4,
    ""technical_feasibility"": 5,
    ""business_viability"": 3
  },
  ""reasoning"": ""The idea has a niche market for those seeking improved sleep quality. Technical feasibility is high due to existing technology in noise-cancelling devices and AI. However, business viability is questionable due to competition and potential for market saturation.""
}",7,invest,85,4,5,3,"The idea has a niche market for those seeking improved sleep quality. Technical feasibility is high due to existing technology in noise-cancelling devices and AI. However, business viability is questionable due to competition and potential for market saturation.",True
CASE_SYN_024,models/Mistral-7B-Instruct-v0.3,models/Mistral-7B-Instruct-v0.3,vllm,http://localhost:8000/v1,C1,7,3bb65d16,0.0,2026-08-28T16:22:57.024776,1," {
  ""score"": 7,
  ""verdict"": ""invest"",
  ""confidence"": 85,
  ""rubric_scores"": {
    ""market_potential"": 4,
    ""technical_feasibility"": 5,
    ""business_viability"": 3
  },
  ""reasoning"": ""The idea has a niche market for those seeking improved sleep quality. Technical feasibility is high due to existing technology in noise-cancelling devices and AI. However, business viability is questionable due to competition and potential for market saturation.""
}",7,invest,85,4,5,3,"The idea has a niche market for those seeking improved sleep quality. Technical feasibility is high due to existing technology in noise-cancelling devices and AI. However, business viability is questionable due to competition and potential for market saturation.",True
CASE_SYN_024,models/Mistral-7B-Instruct-v0.3,models/Mistral-7B-Instruct-v0.3,vllm,http://localhost:8000/v1,C1,8,3bb65d16,0.0,2026-08-28T16:22:59.776583,1," {
  ""score"": 7,
  ""verdict"": ""invest"",
  ""confidence"": 85,
  ""rubric_scores"": {
    ""market_potential"": 4,
    ""technical_feasibility"": 5,
    ""business_viability"": 3
  },
  ""reasoning"": ""The idea has a niche market for those seeking improved sleep quality. Technical feasibility is high due to existing technology in noise-cancelling devices and AI. However, business viability is questionable due to competition and potential for market saturation.""
}",7,invest,85,4,5,3,"The idea has a niche market for those seeking improved sleep quality. Technical feasibility is high due to existing technology in noise-cancelling devices and AI. However, business viability is questionable due to competition and potential for market saturation.",True
CASE_SYN_024,models/Mistral-7B-Instruct-v0.3,models/Mistral-7B-Instruct-v0.3,vllm,http://localhost:8000/v1,C1,9,3bb65d16,0.0,2026-08-28T16:23:03.373749,1," {
  ""score"": 7,
  ""verdict"": ""invest"",
  ""confidence"": 85,
  ""rubric_scores"": {
    ""market_potential"": 4,
    ""technical_feasibility"": 5,
    ""business_viability"": 3
  },
  ""reasoning"": ""The idea has a niche market for those seeking improved sleep quality. Technical feasibility is high due to existing technology in noise-cancelling devices and AI. However, business viability is questionable due to competition and potential for market saturation.""
}",7,invest,85,4,5,3,"The idea has a niche market for those seeking improved sleep quality. Technical feasibility is high due to existing technology in noise-cancelling devices and AI. However, business viability is questionable due to competition and potential for market saturation.",True
CASE_SYN_024,models/Mistral-7B-Instruct-v0.3,models/Mistral-7B-Instruct-v0.3,vllm,http://localhost:8000/v1,C1,10,3bb65d16,0.0,2026-08-28T16:23:04.420007,1," {
  ""score"": 7,
  ""verdict"": ""invest"",
  ""confidence"": 85,
  ""rubric_scores"": {
    ""market_potential"": 4,
    ""technical_feasibility"": 5,
    ""business_viability"": 3
  },
  ""reasoning"": ""The idea has a niche market for those seeking improved sleep quality. Technical feasibility is high due to existing technology in noise-cancelling devices and AI. However, business viability is questionable due to competition and potential for market saturation.""
}",7,invest,85,4,5,3,"The idea has a niche market for those seeking improved sleep quality. Technical feasibility is high due to existing technology in noise-cancelling devices and AI. However, business viability is questionable due to competition and potential for market saturation.",True
CASE_SYN_025,models/Mistral-7B-Instruct-v0.3,models/Mistral-7B-Instruct-v0.3,vllm,http://localhost:8000/v1,C1,2,3bb65d16,0.0,2026-08-28T16:23:06.221364,1," {
  ""score"": 6,
  ""verdict"": ""pass"",
  ""confidence"": 80,
  ""rubric_scores"": {
    ""market_potential"": 4,
    ""technical_feasibility"": 4,
    ""business_viability"": 3
  },
  ""reasoning"": ""Market potential is limited due to competition in gamified task management apps. Technical feasibility is achievable with existing app development tools. However, business viability is questionable as it relies on partnerships with businesses for rewards, which may be difficult to secure.""
}",6,pass,80,4,4,3,"Market potential is limited due to competition in gamified task management apps. Technical feasibility is achievable with existing app development tools. However, business viability is questionable as it relies on partnerships with businesses for rewards, which may be difficult to secure.",True
CASE_SYN_025,models/Mistral-7B-Instruct-v0.3,models/Mistral-7B-Instruct-v0.3,vllm,http://localhost:8000/v1,C1,1,3bb65d16,0.0,2026-08-28T16:23:06.020393,1," {
  ""score"": 6,
  ""verdict"": ""pass"",
  ""confidence"": 80,
  ""rubric_scores"": {
    ""market_potential"": 4,
    ""technical_feasibility"": 4,
    ""business_viability"": 3
  },
  ""reasoning"": ""Market potential is limited due to competition in gamified task management apps. Technical feasibility is achievable with existing app development tools. However, business viability is questionable as it relies on partnerships with businesses for rewards, which may be difficult to secure.""
}",6,pass,80,4,4,3,"Market potential is limited due to competition in gamified task management apps. Technical feasibility is achievable with existing app development tools. However, business viability is questionable as it relies on partnerships with businesses for rewards, which may be difficult to secure.",True
CASE_SYN_025,models/Mistral-7B-Instruct-v0.3,models/Mistral-7B-Instruct-v0.3,vllm,http://localhost:8000/v1,C1,3,3bb65d16,0.0,2026-08-28T16:23:09.845023,1," {
  ""score"": 6,
  ""verdict"": ""pass"",
  ""confidence"": 80,
  ""rubric_scores"": {
    ""market_potential"": 4,
    ""technical_feasibility"": 4,
    ""business_viability"": 3
  },
  ""reasoning"": ""Market potential is limited due to competition in gamified task management apps. Technical feasibility is achievable with existing app development tools. However, business viability is questionable as it relies on partnerships with businesses for rewards, which may not be sustainable or profitable.""
}",6,pass,80,4,4,3,"Market potential is limited due to competition in gamified task management apps. Technical feasibility is achievable with existing app development tools. However, business viability is questionable as it relies on partnerships with businesses for rewards, which may not be sustainable or profitable.",True
CASE_SYN_025,models/Mistral-7B-Instruct-v0.3,models/Mistral-7B-Instruct-v0.3,vllm,http://localhost:8000/v1,C1,4,3bb65d16,0.0,2026-08-28T16:23:10.890207,1," {
  ""score"": 6,
  ""verdict"": ""pass"",
  ""confidence"": 80,
  ""rubric_scores"": {
    ""market_potential"": 4,
    ""technical_feasibility"": 4,
    ""business_viability"": 3
  },
  ""reasoning"": ""Market potential is limited due to competition in gamified task management apps. Technical feasibility is achievable with existing app development tools. However, business viability is questionable as it relies on partnerships with businesses for rewards, which may not be sustainable or profitable.""
}",6,pass,80,4,4,3,"Market potential is limited due to competition in gamified task management apps. Technical feasibility is achievable with existing app development tools. However, business viability is questionable as it relies on partnerships with businesses for rewards, which may not be sustainable or profitable.",True
CASE_SYN_025,models/Mistral-7B-Instruct-v0.3,models/Mistral-7B-Instruct-v0.3,vllm,http://localhost:8000/v1,C1,5,3bb65d16,0.0,2026-08-28T16:23:32.265003,1," {
  ""score"": 6,
  ""verdict"": ""pass"",
  ""confidence"": 80,
  ""rubric_scores"": {
    ""market_potential"": 4,
    ""technical_feasibility"": 4,
    ""business_viability"": 3
  },
  ""reasoning"": ""Market potential is limited due to competition in gamified task management apps. Technical feasibility is achievable with existing app development tools. However, business viability is questionable as it relies on partnerships with businesses for rewards, which may be difficult to secure.""
}",6,pass,80,4,4,3,"Market potential is limited due to competition in gamified task management apps. Technical feasibility is achievable with existing app development tools. However, business viability is questionable as it relies on partnerships with businesses for rewards, which may be difficult to secure.",True
CASE_SYN_025,models/Mistral-7B-Instruct-v0.3,models/Mistral-7B-Instruct-v0.3,vllm,http://localhost:8000/v1,C1,6,3bb65d16,0.0,2026-08-28T16:23:43.923016,1," {
  ""score"": 6,
  ""verdict"": ""pass"",
  ""confidence"": 80,
  ""rubric_scores"": {
    ""market_potential"": 4,
    ""technical_feasibility"": 4,
    ""business_viability"": 3
  },
  ""reasoning"": ""Market potential is moderate as there's a growing demand for gamification in productivity apps. However, the idea is not unique and faces stiff competition. Technical feasibility is achievable given the existing gamification and task management app solutions. Business viability is questionable due to the need for partnerships with businesses and the potential for user acquisition costs to outweigh revenue.""
}",6,pass,80,4,4,3,"Market potential is moderate as there's a growing demand for gamification in productivity apps. However, the idea is not unique and faces stiff competition. Technical feasibility is achievable given the existing gamification and task management app solutions. Business viability is questionable due to the need for partnerships with businesses and the potential for user acquisition costs to outweigh revenue.",True
CASE_SYN_025,models/Mistral-7B-Instruct-v0.3,models/Mistral-7B-Instruct-v0.3,vllm,http://localhost:8000/v1,C1,7,3bb65d16,0.0,2026-08-28T16:23:57.287049,1," {
  ""score"": 6,
  ""verdict"": ""pass"",
  ""confidence"": 80,
  ""rubric_scores"": {
    ""market_potential"": 4,
    ""technical_feasibility"": 4,
    ""business_viability"": 3
  },
  ""reasoning"": ""Market potential is limited due to competition in gamified task management apps. Technical feasibility is achievable with existing app development tools. However, business viability is questionable as it relies on partnerships with businesses for rewards, which may be difficult to secure.""
}",6,pass,80,4,4,3,"Market potential is limited due to competition in gamified task management apps. Technical feasibility is achievable with existing app development tools. However, business viability is questionable as it relies on partnerships with businesses for rewards, which may be difficult to secure.",True
CASE_SYN_025,models/Mistral-7B-Instruct-v0.3,models/Mistral-7B-Instruct-v0.3,vllm,http://localhost:8000/v1,C1,9,3bb65d16,0.0,2026-08-28T16:24:04.064200,1," {
  ""score"": 6,
  ""verdict"": ""pass"",
  ""confidence"": 80,
  ""rubric_scores"": {
    ""market_potential"": 4,
    ""technical_feasibility"": 4,
    ""business_viability"": 3
  },
  ""reasoning"": ""Market potential is limited due to competition in gamified task management apps. Technical feasibility is achievable with existing app development tools. However, business viability is questionable as it relies on partnerships with businesses for rewards, which may not be sustainable or profitable.""
}",6,pass,80,4,4,3,"Market potential is limited due to competition in gamified task management apps. Technical feasibility is achievable with existing app development tools. However, business viability is questionable as it relies on partnerships with businesses for rewards, which may not be sustainable or profitable.",True
CASE_SYN_025,models/Mistral-7B-Instruct-v0.3,models/Mistral-7B-Instruct-v0.3,vllm,http://localhost:8000/v1,C1,10,3bb65d16,0.0,2026-08-28T16:24:05.114497,1," {
  ""score"": 6,
  ""verdict"": ""pass"",
  ""confidence"": 80,
  ""rubric_scores"": {
    ""market_potential"": 4,
    ""technical_feasibility"": 4,
    ""business_viability"": 3
  },
  ""reasoning"": ""Market potential is limited due to competition in gamified task management apps. Technical feasibility is achievable with existing app development tools. However, business viability is questionable as it relies on partnerships with businesses for rewards, which may be difficult to secure.""
}",6,pass,80,4,4,3,"Market potential is limited due to competition in gamified task management apps. Technical feasibility is achievable with existing app development tools. However, business viability is questionable as it relies on partnerships with businesses for rewards, which may be difficult to secure.",True
CASE_SYN_025,models/Mistral-7B-Instruct-v0.3,models/Mistral-7B-Instruct-v0.3,vllm,http://localhost:8000/v1,C1,8,3bb65d16,0.0,2026-08-28T16:24:00.039036,1," {
  ""score"": 6,
  ""verdict"": ""pass"",
  ""confidence"": 80,
  ""rubric_scores"": {
    ""market_potential"": 4,
    ""technical_feasibility"": 4,
    ""business_viability"": 3
  },
  ""reasoning"": ""Market potential is moderate as there's a growing demand for gamification in productivity apps. However, the idea is not unique and faces stiff competition. Technical feasibility is achievable given the existing technology for gamification and task management. Business viability is questionable due to the need for partnerships with businesses and the potential for user acquisition costs to outweigh revenue.""
}",6,pass,80,4,4,3,"Market potential is moderate as there's a growing demand for gamification in productivity apps. However, the idea is not unique and faces stiff competition. Technical feasibility is achievable given the existing technology for gamification and task management. Business viability is questionable due to the need for partnerships with businesses and the potential for user acquisition costs to outweigh revenue.",True
CASE_KS_001,models/Meta-Llama-3-8B-Instruct,models/Meta-Llama-3-8B-Instruct,vllm,http://localhost:8000/v1,C1,3,3bb65d16,0.0,2026-08-28T17:17:58.892544,1,"{
  ""score"": 6,
  ""verdict"": ""pass"",
  ""confidence"": 80,
  ""rubric_scores"": {
    ""market_potential"": 3,
    ""technical_feasibility"": 5,
    ""business_viability"": 2
  },
  ""reasoning"": ""While the idea has some appeal, it lacks a clear competitive advantage and scalability, making it difficult to justify investment. The focus on a single event series also limits the potential for long-term growth.""
}",6,pass,80,3,5,2,"While the idea has some appeal, it lacks a clear competitive advantage and scalability, making it difficult to justify investment. The focus on a single event series also limits the potential for long-term growth.",True
CASE_KS_001,models/Meta-Llama-3-8B-Instruct,models/Meta-Llama-3-8B-Instruct,vllm,http://localhost:8000/v1,C1,4,3bb65d16,0.0,2026-08-28T17:17:58.941980,1,"{
  ""score"": 6,
  ""verdict"": ""pass"",
  ""confidence"": 80,
  ""rubric_scores"": {
    ""market_potential"": 3,
    ""technical_feasibility"": 5,
    ""business_viability"": 2
  },
  ""reasoning"": ""While the idea has some appeal, it lacks a clear competitive advantage and scalability, making it difficult to justify investment. The focus on a single event series also limits the potential for long-term growth.""
}",6,pass,80,3,5,2,"While the idea has some appeal, it lacks a clear competitive advantage and scalability, making it difficult to justify investment. The focus on a single event series also limits the potential for long-term growth.",True
CASE_KS_001,models/Meta-Llama-3-8B-Instruct,models/Meta-Llama-3-8B-Instruct,vllm,http://localhost:8000/v1,C1,10,3bb65d16,0.0,2026-08-28T17:18:00.144128,1,"{
  ""score"": 6,
  ""verdict"": ""pass"",
  ""confidence"": 80,
  ""rubric_scores"": {
    ""market_potential"": 3,
    ""technical_feasibility"": 5,
    ""business_viability"": 2
  },
  ""reasoning"": ""While the idea has some appeal, it lacks a clear competitive advantage and scalability, making it difficult to justify investment. The focus on a single event series also limits the potential for long-term growth.""
}",6,pass,80,3,5,2,"While the idea has some appeal, it lacks a clear competitive advantage and scalability, making it difficult to justify investment. The focus on a single event series also limits the potential for long-term growth.",True
CASE_KS_001,models/Meta-Llama-3-8B-Instruct,models/Meta-Llama-3-8B-Instruct,vllm,http://localhost:8000/v1,C1,6,3bb65d16,0.0,2026-08-28T17:17:59.342211,1,"{
  ""score"": 6,
  ""verdict"": ""pass"",
  ""confidence"": 80,
  ""rubric_scores"": {
    ""market_potential"": 3,
    ""technical_feasibility"": 5,
    ""business_viability"": 2
  },
  ""reasoning"": ""While the idea has some appeal, it lacks a clear competitive advantage and scalability, making it difficult to justify investment. The focus on a single event series also limits the potential for long-term growth.""
}",6,pass,80,3,5,2,"While the idea has some appeal, it lacks a clear competitive advantage and scalability, making it difficult to justify investment. The focus on a single event series also limits the potential for long-term growth.",True
CASE_KS_001,models/Meta-Llama-3-8B-Instruct,models/Meta-Llama-3-8B-Instruct,vllm,http://localhost:8000/v1,C1,7,3bb65d16,0.0,2026-08-28T17:17:59.542036,1,"{
  ""score"": 6,
  ""verdict"": ""pass"",
  ""confidence"": 80,
  ""rubric_scores"": {
    ""market_potential"": 3,
    ""technical_feasibility"": 5,
    ""business_viability"": 2
  },
  ""reasoning"": ""While the idea has some appeal, it lacks a clear competitive advantage and scalability, making it difficult to justify investment. The focus on a single event series also limits the potential for long-term growth.""
}",6,pass,80,3,5,2,"While the idea has some appeal, it lacks a clear competitive advantage and scalability, making it difficult to justify investment. The focus on a single event series also limits the potential for long-term growth.",True
CASE_KS_001,models/Meta-Llama-3-8B-Instruct,models/Meta-Llama-3-8B-Instruct,vllm,http://localhost:8000/v1,C1,8,3bb65d16,0.0,2026-08-28T17:17:59.742068,1,"{
  ""score"": 6,
  ""verdict"": ""pass"",
  ""confidence"": 80,
  ""rubric_scores"": {
    ""market_potential"": 3,
    ""technical_feasibility"": 5,
    ""business_viability"": 2
  },
  ""reasoning"": ""While the idea has some appeal, it lacks a clear competitive advantage and scalability, making it difficult to justify investment. The focus on a single event series also limits the potential for long-term growth.""
}",6,pass,80,3,5,2,"While the idea has some appeal, it lacks a clear competitive advantage and scalability, making it difficult to justify investment. The focus on a single event series also limits the potential for long-term growth.",True
CASE_KS_001,models/Meta-Llama-3-8B-Instruct,models/Meta-Llama-3-8B-Instruct,vllm,http://localhost:8000/v1,C1,9,3bb65d16,0.0,2026-08-28T17:17:59.942892,1,"{
  ""score"": 6,
  ""verdict"": ""pass"",
  ""confidence"": 80,
  ""rubric_scores"": {
    ""market_potential"": 3,
    ""technical_feasibility"": 5,
    ""business_viability"": 2
  },
  ""reasoning"": ""While the idea has some appeal, it lacks a clear competitive advantage and scalability, making it difficult to justify investment. The focus on a single event series also limits the potential for long-term growth.""
}",6,pass,80,3,5,2,"While the idea has some appeal, it lacks a clear competitive advantage and scalability, making it difficult to justify investment. The focus on a single event series also limits the potential for long-term growth.",True
CASE_KS_001,models/Meta-Llama-3-8B-Instruct,models/Meta-Llama-3-8B-Instruct,vllm,http://localhost:8000/v1,C1,2,3bb65d16,0.0,2026-08-28T17:17:58.891302,1,"{
  ""score"": 6,
  ""verdict"": ""pass"",
  ""confidence"": 80,
  ""rubric_scores"": {
    ""market_potential"": 3,
    ""technical_feasibility"": 5,
    ""business_viability"": 2
  },
  ""reasoning"": ""While the idea has some appeal, it lacks a clear competitive advantage and scalability, making it difficult to justify investment. The focus on a single event series also limits the potential for long-term growth.""
}",6,pass,80,3,5,2,"While the idea has some appeal, it lacks a clear competitive advantage and scalability, making it difficult to justify investment. The focus on a single event series also limits the potential for long-term growth.",True
CASE_KS_001,models/Meta-Llama-3-8B-Instruct,models/Meta-Llama-3-8B-Instruct,vllm,http://localhost:8000/v1,C1,1,3bb65d16,0.0,2026-08-28T17:17:58.342725,1,"{
  ""score"": 6,
  ""verdict"": ""pass"",
  ""confidence"": 80,
  ""rubric_scores"": {
    ""market_potential"": 3,
    ""technical_feasibility"": 5,
    ""business_viability"": 2
  },
  ""reasoning"": ""While the idea has some appeal, it lacks a clear competitive advantage and scalability, making it difficult to justify investment. The focus on a single event series also limits the potential for long-term growth.""
}",6,pass,80,3,5,2,"While the idea has some appeal, it lacks a clear competitive advantage and scalability, making it difficult to justify investment. The focus on a single event series also limits the potential for long-term growth.",True
CASE_KS_001,models/Meta-Llama-3-8B-Instruct,models/Meta-Llama-3-8B-Instruct,vllm,http://localhost:8000/v1,C1,5,3bb65d16,0.0,2026-08-28T17:17:59.145099,1,"{
  ""score"": 6,
  ""verdict"": ""pass"",
  ""confidence"": 80,
  ""rubric_scores"": {
    ""market_potential"": 3,
    ""technical_feasibility"": 5,
    ""business_viability"": 2
  },
  ""reasoning"": ""While the idea has some appeal, it lacks a clear competitive advantage and scalability, making it difficult to justify investment. The focus on a single event series also limits the potential for long-term growth.""
}",6,pass,80,3,5,2,"While the idea has some appeal, it lacks a clear competitive advantage and scalability, making it difficult to justify investment. The focus on a single event series also limits the potential for long-term growth.",True
CASE_KS_002,models/Meta-Llama-3-8B-Instruct,models/Meta-Llama-3-8B-Instruct,vllm,http://localhost:8000/v1,C1,1,3bb65d16,0.0,2026-08-28T17:18:46.627937,1,"{
  ""score"": 6,
  ""verdict"": ""pass"",
  ""confidence"": 80,
  ""rubric_scores"": {
    ""market_potential"": 4,
    ""technical_feasibility"": 5,
    ""business_viability"": 2
  },
  ""reasoning"": ""While the idea has potential to create positive social impact, it may not be scalable or profitable enough to justify significant investment. The focus on a specific student group and local context limits its broader market potential.""
}",6,pass,80,4,5,2,"While the idea has potential to create positive social impact, it may not be scalable or profitable enough to justify significant investment. The focus on a specific student group and local context limits its broader market potential.",True
CASE_KS_002,models/Meta-Llama-3-8B-Instruct,models/Meta-Llama-3-8B-Instruct,vllm,http://localhost:8000/v1,C1,2,3bb65d16,0.0,2026-08-28T17:18:47.231420,1,"{
  ""score"": 6,
  ""verdict"": ""pass"",
  ""confidence"": 80,
  ""rubric_scores"": {
    ""market_potential"": 4,
    ""technical_feasibility"": 5,
    ""business_viability"": 2
  },
  ""reasoning"": ""While the idea has potential to create positive social impact, it may not be scalable or profitable enough to justify significant investment. The focus on a specific student group and limited scope may limit its growth potential.""
}",6,pass,80,4,5,2,"While the idea has potential to create positive social impact, it may not be scalable or profitable enough to justify significant investment. The focus on a specific student group and limited scope may limit its growth potential.",True
CASE_KS_002,models/Meta-Llama-3-8B-Instruct,models/Meta-Llama-3-8B-Instruct,vllm,http://localhost:8000/v1,C1,3,3bb65d16,0.0,2026-08-28T17:18:47.439565,1,"{
  ""score"": 6,
  ""verdict"": ""pass"",
  ""confidence"": 80,
  ""rubric_scores"": {
    ""market_potential"": 4,
    ""technical_feasibility"": 5,
    ""business_viability"": 2
  },
  ""reasoning"": ""While the idea has potential to create positive social impact, it may not be scalable or profitable enough to justify significant investment. The focus on a specific student group and limited scope may limit its growth potential.""
}",6,pass,80,4,5,2,"While the idea has potential to create positive social impact, it may not be scalable or profitable enough to justify significant investment. The focus on a specific student group and limited scope may limit its growth potential.",True
CASE_KS_002,models/Meta-Llama-3-8B-Instruct,models/Meta-Llama-3-8B-Instruct,vllm,http://localhost:8000/v1,C1,4,3bb65d16,0.0,2026-08-28T17:18:47.638695,1,"{
  ""score"": 6,
  ""verdict"": ""pass"",
  ""confidence"": 80,
  ""rubric_scores"": {
    ""market_potential"": 4,
    ""technical_feasibility"": 5,
    ""business_viability"": 2
  },
  ""reasoning"": ""While the idea has potential to create positive social impact, it may not be scalable or profitable enough to justify significant investment. The focus on a specific student group and limited scope may limit its growth potential.""
}",6,pass,80,4,5,2,"While the idea has potential to create positive social impact, it may not be scalable or profitable enough to justify significant investment. The focus on a specific student group and limited scope may limit its growth potential.",True
CASE_KS_002,models/Meta-Llama-3-8B-Instruct,models/Meta-Llama-3-8B-Instruct,vllm,http://localhost:8000/v1,C1,5,3bb65d16,0.0,2026-08-28T17:18:47.839389,1,"{
  ""score"": 6,
  ""verdict"": ""pass"",
  ""confidence"": 80,
  ""rubric_scores"": {
    ""market_potential"": 4,
    ""technical_feasibility"": 5,
    ""business_viability"": 2
  },
  ""reasoning"": ""While the idea has potential to create positive social impact, it may not be scalable or profitable enough to justify significant investment. The focus on a specific student group and limited scope may limit its growth potential.""
}",6,pass,80,4,5,2,"While the idea has potential to create positive social impact, it may not be scalable or profitable enough to justify significant investment. The focus on a specific student group and limited scope may limit its growth potential.",True
CASE_KS_002,models/Meta-Llama-3-8B-Instruct,models/Meta-Llama-3-8B-Instruct,vllm,http://localhost:8000/v1,C1,6,3bb65d16,0.0,2026-08-28T17:18:48.039472,1,"{
  ""score"": 6,
  ""verdict"": ""pass"",
  ""confidence"": 80,
  ""rubric_scores"": {
    ""market_potential"": 4,
    ""technical_feasibility"": 5,
    ""business_viability"": 2
  },
  ""reasoning"": ""While the idea has potential to create positive social impact, it may not be scalable or profitable enough to justify significant investment. The focus on a specific student group and limited scope may limit its growth potential.""
}",6,pass,80,4,5,2,"While the idea has potential to create positive social impact, it may not be scalable or profitable enough to justify significant investment. The focus on a specific student group and limited scope may limit its growth potential.",True
CASE_KS_002,models/Meta-Llama-3-8B-Instruct,models/Meta-Llama-3-8B-Instruct,vllm,http://localhost:8000/v1,C1,8,3bb65d16,0.0,2026-08-28T17:18:48.449749,1,"{
  ""score"": 6,
  ""verdict"": ""pass"",
  ""confidence"": 80,
  ""rubric_scores"": {
    ""market_potential"": 4,
    ""technical_feasibility"": 5,
    ""business_viability"": 2
  },
  ""reasoning"": ""While the idea has potential to create positive social impact, it may not be scalable or profitable enough to justify significant investment. The focus on a specific student group and limited scope may limit its growth potential.""
}",6,pass,80,4,5,2,"While the idea has potential to create positive social impact, it may not be scalable or profitable enough to justify significant investment. The focus on a specific student group and limited scope may limit its growth potential.",True
CASE_KS_002,models/Meta-Llama-3-8B-Instruct,models/Meta-Llama-3-8B-Instruct,vllm,http://localhost:8000/v1,C1,7,3bb65d16,0.0,2026-08-28T17:18:48.250603,1,"{
  ""score"": 6,
  ""verdict"": ""pass"",
  ""confidence"": 80,
  ""rubric_scores"": {
    ""market_potential"": 4,
    ""technical_feasibility"": 5,
    ""business_viability"": 2
  },
  ""reasoning"": ""While the idea has potential to create positive social impact, it may not be scalable or profitable enough to justify significant investment. The focus on a specific student group and limited scope may limit its growth potential.""
}",6,pass,80,4,5,2,"While the idea has potential to create positive social impact, it may not be scalable or profitable enough to justify significant investment. The focus on a specific student group and limited scope may limit its growth potential.",True
CASE_KS_002,models/Meta-Llama-3-8B-Instruct,models/Meta-Llama-3-8B-Instruct,vllm,http://localhost:8000/v1,C1,9,3bb65d16,0.0,2026-08-28T17:18:48.649303,1,"{
  ""score"": 6,
  ""verdict"": ""pass"",
  ""confidence"": 80,
  ""rubric_scores"": {
    ""market_potential"": 4,
    ""technical_feasibility"": 5,
    ""business_viability"": 2
  },
  ""reasoning"": ""While the idea has potential to create positive social impact, it may not be scalable or profitable enough to justify significant investment. The focus on a specific student group and limited scope may limit its growth potential.""
}",6,pass,80,4,5,2,"While the idea has potential to create positive social impact, it may not be scalable or profitable enough to justify significant investment. The focus on a specific student group and limited scope may limit its growth potential.",True
CASE_KS_002,models/Meta-Llama-3-8B-Instruct,models/Meta-Llama-3-8B-Instruct,vllm,http://localhost:8000/v1,C1,10,3bb65d16,0.0,2026-08-28T17:18:48.849454,1,"{
  ""score"": 6,
  ""verdict"": ""pass"",
  ""confidence"": 80,
  ""rubric_scores"": {
    ""market_potential"": 4,
    ""technical_feasibility"": 5,
    ""business_viability"": 2
  },
  ""reasoning"": ""While the idea has potential to create positive social impact, it may not be scalable or profitable enough to justify significant investment. The focus on a specific student group and limited scope may limit its growth potential.""
}",6,pass,80,4,5,2,"While the idea has potential to create positive social impact, it may not be scalable or profitable enough to justify significant investment. The focus on a specific student group and limited scope may limit its growth potential.",True
CASE_KS_003,models/Meta-Llama-3-8B-Instruct,models/Meta-Llama-3-8B-Instruct,vllm,http://localhost:8000/v1,C1,1,3bb65d16,0.0,2026-08-28T17:19:33.390615,1,"{
  ""score"": 6,
  ""verdict"": ""pass"",
  ""confidence"": 80,
  ""rubric_scores"": {
    ""market_potential"": 4,
    ""technical_feasibility"": 3,
    ""business_viability"": 2
  },
  ""reasoning"": ""While the idea is innovative and could spark interest in nuclear fusion, the market potential is limited due to the niche nature of the product and the high technical barriers to entry. The business viability is also uncertain, as the startup would need to navigate complex regulatory and safety issues.""
}",6,pass,80,4,3,2,"While the idea is innovative and could spark interest in nuclear fusion, the market potential is limited due to the niche nature of the product and the high technical barriers to entry. The business viability is also uncertain, as the startup would need to navigate complex regulatory and safety issues.",True
CASE_KS_003,models/Meta-Llama-3-8B-Instruct,models/Meta-Llama-3-8B-Instruct,vllm,http://localhost:8000/v1,C1,2,3bb65d16,0.0,2026-08-28T17:19:34.011236,1,"{
  ""score"": 6,
  ""verdict"": ""pass"",
  ""confidence"": 80,
  ""rubric_scores"": {
    ""market_potential"": 4,
    ""technical_feasibility"": 3,
    ""business_viability"": 2
  },
  ""reasoning"": ""While the idea is innovative and could spark interest in nuclear fusion, the market potential is limited due to the niche nature of the product and the high technical barriers to entry. The business viability is also uncertain, as the startup would need to navigate complex regulatory and safety issues.""
}",6,pass,80,4,3,2,"While the idea is innovative and could spark interest in nuclear fusion, the market potential is limited due to the niche nature of the product and the high technical barriers to entry. The business viability is also uncertain, as the startup would need to navigate complex regulatory and safety issues.",True
CASE_KS_003,models/Meta-Llama-3-8B-Instruct,models/Meta-Llama-3-8B-Instruct,vllm,http://localhost:8000/v1,C1,3,3bb65d16,0.0,2026-08-28T17:19:34.640063,1,"{
  ""score"": 6,
  ""verdict"": ""pass"",
  ""confidence"": 80,
  ""rubric_scores"": {
    ""market_potential"": 4,
    ""technical_feasibility"": 3,
    ""business_viability"": 2
  },
  ""reasoning"": ""While the idea is innovative and could spark interest in nuclear fusion, the market potential is limited due to the niche nature of the product and the high technical barriers to entry. The business viability is also uncertain, as the startup would need to navigate complex regulatory and safety issues.""
}",6,pass,80,4,3,2,"While the idea is innovative and could spark interest in nuclear fusion, the market potential is limited due to the niche nature of the product and the high technical barriers to entry. The business viability is also uncertain, as the startup would need to navigate complex regulatory and safety issues.",True
CASE_KS_003,models/Meta-Llama-3-8B-Instruct,models/Meta-Llama-3-8B-Instruct,vllm,http://localhost:8000/v1,C1,4,3bb65d16,0.0,2026-08-28T17:19:34.840044,1,"{
  ""score"": 6,
  ""verdict"": ""pass"",
  ""confidence"": 80,
  ""rubric_scores"": {
    ""market_potential"": 4,
    ""technical_feasibility"": 3,
    ""business_viability"": 2
  },
  ""reasoning"": ""While the idea is innovative and could spark interest in nuclear fusion, the market potential is limited due to the niche nature of the product and the high technical barriers to entry. The business viability is also uncertain, as the startup would need to navigate complex regulatory and safety issues.""
}",6,pass,80,4,3,2,"While the idea is innovative and could spark interest in nuclear fusion, the market potential is limited due to the niche nature of the product and the high technical barriers to entry. The business viability is also uncertain, as the startup would need to navigate complex regulatory and safety issues.",True
CASE_KS_003,models/Meta-Llama-3-8B-Instruct,models/Meta-Llama-3-8B-Instruct,vllm,http://localhost:8000/v1,C1,5,3bb65d16,0.0,2026-08-28T17:19:35.510356,1,"{
  ""score"": 6,
  ""verdict"": ""pass"",
  ""confidence"": 80,
  ""rubric_scores"": {
    ""market_potential"": 4,
    ""technical_feasibility"": 3,
    ""business_viability"": 2
  },
  ""reasoning"": ""While the idea is innovative and could spark interest in nuclear fusion, the market potential is limited due to the niche nature of the product and the high technical barriers to entry. The business viability is also uncertain, as the startup would need to navigate complex regulatory and safety issues.""
}",6,pass,80,4,3,2,"While the idea is innovative and could spark interest in nuclear fusion, the market potential is limited due to the niche nature of the product and the high technical barriers to entry. The business viability is also uncertain, as the startup would need to navigate complex regulatory and safety issues.",True
CASE_KS_003,models/Meta-Llama-3-8B-Instruct,models/Meta-Llama-3-8B-Instruct,vllm,http://localhost:8000/v1,C1,6,3bb65d16,0.0,2026-08-28T17:19:35.710526,1,"{
  ""score"": 6,
  ""verdict"": ""pass"",
  ""confidence"": 80,
  ""rubric_scores"": {
    ""market_potential"": 4,
    ""technical_feasibility"": 3,
    ""business_viability"": 2
  },
  ""reasoning"": ""While the idea is innovative and could spark interest in nuclear fusion, the market potential is limited due to the niche nature of the product and the high technical barriers to entry. The business viability is also uncertain, as the startup would need to navigate complex regulatory and safety issues.""
}",6,pass,80,4,3,2,"While the idea is innovative and could spark interest in nuclear fusion, the market potential is limited due to the niche nature of the product and the high technical barriers to entry. The business viability is also uncertain, as the startup would need to navigate complex regulatory and safety issues.",True
CASE_KS_003,models/Meta-Llama-3-8B-Instruct,models/Meta-Llama-3-8B-Instruct,vllm,http://localhost:8000/v1,C1,7,3bb65d16,0.0,2026-08-28T17:19:36.326097,1,"{
  ""score"": 6,
  ""verdict"": ""pass"",
  ""confidence"": 80,
  ""rubric_scores"": {
    ""market_potential"": 4,
    ""technical_feasibility"": 3,
    ""business_viability"": 2
  },
  ""reasoning"": ""While the idea is innovative and could spark interest in nuclear fusion, the market potential is limited due to the niche nature of the product and the high technical barriers to entry. The business viability is also uncertain, as the startup would need to navigate complex regulatory and safety issues.""
}",6,pass,80,4,3,2,"While the idea is innovative and could spark interest in nuclear fusion, the market potential is limited due to the niche nature of the product and the high technical barriers to entry. The business viability is also uncertain, as the startup would need to navigate complex regulatory and safety issues.",True
CASE_KS_003,models/Meta-Llama-3-8B-Instruct,models/Meta-Llama-3-8B-Instruct,vllm,http://localhost:8000/v1,C1,8,3bb65d16,0.0,2026-08-28T17:19:36.527162,1,"{
  ""score"": 6,
  ""verdict"": ""pass"",
  ""confidence"": 80,
  ""rubric_scores"": {
    ""market_potential"": 4,
    ""technical_feasibility"": 3,
    ""business_viability"": 2
  },
  ""reasoning"": ""While the idea is innovative and could spark interest in nuclear fusion, the market potential is limited due to the niche nature of the product and the high technical barriers to entry. The business viability is also uncertain, as the startup would need to navigate complex regulatory and safety issues.""
}",6,pass,80,4,3,2,"While the idea is innovative and could spark interest in nuclear fusion, the market potential is limited due to the niche nature of the product and the high technical barriers to entry. The business viability is also uncertain, as the startup would need to navigate complex regulatory and safety issues.",True
CASE_KS_003,models/Meta-Llama-3-8B-Instruct,models/Meta-Llama-3-8B-Instruct,vllm,http://localhost:8000/v1,C1,9,3bb65d16,0.0,2026-08-28T17:19:37.146665,1,"{
  ""score"": 6,
  ""verdict"": ""pass"",
  ""confidence"": 80,
  ""rubric_scores"": {
    ""market_potential"": 4,
    ""technical_feasibility"": 3,
    ""business_viability"": 2
  },
  ""reasoning"": ""While the idea is innovative and could spark interest in nuclear fusion, the market potential is limited due to the niche nature of the product and the high technical barriers to entry. The business viability is also uncertain, as the startup would need to navigate complex regulatory and safety issues.""
}",6,pass,80,4,3,2,"While the idea is innovative and could spark interest in nuclear fusion, the market potential is limited due to the niche nature of the product and the high technical barriers to entry. The business viability is also uncertain, as the startup would need to navigate complex regulatory and safety issues.",True
CASE_KS_003,models/Meta-Llama-3-8B-Instruct,models/Meta-Llama-3-8B-Instruct,vllm,http://localhost:8000/v1,C1,10,3bb65d16,0.0,2026-08-28T17:19:37.348860,1,"{
  ""score"": 6,
  ""verdict"": ""pass"",
  ""confidence"": 80,
  ""rubric_scores"": {
    ""market_potential"": 4,
    ""technical_feasibility"": 3,
    ""business_viability"": 2
  },
  ""reasoning"": ""While the idea is innovative and could spark interest in nuclear fusion, the market potential is limited due to the niche nature of the product and the high technical barriers to entry. The business viability is also uncertain, as the startup would need to navigate complex regulatory and safety issues.""
}",6,pass,80,4,3,2,"While the idea is innovative and could spark interest in nuclear fusion, the market potential is limited due to the niche nature of the product and the high technical barriers to entry. The business viability is also uncertain, as the startup would need to navigate complex regulatory and safety issues.",True
CASE_KS_004,models/Meta-Llama-3-8B-Instruct,models/Meta-Llama-3-8B-Instruct,vllm,http://localhost:8000/v1,C1,1,3bb65d16,0.0,2026-08-28T17:20:26.031988,1,"{
  ""score"": 7,
  ""verdict"": ""invest"",
  ""confidence"": 80,
  ""rubric_scores"": {
    ""market_potential"": 4,
    ""technical_feasibility"": 3,
    ""business_viability"": 4
  },
  ""reasoning"": ""IVIOU's unique combination of video and e-commerce has the potential to disrupt traditional online marketplaces, and its simplicity and user-friendliness make it an attractive investment opportunity.""
}",7,invest,80,4,3,4,"IVIOU's unique combination of video and e-commerce has the potential to disrupt traditional online marketplaces, and its simplicity and user-friendliness make it an attractive investment opportunity.",True
CASE_KS_004,models/Meta-Llama-3-8B-Instruct,models/Meta-Llama-3-8B-Instruct,vllm,http://localhost:8000/v1,C1,2,3bb65d16,0.0,2026-08-28T17:20:26.662708,1,"{
  ""score"": 7,
  ""verdict"": ""invest"",
  ""confidence"": 80,
  ""rubric_scores"": {
    ""market_potential"": 4,
    ""technical_feasibility"": 3,
    ""business_viability"": 4
  },
  ""reasoning"": ""IVIOU's unique combination of video and e-commerce has the potential to disrupt traditional online marketplaces, and its simplicity and user-friendliness make it an attractive investment opportunity.""
}",7,invest,80,4,3,4,"IVIOU's unique combination of video and e-commerce has the potential to disrupt traditional online marketplaces, and its simplicity and user-friendliness make it an attractive investment opportunity.",True
CASE_KS_004,models/Meta-Llama-3-8B-Instruct,models/Meta-Llama-3-8B-Instruct,vllm,http://localhost:8000/v1,C1,3,3bb65d16,0.0,2026-08-28T17:20:27.748994,1,"{
  ""score"": 7,
  ""verdict"": ""invest"",
  ""confidence"": 80,
  ""rubric_scores"": {
    ""market_potential"": 4,
    ""technical_feasibility"": 3,
    ""business_viability"": 4
  },
  ""reasoning"": ""IVIOU's unique combination of video and e-commerce has the potential to disrupt traditional online marketplaces, and its simplicity and user-friendliness make it an attractive investment opportunity.""
}",7,invest,80,4,3,4,"IVIOU's unique combination of video and e-commerce has the potential to disrupt traditional online marketplaces, and its simplicity and user-friendliness make it an attractive investment opportunity.",True
CASE_KS_004,models/Meta-Llama-3-8B-Instruct,models/Meta-Llama-3-8B-Instruct,vllm,http://localhost:8000/v1,C1,4,3bb65d16,0.0,2026-08-28T17:20:27.950026,1,"{
  ""score"": 7,
  ""verdict"": ""invest"",
  ""confidence"": 80,
  ""rubric_scores"": {
    ""market_potential"": 4,
    ""technical_feasibility"": 3,
    ""business_viability"": 4
  },
  ""reasoning"": ""IVIOU's unique combination of video and e-commerce has the potential to disrupt traditional online marketplaces, and its simplicity and user-friendliness make it an attractive investment opportunity.""
}",7,invest,80,4,3,4,"IVIOU's unique combination of video and e-commerce has the potential to disrupt traditional online marketplaces, and its simplicity and user-friendliness make it an attractive investment opportunity.",True
CASE_KS_004,models/Meta-Llama-3-8B-Instruct,models/Meta-Llama-3-8B-Instruct,vllm,http://localhost:8000/v1,C1,5,3bb65d16,0.0,2026-08-28T17:20:29.014431,1,"{
  ""score"": 7,
  ""verdict"": ""invest"",
  ""confidence"": 80,
  ""rubric_scores"": {
    ""market_potential"": 4,
    ""technical_feasibility"": 3,
    ""business_viability"": 4
  },
  ""reasoning"": ""IVIOU's unique combination of video and e-commerce has the potential to disrupt traditional online marketplaces, and its simplicity and user-friendliness make it an attractive investment opportunity.""
}",7,invest,80,4,3,4,"IVIOU's unique combination of video and e-commerce has the potential to disrupt traditional online marketplaces, and its simplicity and user-friendliness make it an attractive investment opportunity.",True
CASE_KS_004,models/Meta-Llama-3-8B-Instruct,models/Meta-Llama-3-8B-Instruct,vllm,http://localhost:8000/v1,C1,6,3bb65d16,0.0,2026-08-28T17:20:29.217161,1,"{
  ""score"": 7,
  ""verdict"": ""invest"",
  ""confidence"": 80,
  ""rubric_scores"": {
    ""market_potential"": 4,
    ""technical_feasibility"": 3,
    ""business_viability"": 4
  },
  ""reasoning"": ""IVIOU's unique combination of video and e-commerce has the potential to disrupt traditional online marketplaces, and its simplicity and user-friendliness make it an attractive investment opportunity.""
}",7,invest,80,4,3,4,"IVIOU's unique combination of video and e-commerce has the potential to disrupt traditional online marketplaces, and its simplicity and user-friendliness make it an attractive investment opportunity.",True
CASE_KS_004,models/Meta-Llama-3-8B-Instruct,models/Meta-Llama-3-8B-Instruct,vllm,http://localhost:8000/v1,C1,7,3bb65d16,0.0,2026-08-28T17:20:30.271433,1,"{
  ""score"": 7,
  ""verdict"": ""invest"",
  ""confidence"": 80,
  ""rubric_scores"": {
    ""market_potential"": 4,
    ""technical_feasibility"": 3,
    ""business_viability"": 4
  },
  ""reasoning"": ""IVIOU's unique combination of video and e-commerce has the potential to disrupt traditional online marketplaces, and its simplicity and user-friendliness make it an attractive investment opportunity.""
}",7,invest,80,4,3,4,"IVIOU's unique combination of video and e-commerce has the potential to disrupt traditional online marketplaces, and its simplicity and user-friendliness make it an attractive investment opportunity.",True
CASE_KS_004,models/Meta-Llama-3-8B-Instruct,models/Meta-Llama-3-8B-Instruct,vllm,http://localhost:8000/v1,C1,8,3bb65d16,0.0,2026-08-28T17:20:30.892560,1,"{
  ""score"": 7,
  ""verdict"": ""invest"",
  ""confidence"": 80,
  ""rubric_scores"": {
    ""market_potential"": 4,
    ""technical_feasibility"": 3,
    ""business_viability"": 4
  },
  ""reasoning"": ""IVIOU's unique combination of video and e-commerce has the potential to disrupt traditional online marketplaces, and its simplicity and user-friendliness make it an attractive investment opportunity.""
}",7,invest,80,4,3,4,"IVIOU's unique combination of video and e-commerce has the potential to disrupt traditional online marketplaces, and its simplicity and user-friendliness make it an attractive investment opportunity.",True
CASE_KS_004,models/Meta-Llama-3-8B-Instruct,models/Meta-Llama-3-8B-Instruct,vllm,http://localhost:8000/v1,C1,9,3bb65d16,0.0,2026-08-28T17:20:31.516134,1,"{
  ""score"": 7,
  ""verdict"": ""invest"",
  ""confidence"": 80,
  ""rubric_scores"": {
    ""market_potential"": 4,
    ""technical_feasibility"": 3,
    ""business_viability"": 4
  },
  ""reasoning"": ""IVIOU's unique combination of video and e-commerce has the potential to disrupt traditional online marketplaces, and its simplicity and user-friendliness make it an attractive investment opportunity.""
}",7,invest,80,4,3,4,"IVIOU's unique combination of video and e-commerce has the potential to disrupt traditional online marketplaces, and its simplicity and user-friendliness make it an attractive investment opportunity.",True
CASE_KS_004,models/Meta-Llama-3-8B-Instruct,models/Meta-Llama-3-8B-Instruct,vllm,http://localhost:8000/v1,C1,10,3bb65d16,0.0,2026-08-28T17:20:32.159766,1,"{
  ""score"": 7,
  ""verdict"": ""invest"",
  ""confidence"": 80,
  ""rubric_scores"": {
    ""market_potential"": 4,
    ""technical_feasibility"": 3,
    ""business_viability"": 4
  },
  ""reasoning"": ""IVIOU's unique combination of video and e-commerce has the potential to disrupt traditional online marketplaces, and its simplicity and user-friendliness make it an attractive investment opportunity.""
}",7,invest,80,4,3,4,"IVIOU's unique combination of video and e-commerce has the potential to disrupt traditional online marketplaces, and its simplicity and user-friendliness make it an attractive investment opportunity.",True
CASE_KS_005,models/Meta-Llama-3-8B-Instruct,models/Meta-Llama-3-8B-Instruct,vllm,http://localhost:8000/v1,C1,1,3bb65d16,0.0,2026-08-28T17:21:11.249811,1,"{
  ""score"": 8,
  ""verdict"": ""invest"",
  ""confidence"": 80,
  ""rubric_scores"": {
    ""market_potential"": 4,
    ""technical_feasibility"": 4,
    ""business_viability"": 3
  },
  ""reasoning"": ""The idea has strong potential in the growing market of curated video content, with a unique focus on non-fiction storytelling and art. While there are some technical and business viability challenges, I believe the team can overcome them with the right guidance and support.""
}",8,invest,80,4,4,3,"The idea has strong potential in the growing market of curated video content, with a unique focus on non-fiction storytelling and art. While there are some technical and business viability challenges, I believe the team can overcome them with the right guidance and support.",True
CASE_KS_005,models/Meta-Llama-3-8B-Instruct,models/Meta-Llama-3-8B-Instruct,vllm,http://localhost:8000/v1,C1,2,3bb65d16,0.0,2026-08-28T17:21:11.873431,1,"{
  ""score"": 8,
  ""verdict"": ""invest"",
  ""confidence"": 80,
  ""rubric_scores"": {
    ""market_potential"": 4,
    ""technical_feasibility"": 4,
    ""business_viability"": 3
  },
  ""reasoning"": ""The idea has strong potential in the growing market of curated video content, with a unique focus on non-fiction storytelling and art. While there are some technical and business viability challenges, I believe the team can overcome them with the right guidance and support.""
}",8,invest,80,4,4,3,"The idea has strong potential in the growing market of curated video content, with a unique focus on non-fiction storytelling and art. While there are some technical and business viability challenges, I believe the team can overcome them with the right guidance and support.",True
CASE_KS_005,models/Meta-Llama-3-8B-Instruct,models/Meta-Llama-3-8B-Instruct,vllm,http://localhost:8000/v1,C1,3,3bb65d16,0.0,2026-08-28T17:21:13.380813,1,"{
  ""score"": 8,
  ""verdict"": ""invest"",
  ""confidence"": 80,
  ""rubric_scores"": {
    ""market_potential"": 4,
    ""technical_feasibility"": 4,
    ""business_viability"": 3
  },
  ""reasoning"": ""The idea has strong potential in the growing market of curated video content, with a unique focus on non-fiction storytelling and art. While there are some technical and business viability challenges, I believe the team can overcome them with the right guidance and support.""
}",8,invest,80,4,4,3,"The idea has strong potential in the growing market of curated video content, with a unique focus on non-fiction storytelling and art. While there are some technical and business viability challenges, I believe the team can overcome them with the right guidance and support.",True
CASE_KS_005,models/Meta-Llama-3-8B-Instruct,models/Meta-Llama-3-8B-Instruct,vllm,http://localhost:8000/v1,C1,4,3bb65d16,0.0,2026-08-28T17:21:13.582944,1,"{
  ""score"": 8,
  ""verdict"": ""invest"",
  ""confidence"": 80,
  ""rubric_scores"": {
    ""market_potential"": 4,
    ""technical_feasibility"": 4,
    ""business_viability"": 3
  },
  ""reasoning"": ""The idea has strong potential in the growing market of curated video content, with a unique focus on non-fiction storytelling and art. While there are some technical and business viability challenges, I believe the team can overcome them with the right guidance and support.""
}",8,invest,80,4,4,3,"The idea has strong potential in the growing market of curated video content, with a unique focus on non-fiction storytelling and art. While there are some technical and business viability challenges, I believe the team can overcome them with the right guidance and support.",True
CASE_KS_005,models/Meta-Llama-3-8B-Instruct,models/Meta-Llama-3-8B-Instruct,vllm,http://localhost:8000/v1,C1,5,3bb65d16,0.0,2026-08-28T17:21:15.052289,1,"{
  ""score"": 8,
  ""verdict"": ""invest"",
  ""confidence"": 80,
  ""rubric_scores"": {
    ""market_potential"": 4,
    ""technical_feasibility"": 4,
    ""business_viability"": 3
  },
  ""reasoning"": ""The idea has strong potential in the growing market of curated video content, with a unique focus on non-fiction storytelling and art. While there are some technical and business viability challenges, I believe the team can overcome them with the right guidance and support.""
}",8,invest,80,4,4,3,"The idea has strong potential in the growing market of curated video content, with a unique focus on non-fiction storytelling and art. While there are some technical and business viability challenges, I believe the team can overcome them with the right guidance and support.",True
CASE_KS_005,models/Meta-Llama-3-8B-Instruct,models/Meta-Llama-3-8B-Instruct,vllm,http://localhost:8000/v1,C1,6,3bb65d16,0.0,2026-08-28T17:21:15.253063,1,"{
  ""score"": 8,
  ""verdict"": ""invest"",
  ""confidence"": 80,
  ""rubric_scores"": {
    ""market_potential"": 4,
    ""technical_feasibility"": 4,
    ""business_viability"": 3
  },
  ""reasoning"": ""The idea has strong potential in the growing market of curated video content, with a unique focus on non-fiction storytelling and art. While there are some technical and business viability challenges, I believe the team can overcome them with the right guidance and support.""
}",8,invest,80,4,4,3,"The idea has strong potential in the growing market of curated video content, with a unique focus on non-fiction storytelling and art. While there are some technical and business viability challenges, I believe the team can overcome them with the right guidance and support.",True
CASE_KS_005,models/Meta-Llama-3-8B-Instruct,models/Meta-Llama-3-8B-Instruct,vllm,http://localhost:8000/v1,C1,8,3bb65d16,0.0,2026-08-28T17:21:17.354369,1,"{
  ""score"": 8,
  ""verdict"": ""invest"",
  ""confidence"": 80,
  ""rubric_scores"": {
    ""market_potential"": 4,
    ""technical_feasibility"": 4,
    ""business_viability"": 3
  },
  ""reasoning"": ""The idea has strong potential in the growing market for niche video content and curated platforms. With a clear focus on non-fiction storytelling and art, telegraph21 can attract a dedicated audience and provide a unique distribution channel for filmmakers.""
}",8,invest,80,4,4,3,"The idea has strong potential in the growing market for niche video content and curated platforms. With a clear focus on non-fiction storytelling and art, telegraph21 can attract a dedicated audience and provide a unique distribution channel for filmmakers.",True
CASE_KS_005,models/Meta-Llama-3-8B-Instruct,models/Meta-Llama-3-8B-Instruct,vllm,http://localhost:8000/v1,C1,7,3bb65d16,0.0,2026-08-28T17:21:16.732791,1,"{
  ""score"": 8,
  ""verdict"": ""invest"",
  ""confidence"": 80,
  ""rubric_scores"": {
    ""market_potential"": 4,
    ""technical_feasibility"": 4,
    ""business_viability"": 3
  },
  ""reasoning"": ""The idea has strong potential in the growing market of curated video content, with a unique focus on non-fiction storytelling and art. While there are some technical and business viability challenges, I believe the team can overcome them with the right guidance and support.""
}",8,invest,80,4,4,3,"The idea has strong potential in the growing market of curated video content, with a unique focus on non-fiction storytelling and art. While there are some technical and business viability challenges, I believe the team can overcome them with the right guidance and support.",True
CASE_KS_005,models/Meta-Llama-3-8B-Instruct,models/Meta-Llama-3-8B-Instruct,vllm,http://localhost:8000/v1,C1,10,3bb65d16,0.0,2026-08-28T17:21:19.046026,1,"{
  ""score"": 8,
  ""verdict"": ""invest"",
  ""confidence"": 80,
  ""rubric_scores"": {
    ""market_potential"": 4,
    ""technical_feasibility"": 4,
    ""business_viability"": 3
  },
  ""reasoning"": ""The idea has strong potential in the growing market for niche video content and curated platforms. With a clear focus on non-fiction storytelling and art, telegraph21 can attract a dedicated audience and provide a unique distribution channel for filmmakers.""
}",8,invest,80,4,4,3,"The idea has strong potential in the growing market for niche video content and curated platforms. With a clear focus on non-fiction storytelling and art, telegraph21 can attract a dedicated audience and provide a unique distribution channel for filmmakers.",True
CASE_KS_005,models/Meta-Llama-3-8B-Instruct,models/Meta-Llama-3-8B-Instruct,vllm,http://localhost:8000/v1,C1,9,3bb65d16,0.0,2026-08-28T17:21:18.410590,1,"{
  ""score"": 8,
  ""verdict"": ""invest"",
  ""confidence"": 80,
  ""rubric_scores"": {
    ""market_potential"": 4,
    ""technical_feasibility"": 4,
    ""business_viability"": 3
  },
  ""reasoning"": ""The idea has strong potential in the growing market of curated video content, with a unique focus on non-fiction storytelling and art. While there are some technical and business viability challenges, I believe the team can overcome them with the right investment and guidance.""
}",8,invest,80,4,4,3,"The idea has strong potential in the growing market of curated video content, with a unique focus on non-fiction storytelling and art. While there are some technical and business viability challenges, I believe the team can overcome them with the right investment and guidance.",True
CASE_KS_006,models/Meta-Llama-3-8B-Instruct,models/Meta-Llama-3-8B-Instruct,vllm,http://localhost:8000/v1,C1,1,3bb65d16,0.0,2026-08-28T17:22:01.996310,1,"{
  ""score"": 7,
  ""verdict"": ""invest"",
  ""confidence"": 80,
  ""rubric_scores"": {
    ""market_potential"": 4,
    ""technical_feasibility"": 3,
    ""business_viability"": 4
  },
  ""reasoning"": ""While the idea of a handmade word clock is unique and visually appealing, I believe it has the potential to resonate with a niche market. With careful execution, Like Clockwork could establish a strong brand and generate revenue through custom orders and limited-edition runs.""
}",7,invest,80,4,3,4,"While the idea of a handmade word clock is unique and visually appealing, I believe it has the potential to resonate with a niche market. With careful execution, Like Clockwork could establish a strong brand and generate revenue through custom orders and limited-edition runs.",True
CASE_KS_006,models/Meta-Llama-3-8B-Instruct,models/Meta-Llama-3-8B-Instruct,vllm,http://localhost:8000/v1,C1,2,3bb65d16,0.0,2026-08-28T17:22:02.629945,1,"{
  ""score"": 7,
  ""verdict"": ""invest"",
  ""confidence"": 80,
  ""rubric_scores"": {
    ""market_potential"": 4,
    ""technical_feasibility"": 3,
    ""business_viability"": 4
  },
  ""reasoning"": ""While the idea of a handmade word clock is unique and visually appealing, I believe it has the potential to resonate with a niche market. With careful execution, Like Clockwork could establish a strong brand and generate revenue through custom orders and limited-edition runs.""
}",7,invest,80,4,3,4,"While the idea of a handmade word clock is unique and visually appealing, I believe it has the potential to resonate with a niche market. With careful execution, Like Clockwork could establish a strong brand and generate revenue through custom orders and limited-edition runs.",True
CASE_KS_006,models/Meta-Llama-3-8B-Instruct,models/Meta-Llama-3-8B-Instruct,vllm,http://localhost:8000/v1,C1,3,3bb65d16,0.0,2026-08-28T17:22:04.586932,1,"{
  ""score"": 7,
  ""verdict"": ""invest"",
  ""confidence"": 80,
  ""rubric_scores"": {
    ""market_potential"": 4,
    ""technical_feasibility"": 3,
    ""business_viability"": 4
  },
  ""reasoning"": ""While the idea of a handmade word clock is unique and visually appealing, I believe it has the potential to resonate with a niche market. With careful execution, Like Clockwork could establish a strong brand and generate revenue through custom orders and limited-edition runs.""
}",7,invest,80,4,3,4,"While the idea of a handmade word clock is unique and visually appealing, I believe it has the potential to resonate with a niche market. With careful execution, Like Clockwork could establish a strong brand and generate revenue through custom orders and limited-edition runs.",True
CASE_KS_006,models/Meta-Llama-3-8B-Instruct,models/Meta-Llama-3-8B-Instruct,vllm,http://localhost:8000/v1,C1,4,3bb65d16,0.0,2026-08-28T17:22:04.787258,1,"{
  ""score"": 7,
  ""verdict"": ""invest"",
  ""confidence"": 80,
  ""rubric_scores"": {
    ""market_potential"": 4,
    ""technical_feasibility"": 3,
    ""business_viability"": 4
  },
  ""reasoning"": ""While the idea of a handmade word clock is unique and visually appealing, I believe it has the potential to resonate with a niche market. With careful execution, Like Clockwork could establish a strong brand and generate revenue through custom orders and limited-edition runs.""
}",7,invest,80,4,3,4,"While the idea of a handmade word clock is unique and visually appealing, I believe it has the potential to resonate with a niche market. With careful execution, Like Clockwork could establish a strong brand and generate revenue through custom orders and limited-edition runs.",True
CASE_KS_006,models/Meta-Llama-3-8B-Instruct,models/Meta-Llama-3-8B-Instruct,vllm,http://localhost:8000/v1,C1,5,3bb65d16,0.0,2026-08-28T17:22:06.679050,1,"{
  ""score"": 7,
  ""verdict"": ""invest"",
  ""confidence"": 80,
  ""rubric_scores"": {
    ""market_potential"": 4,
    ""technical_feasibility"": 3,
    ""business_viability"": 4
  },
  ""reasoning"": ""While the idea of a handmade word clock is unique and visually appealing, I believe it has the potential to resonate with a niche market. With careful execution, Like Clockwork could establish a strong brand and generate revenue through custom orders and limited-edition runs.""
}",7,invest,80,4,3,4,"While the idea of a handmade word clock is unique and visually appealing, I believe it has the potential to resonate with a niche market. With careful execution, Like Clockwork could establish a strong brand and generate revenue through custom orders and limited-edition runs.",True
CASE_KS_006,models/Meta-Llama-3-8B-Instruct,models/Meta-Llama-3-8B-Instruct,vllm,http://localhost:8000/v1,C1,6,3bb65d16,0.0,2026-08-28T17:22:06.883023,1,"{
  ""score"": 7,
  ""verdict"": ""invest"",
  ""confidence"": 80,
  ""rubric_scores"": {
    ""market_potential"": 4,
    ""technical_feasibility"": 3,
    ""business_viability"": 4
  },
  ""reasoning"": ""While the idea of a handmade word clock is unique and visually appealing, I believe it has the potential to resonate with a niche market. With careful execution, Like Clockwork could establish a strong brand and generate revenue through custom orders and limited-edition runs.""
}",7,invest,80,4,3,4,"While the idea of a handmade word clock is unique and visually appealing, I believe it has the potential to resonate with a niche market. With careful execution, Like Clockwork could establish a strong brand and generate revenue through custom orders and limited-edition runs.",True
CASE_KS_006,models/Meta-Llama-3-8B-Instruct,models/Meta-Llama-3-8B-Instruct,vllm,http://localhost:8000/v1,C1,7,3bb65d16,0.0,2026-08-28T17:22:07.501883,1,"{
  ""score"": 7,
  ""verdict"": ""invest"",
  ""confidence"": 80,
  ""rubric_scores"": {
    ""market_potential"": 4,
    ""technical_feasibility"": 3,
    ""business_viability"": 4
  },
  ""reasoning"": ""While the idea of a handmade word clock is unique and visually appealing, I believe it has the potential to resonate with a niche market. With careful execution, Like Clockwork could establish a strong brand and generate revenue through custom orders and limited-edition runs.""
}",7,invest,80,4,3,4,"While the idea of a handmade word clock is unique and visually appealing, I believe it has the potential to resonate with a niche market. With careful execution, Like Clockwork could establish a strong brand and generate revenue through custom orders and limited-edition runs.",True
CASE_KS_006,models/Meta-Llama-3-8B-Instruct,models/Meta-Llama-3-8B-Instruct,vllm,http://localhost:8000/v1,C1,8,3bb65d16,0.0,2026-08-28T17:22:08.967307,1,"{
  ""score"": 7,
  ""verdict"": ""invest"",
  ""confidence"": 80,
  ""rubric_scores"": {
    ""market_potential"": 4,
    ""technical_feasibility"": 3,
    ""business_viability"": 4
  },
  ""reasoning"": ""While the idea of a handmade word clock is unique and visually appealing, I believe it has the potential to resonate with a niche market. With careful execution, Like Clockwork could establish a strong brand and generate revenue through custom orders and limited-edition runs.""
}",7,invest,80,4,3,4,"While the idea of a handmade word clock is unique and visually appealing, I believe it has the potential to resonate with a niche market. With careful execution, Like Clockwork could establish a strong brand and generate revenue through custom orders and limited-edition runs.",True
CASE_KS_006,models/Meta-Llama-3-8B-Instruct,models/Meta-Llama-3-8B-Instruct,vllm,http://localhost:8000/v1,C1,9,3bb65d16,0.0,2026-08-28T17:22:09.591976,1,"{
  ""score"": 7,
  ""verdict"": ""invest"",
  ""confidence"": 80,
  ""rubric_scores"": {
    ""market_potential"": 4,
    ""technical_feasibility"": 3,
    ""business_viability"": 4
  },
  ""reasoning"": ""While the idea of a handmade word clock is unique and visually appealing, I believe it has the potential to resonate with a niche market. With careful execution, Like Clockwork could establish a strong brand and generate revenue through custom orders and limited-edition runs.""
}",7,invest,80,4,3,4,"While the idea of a handmade word clock is unique and visually appealing, I believe it has the potential to resonate with a niche market. With careful execution, Like Clockwork could establish a strong brand and generate revenue through custom orders and limited-edition runs.",True
CASE_KS_006,models/Meta-Llama-3-8B-Instruct,models/Meta-Llama-3-8B-Instruct,vllm,http://localhost:8000/v1,C1,10,3bb65d16,0.0,2026-08-28T17:22:11.061635,1,"{
  ""score"": 7,
  ""verdict"": ""invest"",
  ""confidence"": 80,
  ""rubric_scores"": {
    ""market_potential"": 4,
    ""technical_feasibility"": 3,
    ""business_viability"": 4
  },
  ""reasoning"": ""While the idea of a handmade word clock is unique and visually appealing, I believe it has the potential to resonate with a niche market. With careful execution, Like Clockwork could establish a strong brand and generate revenue through custom orders and limited-edition runs.""
}",7,invest,80,4,3,4,"While the idea of a handmade word clock is unique and visually appealing, I believe it has the potential to resonate with a niche market. With careful execution, Like Clockwork could establish a strong brand and generate revenue through custom orders and limited-edition runs.",True
CASE_KS_007,models/Meta-Llama-3-8B-Instruct,models/Meta-Llama-3-8B-Instruct,vllm,http://localhost:8000/v1,C1,1,3bb65d16,0.0,2026-08-28T17:22:53.609381,1,"{
  ""score"": 7,
  ""verdict"": ""invest"",
  ""confidence"": 80,
  ""rubric_scores"": {
    ""market_potential"": 4,
    ""technical_feasibility"": 4,
    ""business_viability"": 3
  },
  ""reasoning"": ""While the idea is not revolutionary, it addresses a specific pain point in the fitness industry, and the data-driven insights could provide a unique selling proposition. With a solid technical foundation and a clear target market, I believe this app has the potential to gain traction.""
}",7,invest,80,4,4,3,"While the idea is not revolutionary, it addresses a specific pain point in the fitness industry, and the data-driven insights could provide a unique selling proposition. With a solid technical foundation and a clear target market, I believe this app has the potential to gain traction.",True
CASE_KS_007,models/Meta-Llama-3-8B-Instruct,models/Meta-Llama-3-8B-Instruct,vllm,http://localhost:8000/v1,C1,2,3bb65d16,0.0,2026-08-28T17:22:54.237966,1,"{
  ""score"": 7,
  ""verdict"": ""invest"",
  ""confidence"": 80,
  ""rubric_scores"": {
    ""market_potential"": 4,
    ""technical_feasibility"": 4,
    ""business_viability"": 3
  },
  ""reasoning"": ""While the idea is not revolutionary, it addresses a specific pain point in the fitness industry, and the data-driven insights could provide a unique selling proposition. With a solid technical foundation and a clear target market, I believe this app has the potential to gain traction.""
}",7,invest,80,4,4,3,"While the idea is not revolutionary, it addresses a specific pain point in the fitness industry, and the data-driven insights could provide a unique selling proposition. With a solid technical foundation and a clear target market, I believe this app has the potential to gain traction.",True
CASE_KS_007,models/Meta-Llama-3-8B-Instruct,models/Meta-Llama-3-8B-Instruct,vllm,http://localhost:8000/v1,C1,3,3bb65d16,0.0,2026-08-28T17:22:56.625016,1,"{
  ""score"": 7,
  ""verdict"": ""invest"",
  ""confidence"": 80,
  ""rubric_scores"": {
    ""market_potential"": 4,
    ""technical_feasibility"": 4,
    ""business_viability"": 3
  },
  ""reasoning"": ""While the idea is not revolutionary, it addresses a specific pain point in the fitness industry, and the data-driven insights could provide a unique selling proposition. With a solid technical foundation and a clear target market, I believe this app has the potential to gain traction.""
}",7,invest,80,4,4,3,"While the idea is not revolutionary, it addresses a specific pain point in the fitness industry, and the data-driven insights could provide a unique selling proposition. With a solid technical foundation and a clear target market, I believe this app has the potential to gain traction.",True
CASE_KS_007,models/Meta-Llama-3-8B-Instruct,models/Meta-Llama-3-8B-Instruct,vllm,http://localhost:8000/v1,C1,4,3bb65d16,0.0,2026-08-28T17:22:56.825454,1,"{
  ""score"": 7,
  ""verdict"": ""invest"",
  ""confidence"": 80,
  ""rubric_scores"": {
    ""market_potential"": 4,
    ""technical_feasibility"": 4,
    ""business_viability"": 3
  },
  ""reasoning"": ""While the idea is not revolutionary, it addresses a specific pain point in the fitness industry, and the data-driven insights could provide a unique selling proposition. With a solid technical foundation and a clear target market, I believe this app has the potential to gain traction.""
}",7,invest,80,4,4,3,"While the idea is not revolutionary, it addresses a specific pain point in the fitness industry, and the data-driven insights could provide a unique selling proposition. With a solid technical foundation and a clear target market, I believe this app has the potential to gain traction.",True
CASE_KS_007,models/Meta-Llama-3-8B-Instruct,models/Meta-Llama-3-8B-Instruct,vllm,http://localhost:8000/v1,C1,5,3bb65d16,0.0,2026-08-28T17:22:59.192625,1,"{
  ""score"": 7,
  ""verdict"": ""invest"",
  ""confidence"": 80,
  ""rubric_scores"": {
    ""market_potential"": 4,
    ""technical_feasibility"": 4,
    ""business_viability"": 3
  },
  ""reasoning"": ""While the idea is not revolutionary, it addresses a specific pain point in the fitness industry, and the data-driven insights could provide a unique selling proposition. With a solid technical foundation and a clear target market, I believe this app has the potential to gain traction.""
}",7,invest,80,4,4,3,"While the idea is not revolutionary, it addresses a specific pain point in the fitness industry, and the data-driven insights could provide a unique selling proposition. With a solid technical foundation and a clear target market, I believe this app has the potential to gain traction.",True
CASE_KS_007,models/Meta-Llama-3-8B-Instruct,models/Meta-Llama-3-8B-Instruct,vllm,http://localhost:8000/v1,C1,6,3bb65d16,0.0,2026-08-28T17:22:59.392221,1,"{
  ""score"": 7,
  ""verdict"": ""invest"",
  ""confidence"": 80,
  ""rubric_scores"": {
    ""market_potential"": 4,
    ""technical_feasibility"": 4,
    ""business_viability"": 3
  },
  ""reasoning"": ""While the idea is not revolutionary, it addresses a specific pain point in the fitness industry, and the data-driven insights could provide a unique selling proposition. With a solid technical foundation and a clear target market, I believe this app has the potential to gain traction.""
}",7,invest,80,4,4,3,"While the idea is not revolutionary, it addresses a specific pain point in the fitness industry, and the data-driven insights could provide a unique selling proposition. With a solid technical foundation and a clear target market, I believe this app has the potential to gain traction.",True
CASE_KS_007,models/Meta-Llama-3-8B-Instruct,models/Meta-Llama-3-8B-Instruct,vllm,http://localhost:8000/v1,C1,7,3bb65d16,0.0,2026-08-28T17:23:00.419716,1,"{
  ""score"": 7,
  ""verdict"": ""invest"",
  ""confidence"": 80,
  ""rubric_scores"": {
    ""market_potential"": 4,
    ""technical_feasibility"": 4,
    ""business_viability"": 3
  },
  ""reasoning"": ""While the idea is not revolutionary, it addresses a specific pain point in the fitness industry, and the data-driven insights could provide a unique selling proposition. With a solid technical foundation and a clear target market, I believe this app has the potential to gain traction.""
}",7,invest,80,4,4,3,"While the idea is not revolutionary, it addresses a specific pain point in the fitness industry, and the data-driven insights could provide a unique selling proposition. With a solid technical foundation and a clear target market, I believe this app has the potential to gain traction.",True
CASE_KS_007,models/Meta-Llama-3-8B-Instruct,models/Meta-Llama-3-8B-Instruct,vllm,http://localhost:8000/v1,C1,8,3bb65d16,0.0,2026-08-28T17:23:01.913996,1,"{
  ""score"": 7,
  ""verdict"": ""invest"",
  ""confidence"": 80,
  ""rubric_scores"": {
    ""market_potential"": 4,
    ""technical_feasibility"": 4,
    ""business_viability"": 3
  },
  ""reasoning"": ""While the idea is not revolutionary, it addresses a specific pain point in the fitness industry, and the data-driven insights could provide a unique selling proposition. With a solid technical foundation and a clear target market, I believe this app has the potential to gain traction.""
}",7,invest,80,4,4,3,"While the idea is not revolutionary, it addresses a specific pain point in the fitness industry, and the data-driven insights could provide a unique selling proposition. With a solid technical foundation and a clear target market, I believe this app has the potential to gain traction.",True
CASE_KS_007,models/Meta-Llama-3-8B-Instruct,models/Meta-Llama-3-8B-Instruct,vllm,http://localhost:8000/v1,C1,9,3bb65d16,0.0,2026-08-28T17:23:02.963072,1,"{
  ""score"": 7,
  ""verdict"": ""invest"",
  ""confidence"": 80,
  ""rubric_scores"": {
    ""market_potential"": 4,
    ""technical_feasibility"": 4,
    ""business_viability"": 3
  },
  ""reasoning"": ""While the idea is not revolutionary, it addresses a specific pain point in the fitness industry, and the data-driven insights could provide a unique selling proposition. With a solid technical foundation and a clear target market, I believe this app has the potential to gain traction.""
}",7,invest,80,4,4,3,"While the idea is not revolutionary, it addresses a specific pain point in the fitness industry, and the data-driven insights could provide a unique selling proposition. With a solid technical foundation and a clear target market, I believe this app has the potential to gain traction.",True
CASE_KS_007,models/Meta-Llama-3-8B-Instruct,models/Meta-Llama-3-8B-Instruct,vllm,http://localhost:8000/v1,C1,10,3bb65d16,0.0,2026-08-28T17:23:04.442889,1,"{
  ""score"": 7,
  ""verdict"": ""invest"",
  ""confidence"": 80,
  ""rubric_scores"": {
    ""market_potential"": 4,
    ""technical_feasibility"": 4,
    ""business_viability"": 3
  },
  ""reasoning"": ""While the idea is not revolutionary, it addresses a specific pain point in the fitness industry, and the data-driven insights could provide a unique selling proposition. With a solid technical foundation and a clear target market, I believe this app has the potential to gain traction.""
}",7,invest,80,4,4,3,"While the idea is not revolutionary, it addresses a specific pain point in the fitness industry, and the data-driven insights could provide a unique selling proposition. With a solid technical foundation and a clear target market, I believe this app has the potential to gain traction.",True
CASE_KS_008,models/Meta-Llama-3-8B-Instruct,models/Meta-Llama-3-8B-Instruct,vllm,http://localhost:8000/v1,C1,1,3bb65d16,0.0,2026-08-28T17:23:45.744906,1,"{
  ""score"": 7,
  ""verdict"": ""invest"",
  ""confidence"": 80,
  ""rubric_scores"": {
    ""market_potential"": 4,
    ""technical_feasibility"": 3,
    ""business_viability"": 4
  },
  ""reasoning"": ""ValetSmartz addresses a specific pain point for urban professionals, and the on-demand model has proven successful in other industries. With careful execution, this app has the potential to disrupt the traditional valet parking industry.""
}",7,invest,80,4,3,4,"ValetSmartz addresses a specific pain point for urban professionals, and the on-demand model has proven successful in other industries. With careful execution, this app has the potential to disrupt the traditional valet parking industry.",True
CASE_KS_008,models/Meta-Llama-3-8B-Instruct,models/Meta-Llama-3-8B-Instruct,vllm,http://localhost:8000/v1,C1,2,3bb65d16,0.0,2026-08-28T17:23:46.802988,1,"{
  ""score"": 7,
  ""verdict"": ""invest"",
  ""confidence"": 80,
  ""rubric_scores"": {
    ""market_potential"": 4,
    ""technical_feasibility"": 3,
    ""business_viability"": 4
  },
  ""reasoning"": ""ValetSmartz addresses a specific pain point for urban professionals, and the on-demand model has proven successful in other industries. With careful execution, this app has the potential to disrupt the traditional valet parking industry.""
}",7,invest,80,4,3,4,"ValetSmartz addresses a specific pain point for urban professionals, and the on-demand model has proven successful in other industries. With careful execution, this app has the potential to disrupt the traditional valet parking industry.",True
CASE_KS_008,models/Meta-Llama-3-8B-Instruct,models/Meta-Llama-3-8B-Instruct,vllm,http://localhost:8000/v1,C1,3,3bb65d16,0.0,2026-08-28T17:23:49.190508,1,"{
  ""score"": 7,
  ""verdict"": ""invest"",
  ""confidence"": 80,
  ""rubric_scores"": {
    ""market_potential"": 4,
    ""technical_feasibility"": 3,
    ""business_viability"": 4
  },
  ""reasoning"": ""ValetSmartz addresses a specific pain point for urban professionals, and the on-demand model has proven successful in other industries. With careful execution, this app has the potential to disrupt the traditional valet parking industry.""
}",7,invest,80,4,3,4,"ValetSmartz addresses a specific pain point for urban professionals, and the on-demand model has proven successful in other industries. With careful execution, this app has the potential to disrupt the traditional valet parking industry.",True
CASE_KS_008,models/Meta-Llama-3-8B-Instruct,models/Meta-Llama-3-8B-Instruct,vllm,http://localhost:8000/v1,C1,4,3bb65d16,0.0,2026-08-28T17:23:49.391027,1,"{
  ""score"": 7,
  ""verdict"": ""invest"",
  ""confidence"": 80,
  ""rubric_scores"": {
    ""market_potential"": 4,
    ""technical_feasibility"": 3,
    ""business_viability"": 4
  },
  ""reasoning"": ""ValetSmartz addresses a specific pain point for urban professionals, and the on-demand model has proven successful in other industries. With careful execution, this app has the potential to disrupt the traditional valet parking industry.""
}",7,invest,80,4,3,4,"ValetSmartz addresses a specific pain point for urban professionals, and the on-demand model has proven successful in other industries. With careful execution, this app has the potential to disrupt the traditional valet parking industry.",True
CASE_KS_008,models/Meta-Llama-3-8B-Instruct,models/Meta-Llama-3-8B-Instruct,vllm,http://localhost:8000/v1,C1,5,3bb65d16,0.0,2026-08-28T17:23:52.158017,1,"{
  ""score"": 7,
  ""verdict"": ""invest"",
  ""confidence"": 80,
  ""rubric_scores"": {
    ""market_potential"": 4,
    ""technical_feasibility"": 3,
    ""business_viability"": 4
  },
  ""reasoning"": ""ValetSmartz addresses a specific pain point for urban professionals, and the on-demand model has proven successful in other industries. With careful execution, this app has the potential to disrupt the traditional valet parking industry.""
}",7,invest,80,4,3,4,"ValetSmartz addresses a specific pain point for urban professionals, and the on-demand model has proven successful in other industries. With careful execution, this app has the potential to disrupt the traditional valet parking industry.",True
CASE_KS_008,models/Meta-Llama-3-8B-Instruct,models/Meta-Llama-3-8B-Instruct,vllm,http://localhost:8000/v1,C1,6,3bb65d16,0.0,2026-08-28T17:23:52.358952,1,"{
  ""score"": 7,
  ""verdict"": ""invest"",
  ""confidence"": 80,
  ""rubric_scores"": {
    ""market_potential"": 4,
    ""technical_feasibility"": 3,
    ""business_viability"": 4
  },
  ""reasoning"": ""ValetSmartz addresses a specific pain point for urban professionals, and the on-demand model has proven successful in other industries. With careful execution, this app has the potential to disrupt the traditional valet parking industry.""
}",7,invest,80,4,3,4,"ValetSmartz addresses a specific pain point for urban professionals, and the on-demand model has proven successful in other industries. With careful execution, this app has the potential to disrupt the traditional valet parking industry.",True
CASE_KS_008,models/Meta-Llama-3-8B-Instruct,models/Meta-Llama-3-8B-Instruct,vllm,http://localhost:8000/v1,C1,7,3bb65d16,0.0,2026-08-28T17:23:53.823821,1,"{
  ""score"": 7,
  ""verdict"": ""invest"",
  ""confidence"": 80,
  ""rubric_scores"": {
    ""market_potential"": 4,
    ""technical_feasibility"": 3,
    ""business_viability"": 4
  },
  ""reasoning"": ""ValetSmartz addresses a specific pain point for urban professionals, and the on-demand model has proven successful in other industries. With careful execution, this app has the potential to disrupt the traditional valet parking industry.""
}",7,invest,80,4,3,4,"ValetSmartz addresses a specific pain point for urban professionals, and the on-demand model has proven successful in other industries. With careful execution, this app has the potential to disrupt the traditional valet parking industry.",True
CASE_KS_008,models/Meta-Llama-3-8B-Instruct,models/Meta-Llama-3-8B-Instruct,vllm,http://localhost:8000/v1,C1,8,3bb65d16,0.0,2026-08-28T17:23:55.309399,1,"{
  ""score"": 7,
  ""verdict"": ""invest"",
  ""confidence"": 80,
  ""rubric_scores"": {
    ""market_potential"": 4,
    ""technical_feasibility"": 3,
    ""business_viability"": 4
  },
  ""reasoning"": ""ValetSmartz addresses a specific pain point for urban professionals, and the on-demand model has proven successful in other industries. With careful execution, this app has the potential to disrupt the traditional valet parking industry.""
}",7,invest,80,4,3,4,"ValetSmartz addresses a specific pain point for urban professionals, and the on-demand model has proven successful in other industries. With careful execution, this app has the potential to disrupt the traditional valet parking industry.",True
CASE_KS_008,models/Meta-Llama-3-8B-Instruct,models/Meta-Llama-3-8B-Instruct,vllm,http://localhost:8000/v1,C1,9,3bb65d16,0.0,2026-08-28T17:23:56.793610,1,"{
  ""score"": 7,
  ""verdict"": ""invest"",
  ""confidence"": 80,
  ""rubric_scores"": {
    ""market_potential"": 4,
    ""technical_feasibility"": 3,
    ""business_viability"": 4
  },
  ""reasoning"": ""ValetSmartz addresses a specific pain point for urban professionals, and the on-demand model has proven successful in other industries. With careful execution, this app has the potential to disrupt the traditional valet parking industry.""
}",7,invest,80,4,3,4,"ValetSmartz addresses a specific pain point for urban professionals, and the on-demand model has proven successful in other industries. With careful execution, this app has the potential to disrupt the traditional valet parking industry.",True
CASE_KS_008,models/Meta-Llama-3-8B-Instruct,models/Meta-Llama-3-8B-Instruct,vllm,http://localhost:8000/v1,C1,10,3bb65d16,0.0,2026-08-28T17:23:58.273961,1,"{
  ""score"": 7,
  ""verdict"": ""invest"",
  ""confidence"": 80,
  ""rubric_scores"": {
    ""market_potential"": 4,
    ""technical_feasibility"": 3,
    ""business_viability"": 4
  },
  ""reasoning"": ""ValetSmartz addresses a specific pain point for urban professionals, and the on-demand model has proven successful in other industries. With careful execution, this app has the potential to disrupt the traditional valet parking industry.""
}",7,invest,80,4,3,4,"ValetSmartz addresses a specific pain point for urban professionals, and the on-demand model has proven successful in other industries. With careful execution, this app has the potential to disrupt the traditional valet parking industry.",True
CASE_KS_009,models/Meta-Llama-3-8B-Instruct,models/Meta-Llama-3-8B-Instruct,vllm,http://localhost:8000/v1,C1,1,3bb65d16,0.0,2026-08-28T17:24:34.001125,1,"{
  ""score"": 8,
  ""verdict"": ""invest"",
  ""confidence"": 80,
  ""rubric_scores"": {
    ""market_potential"": 5,
    ""technical_feasibility"": 4,
    ""business_viability"": 4
  },
  ""reasoning"": ""The idea has significant market potential, as DUI deaths are a major public health concern. While there are some technical and business viability challenges, the concept is feasible and has a clear path to profitability.""
}",8,invest,80,5,4,4,"The idea has significant market potential, as DUI deaths are a major public health concern. While there are some technical and business viability challenges, the concept is feasible and has a clear path to profitability.",True
CASE_KS_009,models/Meta-Llama-3-8B-Instruct,models/Meta-Llama-3-8B-Instruct,vllm,http://localhost:8000/v1,C1,2,3bb65d16,0.0,2026-08-28T17:24:35.052055,1,"{
  ""score"": 8,
  ""verdict"": ""invest"",
  ""confidence"": 80,
  ""rubric_scores"": {
    ""market_potential"": 5,
    ""technical_feasibility"": 4,
    ""business_viability"": 4
  },
  ""reasoning"": ""The idea has significant market potential, as DUI deaths are a major public health concern. While there are some technical and business viability challenges, the concept is feasible and has a clear path to profitability.""
}",8,invest,80,5,4,4,"The idea has significant market potential, as DUI deaths are a major public health concern. While there are some technical and business viability challenges, the concept is feasible and has a clear path to profitability.",True
CASE_KS_009,models/Meta-Llama-3-8B-Instruct,models/Meta-Llama-3-8B-Instruct,vllm,http://localhost:8000/v1,C1,3,3bb65d16,0.0,2026-08-28T17:24:37.852026,1,"{
  ""score"": 8,
  ""verdict"": ""invest"",
  ""confidence"": 80,
  ""rubric_scores"": {
    ""market_potential"": 5,
    ""technical_feasibility"": 4,
    ""business_viability"": 4
  },
  ""reasoning"": ""The idea has significant market potential, as DUI deaths are a major public health concern. While there are some technical and business viability challenges, the concept is feasible and has a clear path to profitability.""
}",8,invest,80,5,4,4,"The idea has significant market potential, as DUI deaths are a major public health concern. While there are some technical and business viability challenges, the concept is feasible and has a clear path to profitability.",True
CASE_KS_009,models/Meta-Llama-3-8B-Instruct,models/Meta-Llama-3-8B-Instruct,vllm,http://localhost:8000/v1,C1,4,3bb65d16,0.0,2026-08-28T17:24:38.054008,1,"{
  ""score"": 8,
  ""verdict"": ""invest"",
  ""confidence"": 80,
  ""rubric_scores"": {
    ""market_potential"": 5,
    ""technical_feasibility"": 4,
    ""business_viability"": 4
  },
  ""reasoning"": ""The idea has significant market potential, as DUI deaths are a major public health concern. While there are some technical and business viability challenges, the concept is feasible and has a clear path to profitability.""
}",8,invest,80,5,4,4,"The idea has significant market potential, as DUI deaths are a major public health concern. While there are some technical and business viability challenges, the concept is feasible and has a clear path to profitability.",True
CASE_KS_009,models/Meta-Llama-3-8B-Instruct,models/Meta-Llama-3-8B-Instruct,vllm,http://localhost:8000/v1,C1,5,3bb65d16,0.0,2026-08-28T17:24:41.230023,1,"{
  ""score"": 8,
  ""verdict"": ""invest"",
  ""confidence"": 80,
  ""rubric_scores"": {
    ""market_potential"": 5,
    ""technical_feasibility"": 4,
    ""business_viability"": 4
  },
  ""reasoning"": ""The idea has significant market potential, as DUI deaths are a major public health concern. While there are some technical and business viability challenges, the concept is feasible and has a clear path to profitability.""
}",8,invest,80,5,4,4,"The idea has significant market potential, as DUI deaths are a major public health concern. While there are some technical and business viability challenges, the concept is feasible and has a clear path to profitability.",True
CASE_KS_009,models/Meta-Llama-3-8B-Instruct,models/Meta-Llama-3-8B-Instruct,vllm,http://localhost:8000/v1,C1,6,3bb65d16,0.0,2026-08-28T17:24:41.430786,1,"{
  ""score"": 8,
  ""verdict"": ""invest"",
  ""confidence"": 80,
  ""rubric_scores"": {
    ""market_potential"": 5,
    ""technical_feasibility"": 4,
    ""business_viability"": 4
  },
  ""reasoning"": ""The idea has significant market potential, as DUI deaths are a major public health concern. While there are some technical and business viability challenges, the concept is feasible and has a clear path to profitability.""
}",8,invest,80,5,4,4,"The idea has significant market potential, as DUI deaths are a major public health concern. While there are some technical and business viability challenges, the concept is feasible and has a clear path to profitability.",True
CASE_KS_009,models/Meta-Llama-3-8B-Instruct,models/Meta-Llama-3-8B-Instruct,vllm,http://localhost:8000/v1,C1,7,3bb65d16,0.0,2026-08-28T17:24:43.329608,1,"{
  ""score"": 8,
  ""verdict"": ""invest"",
  ""confidence"": 80,
  ""rubric_scores"": {
    ""market_potential"": 5,
    ""technical_feasibility"": 4,
    ""business_viability"": 4
  },
  ""reasoning"": ""The idea has significant market potential, as DUI deaths are a major public health concern. While there are some technical and business viability challenges, the concept is feasible and has a clear path to profitability.""
}",8,invest,80,5,4,4,"The idea has significant market potential, as DUI deaths are a major public health concern. While there are some technical and business viability challenges, the concept is feasible and has a clear path to profitability.",True
CASE_KS_009,models/Meta-Llama-3-8B-Instruct,models/Meta-Llama-3-8B-Instruct,vllm,http://localhost:8000/v1,C1,8,3bb65d16,0.0,2026-08-28T17:24:44.814023,1,"{
  ""score"": 8,
  ""verdict"": ""invest"",
  ""confidence"": 80,
  ""rubric_scores"": {
    ""market_potential"": 5,
    ""technical_feasibility"": 4,
    ""business_viability"": 4
  },
  ""reasoning"": ""The idea has significant market potential, as DUI deaths are a major public health concern. While there are some technical and business viability challenges, the concept is feasible and has a clear path to profitability.""
}",8,invest,80,5,4,4,"The idea has significant market potential, as DUI deaths are a major public health concern. While there are some technical and business viability challenges, the concept is feasible and has a clear path to profitability.",True
CASE_KS_009,models/Meta-Llama-3-8B-Instruct,models/Meta-Llama-3-8B-Instruct,vllm,http://localhost:8000/v1,C1,9,3bb65d16,0.0,2026-08-28T17:24:46.691703,1,"{
  ""score"": 8,
  ""verdict"": ""invest"",
  ""confidence"": 80,
  ""rubric_scores"": {
    ""market_potential"": 5,
    ""technical_feasibility"": 4,
    ""business_viability"": 4
  },
  ""reasoning"": ""The idea has significant market potential, as DUI deaths are a major public health concern. While there are some technical and business viability challenges, the concept is feasible and has a clear path to profitability.""
}",8,invest,80,5,4,4,"The idea has significant market potential, as DUI deaths are a major public health concern. While there are some technical and business viability challenges, the concept is feasible and has a clear path to profitability.",True
CASE_KS_009,models/Meta-Llama-3-8B-Instruct,models/Meta-Llama-3-8B-Instruct,vllm,http://localhost:8000/v1,C1,10,3bb65d16,0.0,2026-08-28T17:24:48.172291,1,"{
  ""score"": 8,
  ""verdict"": ""invest"",
  ""confidence"": 80,
  ""rubric_scores"": {
    ""market_potential"": 5,
    ""technical_feasibility"": 4,
    ""business_viability"": 4
  },
  ""reasoning"": ""The idea has significant market potential, as DUI deaths are a major public health concern. While there are some technical and business viability challenges, the concept is feasible and has a clear path to profitability.""
}",8,invest,80,5,4,4,"The idea has significant market potential, as DUI deaths are a major public health concern. While there are some technical and business viability challenges, the concept is feasible and has a clear path to profitability.",True
CASE_KS_010,models/Meta-Llama-3-8B-Instruct,models/Meta-Llama-3-8B-Instruct,vllm,http://localhost:8000/v1,C1,1,3bb65d16,0.0,2026-08-28T17:25:20.479474,1,"{
  ""score"": 6,
  ""verdict"": ""pass"",
  ""confidence"": 80,
  ""rubric_scores"": {
    ""market_potential"": 3,
    ""technical_feasibility"": 5,
    ""business_viability"": 2
  },
  ""reasoning"": ""While the idea has potential for community building and sustainability, it lacks a clear business model and scalability, making it a niche project rather than a scalable business.""
}",6,pass,80,3,5,2,"While the idea has potential for community building and sustainability, it lacks a clear business model and scalability, making it a niche project rather than a scalable business.",True
CASE_KS_010,models/Meta-Llama-3-8B-Instruct,models/Meta-Llama-3-8B-Instruct,vllm,http://localhost:8000/v1,C1,2,3bb65d16,0.0,2026-08-28T17:25:21.543478,1,"{
  ""score"": 6,
  ""verdict"": ""pass"",
  ""confidence"": 80,
  ""rubric_scores"": {
    ""market_potential"": 3,
    ""technical_feasibility"": 5,
    ""business_viability"": 2
  },
  ""reasoning"": ""While the idea has potential for community building and sustainability, it lacks a clear business model and scalability, making it a niche project rather than a scalable business.""
}",6,pass,80,3,5,2,"While the idea has potential for community building and sustainability, it lacks a clear business model and scalability, making it a niche project rather than a scalable business.",True
CASE_KS_010,models/Meta-Llama-3-8B-Instruct,models/Meta-Llama-3-8B-Instruct,vllm,http://localhost:8000/v1,C1,3,3bb65d16,0.0,2026-08-28T17:25:24.769020,1,"{
  ""score"": 6,
  ""verdict"": ""pass"",
  ""confidence"": 80,
  ""rubric_scores"": {
    ""market_potential"": 3,
    ""technical_feasibility"": 5,
    ""business_viability"": 2
  },
  ""reasoning"": ""While the idea has potential for community building and sustainability, it lacks a clear business model and scalability, making it a niche project rather than a scalable business.""
}",6,pass,80,3,5,2,"While the idea has potential for community building and sustainability, it lacks a clear business model and scalability, making it a niche project rather than a scalable business.",True
CASE_KS_010,models/Meta-Llama-3-8B-Instruct,models/Meta-Llama-3-8B-Instruct,vllm,http://localhost:8000/v1,C1,4,3bb65d16,0.0,2026-08-28T17:25:24.973693,1,"{
  ""score"": 6,
  ""verdict"": ""pass"",
  ""confidence"": 80,
  ""rubric_scores"": {
    ""market_potential"": 3,
    ""technical_feasibility"": 5,
    ""business_viability"": 2
  },
  ""reasoning"": ""While the idea has potential for community building and sustainability, it lacks a clear business model and scalability, making it a niche project rather than a scalable business.""
}",6,pass,80,3,5,2,"While the idea has potential for community building and sustainability, it lacks a clear business model and scalability, making it a niche project rather than a scalable business.",True
CASE_KS_010,models/Meta-Llama-3-8B-Instruct,models/Meta-Llama-3-8B-Instruct,vllm,http://localhost:8000/v1,C1,5,3bb65d16,0.0,2026-08-28T17:25:28.568989,1,"{
  ""score"": 6,
  ""verdict"": ""pass"",
  ""confidence"": 80,
  ""rubric_scores"": {
    ""market_potential"": 3,
    ""technical_feasibility"": 5,
    ""business_viability"": 2
  },
  ""reasoning"": ""While the idea has potential for community building and sustainability, it lacks a clear business model and scalability, making it a niche project rather than a scalable business.""
}",6,pass,80,3,5,2,"While the idea has potential for community building and sustainability, it lacks a clear business model and scalability, making it a niche project rather than a scalable business.",True
CASE_KS_010,models/Meta-Llama-3-8B-Instruct,models/Meta-Llama-3-8B-Instruct,vllm,http://localhost:8000/v1,C1,6,3bb65d16,0.0,2026-08-28T17:25:28.770181,1,"{
  ""score"": 6,
  ""verdict"": ""pass"",
  ""confidence"": 80,
  ""rubric_scores"": {
    ""market_potential"": 3,
    ""technical_feasibility"": 5,
    ""business_viability"": 2
  },
  ""reasoning"": ""While the idea has potential for community building and sustainability, it lacks a clear business model and scalability, making it a niche project rather than a scalable business.""
}",6,pass,80,3,5,2,"While the idea has potential for community building and sustainability, it lacks a clear business model and scalability, making it a niche project rather than a scalable business.",True
CASE_KS_010,models/Meta-Llama-3-8B-Instruct,models/Meta-Llama-3-8B-Instruct,vllm,http://localhost:8000/v1,C1,7,3bb65d16,0.0,2026-08-28T17:25:31.102646,1,"{
  ""score"": 6,
  ""verdict"": ""pass"",
  ""confidence"": 80,
  ""rubric_scores"": {
    ""market_potential"": 3,
    ""technical_feasibility"": 5,
    ""business_viability"": 2
  },
  ""reasoning"": ""While the idea has potential for community building and sustainability, it lacks a clear business model and scalability, making it a niche project rather than a scalable business.""
}",6,pass,80,3,5,2,"While the idea has potential for community building and sustainability, it lacks a clear business model and scalability, making it a niche project rather than a scalable business.",True
CASE_KS_010,models/Meta-Llama-3-8B-Instruct,models/Meta-Llama-3-8B-Instruct,vllm,http://localhost:8000/v1,C1,8,3bb65d16,0.0,2026-08-28T17:25:32.564828,1,"{
  ""score"": 6,
  ""verdict"": ""pass"",
  ""confidence"": 80,
  ""rubric_scores"": {
    ""market_potential"": 3,
    ""technical_feasibility"": 5,
    ""business_viability"": 2
  },
  ""reasoning"": ""While the idea has potential for community building and sustainability, it lacks a clear business model and scalability, making it a niche project rather than a scalable business.""
}",6,pass,80,3,5,2,"While the idea has potential for community building and sustainability, it lacks a clear business model and scalability, making it a niche project rather than a scalable business.",True
CASE_KS_010,models/Meta-Llama-3-8B-Instruct,models/Meta-Llama-3-8B-Instruct,vllm,http://localhost:8000/v1,C1,9,3bb65d16,0.0,2026-08-28T17:25:34.892133,1,"{
  ""score"": 6,
  ""verdict"": ""pass"",
  ""confidence"": 80,
  ""rubric_scores"": {
    ""market_potential"": 3,
    ""technical_feasibility"": 5,
    ""business_viability"": 2
  },
  ""reasoning"": ""While the idea has potential for community building and sustainability, it lacks a clear business model and scalability, making it a niche project rather than a scalable business.""
}",6,pass,80,3,5,2,"While the idea has potential for community building and sustainability, it lacks a clear business model and scalability, making it a niche project rather than a scalable business.",True
CASE_KS_010,models/Meta-Llama-3-8B-Instruct,models/Meta-Llama-3-8B-Instruct,vllm,http://localhost:8000/v1,C1,10,3bb65d16,0.0,2026-08-28T17:25:36.371026,1,"{
  ""score"": 6,
  ""verdict"": ""pass"",
  ""confidence"": 80,
  ""rubric_scores"": {
    ""market_potential"": 3,
    ""technical_feasibility"": 5,
    ""business_viability"": 2
  },
  ""reasoning"": ""While the idea has potential for community building and sustainability, it lacks a clear business model and scalability, making it a niche project rather than a scalable business.""
}",6,pass,80,3,5,2,"While the idea has potential for community building and sustainability, it lacks a clear business model and scalability, making it a niche project rather than a scalable business.",True
CASE_KS_011,models/Meta-Llama-3-8B-Instruct,models/Meta-Llama-3-8B-Instruct,vllm,http://localhost:8000/v1,C1,1,3bb65d16,0.0,2026-08-28T17:26:03.561957,1,"{
  ""score"": 6,
  ""verdict"": ""pass"",
  ""confidence"": 80,
  ""rubric_scores"": {
    ""market_potential"": 4,
    ""technical_feasibility"": 3,
    ""business_viability"": 2
  },
  ""reasoning"": ""While the idea of expanding a hackerspace has potential, the market potential is limited to a specific niche audience, and the technical feasibility is relatively low as it's more of a physical space expansion. The business viability is also uncertain, as it's unclear how the new space will be monetized.""
}",6,pass,80,4,3,2,"While the idea of expanding a hackerspace has potential, the market potential is limited to a specific niche audience, and the technical feasibility is relatively low as it's more of a physical space expansion. The business viability is also uncertain, as it's unclear how the new space will be monetized.",True
CASE_KS_011,models/Meta-Llama-3-8B-Instruct,models/Meta-Llama-3-8B-Instruct,vllm,http://localhost:8000/v1,C1,2,3bb65d16,0.0,2026-08-28T17:26:04.624529,1,"{
  ""score"": 6,
  ""verdict"": ""pass"",
  ""confidence"": 80,
  ""rubric_scores"": {
    ""market_potential"": 4,
    ""technical_feasibility"": 3,
    ""business_viability"": 2
  },
  ""reasoning"": ""While the idea of expanding a hackerspace has potential, the market potential is limited to a specific niche audience, and the technical feasibility is relatively low as it's more of a physical space expansion. The business viability is also uncertain, as it's unclear how the new space will be monetized.""
}",6,pass,80,4,3,2,"While the idea of expanding a hackerspace has potential, the market potential is limited to a specific niche audience, and the technical feasibility is relatively low as it's more of a physical space expansion. The business viability is also uncertain, as it's unclear how the new space will be monetized.",True
CASE_KS_011,models/Meta-Llama-3-8B-Instruct,models/Meta-Llama-3-8B-Instruct,vllm,http://localhost:8000/v1,C1,3,3bb65d16,0.0,2026-08-28T17:26:08.264279,1,"{
  ""score"": 6,
  ""verdict"": ""pass"",
  ""confidence"": 80,
  ""rubric_scores"": {
    ""market_potential"": 4,
    ""technical_feasibility"": 3,
    ""business_viability"": 2
  },
  ""reasoning"": ""While the idea of expanding a hackerspace has potential, the market potential is limited to a specific niche audience, and the technical feasibility is relatively low as it's more of a physical space expansion. The business viability is also uncertain, as it's unclear how the new space will be monetized.""
}",6,pass,80,4,3,2,"While the idea of expanding a hackerspace has potential, the market potential is limited to a specific niche audience, and the technical feasibility is relatively low as it's more of a physical space expansion. The business viability is also uncertain, as it's unclear how the new space will be monetized.",True
CASE_KS_011,models/Meta-Llama-3-8B-Instruct,models/Meta-Llama-3-8B-Instruct,vllm,http://localhost:8000/v1,C1,4,3bb65d16,0.0,2026-08-28T17:26:08.465499,1,"{
  ""score"": 6,
  ""verdict"": ""pass"",
  ""confidence"": 80,
  ""rubric_scores"": {
    ""market_potential"": 4,
    ""technical_feasibility"": 3,
    ""business_viability"": 2
  },
  ""reasoning"": ""While the idea of expanding a hackerspace has potential, the market potential is limited to a specific niche audience, and the technical feasibility is relatively low as it's more of a physical space expansion. The business viability is also uncertain, as it's unclear how the new space will be monetized.""
}",6,pass,80,4,3,2,"While the idea of expanding a hackerspace has potential, the market potential is limited to a specific niche audience, and the technical feasibility is relatively low as it's more of a physical space expansion. The business viability is also uncertain, as it's unclear how the new space will be monetized.",True
CASE_KS_011,models/Meta-Llama-3-8B-Instruct,models/Meta-Llama-3-8B-Instruct,vllm,http://localhost:8000/v1,C1,7,3bb65d16,0.0,2026-08-28T17:26:15.446703,1,"{
  ""score"": 6,
  ""verdict"": ""pass"",
  ""confidence"": 80,
  ""rubric_scores"": {
    ""market_potential"": 4,
    ""technical_feasibility"": 3,
    ""business_viability"": 4
  },
  ""reasoning"": ""While the idea has a clear niche and growing community, the market potential is limited to a specific geographic area and may not scale beyond that. The technical feasibility is relatively low, as it's more of a physical expansion than a new product or service.""
}",6,pass,80,4,3,4,"While the idea has a clear niche and growing community, the market potential is limited to a specific geographic area and may not scale beyond that. The technical feasibility is relatively low, as it's more of a physical expansion than a new product or service.",True
CASE_KS_011,models/Meta-Llama-3-8B-Instruct,models/Meta-Llama-3-8B-Instruct,vllm,http://localhost:8000/v1,C1,5,3bb65d16,0.0,2026-08-28T17:26:12.499993,1,"{
  ""score"": 6,
  ""verdict"": ""pass"",
  ""confidence"": 80,
  ""rubric_scores"": {
    ""market_potential"": 4,
    ""technical_feasibility"": 3,
    ""business_viability"": 2
  },
  ""reasoning"": ""While the idea of expanding a hackerspace has potential, the market potential is limited to a specific niche audience, and the technical feasibility is relatively low as it's more of a physical space expansion. The business viability is also uncertain, as it's unclear how the new space will be monetized.""
}",6,pass,80,4,3,2,"While the idea of expanding a hackerspace has potential, the market potential is limited to a specific niche audience, and the technical feasibility is relatively low as it's more of a physical space expansion. The business viability is also uncertain, as it's unclear how the new space will be monetized.",True
CASE_KS_011,models/Meta-Llama-3-8B-Instruct,models/Meta-Llama-3-8B-Instruct,vllm,http://localhost:8000/v1,C1,6,3bb65d16,0.0,2026-08-28T17:26:12.701994,1,"{
  ""score"": 6,
  ""verdict"": ""pass"",
  ""confidence"": 80,
  ""rubric_scores"": {
    ""market_potential"": 4,
    ""technical_feasibility"": 3,
    ""business_viability"": 2
  },
  ""reasoning"": ""While the idea of expanding a hackerspace has potential, the market potential is limited to a specific niche audience, and the technical feasibility is relatively low as it's more of a physical space expansion. The business viability is also uncertain, as it's unclear how the new space will be monetized.""
}",6,pass,80,4,3,2,"While the idea of expanding a hackerspace has potential, the market potential is limited to a specific niche audience, and the technical feasibility is relatively low as it's more of a physical space expansion. The business viability is also uncertain, as it's unclear how the new space will be monetized.",True
CASE_KS_011,models/Meta-Llama-3-8B-Instruct,models/Meta-Llama-3-8B-Instruct,vllm,http://localhost:8000/v1,C1,8,3bb65d16,0.0,2026-08-28T17:26:16.927249,1,"{
  ""score"": 6,
  ""verdict"": ""pass"",
  ""confidence"": 80,
  ""rubric_scores"": {
    ""market_potential"": 4,
    ""technical_feasibility"": 3,
    ""business_viability"": 2
  },
  ""reasoning"": ""While the idea of expanding a hackerspace has potential, the market potential is limited to a specific niche audience, and the technical feasibility is relatively low as it's more of a physical space expansion. The business viability is also uncertain, as it's unclear how the new space will be monetized.""
}",6,pass,80,4,3,2,"While the idea of expanding a hackerspace has potential, the market potential is limited to a specific niche audience, and the technical feasibility is relatively low as it's more of a physical space expansion. The business viability is also uncertain, as it's unclear how the new space will be monetized.",True
CASE_KS_011,models/Meta-Llama-3-8B-Instruct,models/Meta-Llama-3-8B-Instruct,vllm,http://localhost:8000/v1,C1,9,3bb65d16,0.0,2026-08-28T17:26:19.667995,1,"{
  ""score"": 6,
  ""verdict"": ""pass"",
  ""confidence"": 80,
  ""rubric_scores"": {
    ""market_potential"": 4,
    ""technical_feasibility"": 3,
    ""business_viability"": 2
  },
  ""reasoning"": ""While the idea of expanding a hackerspace has potential, the market potential is limited to a specific niche audience, and the technical feasibility is relatively low as it's more of a physical space expansion. The business viability is also uncertain, as it's unclear how the new space will be monetized.""
}",6,pass,80,4,3,2,"While the idea of expanding a hackerspace has potential, the market potential is limited to a specific niche audience, and the technical feasibility is relatively low as it's more of a physical space expansion. The business viability is also uncertain, as it's unclear how the new space will be monetized.",True
CASE_KS_011,models/Meta-Llama-3-8B-Instruct,models/Meta-Llama-3-8B-Instruct,vllm,http://localhost:8000/v1,C1,10,3bb65d16,0.0,2026-08-28T17:26:21.147126,1,"{
  ""score"": 6,
  ""verdict"": ""pass"",
  ""confidence"": 80,
  ""rubric_scores"": {
    ""market_potential"": 4,
    ""technical_feasibility"": 3,
    ""business_viability"": 2
  },
  ""reasoning"": ""While the idea of expanding a hackerspace has potential, the market potential is limited to a specific niche audience, and the technical feasibility is relatively low as it's more of a physical space expansion. The business viability is also uncertain, as it's unclear how the new space will be monetized.""
}",6,pass,80,4,3,2,"While the idea of expanding a hackerspace has potential, the market potential is limited to a specific niche audience, and the technical feasibility is relatively low as it's more of a physical space expansion. The business viability is also uncertain, as it's unclear how the new space will be monetized.",True
CASE_KS_012,models/Meta-Llama-3-8B-Instruct,models/Meta-Llama-3-8B-Instruct,vllm,http://localhost:8000/v1,C1,1,3bb65d16,0.0,2026-08-28T17:26:58.630925,1,"{
  ""score"": 8,
  ""verdict"": ""invest"",
  ""confidence"": 80,
  ""rubric_scores"": {
    ""market_potential"": 4,
    ""technical_feasibility"": 4,
    ""business_viability"": 3
  },
  ""reasoning"": ""The idea has a strong emotional appeal, leveraging nostalgia and addressing a specific pain point for people with motor disabilities. With a clear technical path forward, the potential for a successful product is high.""
}",8,invest,80,4,4,3,"The idea has a strong emotional appeal, leveraging nostalgia and addressing a specific pain point for people with motor disabilities. With a clear technical path forward, the potential for a successful product is high.",True
CASE_KS_012,models/Meta-Llama-3-8B-Instruct,models/Meta-Llama-3-8B-Instruct,vllm,http://localhost:8000/v1,C1,2,3bb65d16,0.0,2026-08-28T17:26:59.689965,1,"{
  ""score"": 8,
  ""verdict"": ""invest"",
  ""confidence"": 80,
  ""rubric_scores"": {
    ""market_potential"": 4,
    ""technical_feasibility"": 4,
    ""business_viability"": 3
  },
  ""reasoning"": ""The idea has a strong emotional appeal, leveraging nostalgia and addressing a specific pain point for people with motor disabilities. With a clear technical path forward, the potential for a successful product is high.""
}",8,invest,80,4,4,3,"The idea has a strong emotional appeal, leveraging nostalgia and addressing a specific pain point for people with motor disabilities. With a clear technical path forward, the potential for a successful product is high.",True
CASE_KS_012,models/Meta-Llama-3-8B-Instruct,models/Meta-Llama-3-8B-Instruct,vllm,http://localhost:8000/v1,C1,3,3bb65d16,0.0,2026-08-28T17:27:03.788006,1,"{
  ""score"": 8,
  ""verdict"": ""invest"",
  ""confidence"": 80,
  ""rubric_scores"": {
    ""market_potential"": 4,
    ""technical_feasibility"": 4,
    ""business_viability"": 3
  },
  ""reasoning"": ""The idea has a strong emotional appeal, leveraging nostalgia and addressing a specific pain point for people with motor disabilities. With a clear technical path forward, the potential for a successful product is high.""
}",8,invest,80,4,4,3,"The idea has a strong emotional appeal, leveraging nostalgia and addressing a specific pain point for people with motor disabilities. With a clear technical path forward, the potential for a successful product is high.",True
CASE_KS_012,models/Meta-Llama-3-8B-Instruct,models/Meta-Llama-3-8B-Instruct,vllm,http://localhost:8000/v1,C1,4,3bb65d16,0.0,2026-08-28T17:27:03.988752,1,"{
  ""score"": 8,
  ""verdict"": ""invest"",
  ""confidence"": 80,
  ""rubric_scores"": {
    ""market_potential"": 4,
    ""technical_feasibility"": 4,
    ""business_viability"": 3
  },
  ""reasoning"": ""The idea has a strong emotional appeal, leveraging nostalgia and addressing a specific pain point for people with motor disabilities. With a clear technical path forward, the potential for a successful product is high.""
}",8,invest,80,4,4,3,"The idea has a strong emotional appeal, leveraging nostalgia and addressing a specific pain point for people with motor disabilities. With a clear technical path forward, the potential for a successful product is high.",True
CASE_KS_012,models/Meta-Llama-3-8B-Instruct,models/Meta-Llama-3-8B-Instruct,vllm,http://localhost:8000/v1,C1,5,3bb65d16,0.0,2026-08-28T17:27:07.612718,1,"{
  ""score"": 8,
  ""verdict"": ""invest"",
  ""confidence"": 80,
  ""rubric_scores"": {
    ""market_potential"": 4,
    ""technical_feasibility"": 4,
    ""business_viability"": 3
  },
  ""reasoning"": ""The idea has a strong emotional appeal, leveraging nostalgia and addressing a specific pain point for people with motor disabilities. With a clear technical path forward, the potential for a successful product is high.""
}",8,invest,80,4,4,3,"The idea has a strong emotional appeal, leveraging nostalgia and addressing a specific pain point for people with motor disabilities. With a clear technical path forward, the potential for a successful product is high.",True
CASE_KS_012,models/Meta-Llama-3-8B-Instruct,models/Meta-Llama-3-8B-Instruct,vllm,http://localhost:8000/v1,C1,6,3bb65d16,0.0,2026-08-28T17:27:08.665103,1,"{
  ""score"": 8,
  ""verdict"": ""invest"",
  ""confidence"": 80,
  ""rubric_scores"": {
    ""market_potential"": 4,
    ""technical_feasibility"": 4,
    ""business_viability"": 3
  },
  ""reasoning"": ""The idea has a strong emotional appeal, leveraging nostalgia and addressing a specific pain point for people with motor disabilities. With a clear technical path forward, the potential for a successful product is high.""
}",8,invest,80,4,4,3,"The idea has a strong emotional appeal, leveraging nostalgia and addressing a specific pain point for people with motor disabilities. With a clear technical path forward, the potential for a successful product is high.",True
CASE_KS_012,models/Meta-Llama-3-8B-Instruct,models/Meta-Llama-3-8B-Instruct,vllm,http://localhost:8000/v1,C1,7,3bb65d16,0.0,2026-08-28T17:27:08.866454,1,"{
  ""score"": 8,
  ""verdict"": ""invest"",
  ""confidence"": 80,
  ""rubric_scores"": {
    ""market_potential"": 4,
    ""technical_feasibility"": 4,
    ""business_viability"": 3
  },
  ""reasoning"": ""The idea has a strong emotional appeal, leveraging nostalgia and addressing a specific pain point for people with motor disabilities. With a clear technical path forward, the potential for a successful product is high.""
}",8,invest,80,4,4,3,"The idea has a strong emotional appeal, leveraging nostalgia and addressing a specific pain point for people with motor disabilities. With a clear technical path forward, the potential for a successful product is high.",True
CASE_KS_012,models/Meta-Llama-3-8B-Instruct,models/Meta-Llama-3-8B-Instruct,vllm,http://localhost:8000/v1,C1,8,3bb65d16,0.0,2026-08-28T17:27:13.317033,1,"{
  ""score"": 8,
  ""verdict"": ""invest"",
  ""confidence"": 80,
  ""rubric_scores"": {
    ""market_potential"": 4,
    ""technical_feasibility"": 4,
    ""business_viability"": 3
  },
  ""reasoning"": ""The idea has a strong emotional appeal, leveraging nostalgia and addressing a specific pain point for people with motor disabilities. With a clear technical path forward, the potential for a successful product is high.""
}",8,invest,80,4,4,3,"The idea has a strong emotional appeal, leveraging nostalgia and addressing a specific pain point for people with motor disabilities. With a clear technical path forward, the potential for a successful product is high.",True
CASE_KS_012,models/Meta-Llama-3-8B-Instruct,models/Meta-Llama-3-8B-Instruct,vllm,http://localhost:8000/v1,C1,9,3bb65d16,0.0,2026-08-28T17:27:16.510019,1,"{
  ""score"": 8,
  ""verdict"": ""invest"",
  ""confidence"": 80,
  ""rubric_scores"": {
    ""market_potential"": 4,
    ""technical_feasibility"": 4,
    ""business_viability"": 3
  },
  ""reasoning"": ""The idea has a strong emotional appeal, leveraging nostalgia and addressing a specific pain point for people with motor disabilities. With a clear technical path forward, the potential for a successful product is high.""
}",8,invest,80,4,4,3,"The idea has a strong emotional appeal, leveraging nostalgia and addressing a specific pain point for people with motor disabilities. With a clear technical path forward, the potential for a successful product is high.",True
CASE_KS_012,models/Meta-Llama-3-8B-Instruct,models/Meta-Llama-3-8B-Instruct,vllm,http://localhost:8000/v1,C1,10,3bb65d16,0.0,2026-08-28T17:27:17.978994,1,"{
  ""score"": 8,
  ""verdict"": ""invest"",
  ""confidence"": 80,
  ""rubric_scores"": {
    ""market_potential"": 4,
    ""technical_feasibility"": 4,
    ""business_viability"": 3
  },
  ""reasoning"": ""The idea has a strong emotional appeal, leveraging nostalgia and addressing a specific pain point for people with motor disabilities. With a clear technical path forward, the potential for a successful product is high.""
}",8,invest,80,4,4,3,"The idea has a strong emotional appeal, leveraging nostalgia and addressing a specific pain point for people with motor disabilities. With a clear technical path forward, the potential for a successful product is high.",True
CASE_KS_013,models/Meta-Llama-3-8B-Instruct,models/Meta-Llama-3-8B-Instruct,vllm,http://localhost:8000/v1,C1,1,3bb65d16,0.0,2026-08-28T17:27:44.789028,1,"{
  ""score"": 7,
  ""verdict"": ""invest"",
  ""confidence"": 80,
  ""rubric_scores"": {
    ""market_potential"": 4,
    ""technical_feasibility"": 3,
    ""business_viability"": 4
  },
  ""reasoning"": ""While the idea is not revolutionary, the gamification element and interactive experience could attract a loyal user base. With a clear understanding of the target market and a solid plan for monetization, TattooTree has the potential to become a successful niche player.""
}",7,invest,80,4,3,4,"While the idea is not revolutionary, the gamification element and interactive experience could attract a loyal user base. With a clear understanding of the target market and a solid plan for monetization, TattooTree has the potential to become a successful niche player.",True
CASE_KS_013,models/Meta-Llama-3-8B-Instruct,models/Meta-Llama-3-8B-Instruct,vllm,http://localhost:8000/v1,C1,2,3bb65d16,0.0,2026-08-28T17:27:45.842993,1,"{
  ""score"": 7,
  ""verdict"": ""invest"",
  ""confidence"": 80,
  ""rubric_scores"": {
    ""market_potential"": 4,
    ""technical_feasibility"": 3,
    ""business_viability"": 4
  },
  ""reasoning"": ""While the idea is not revolutionary, it has the potential to tap into the growing tattoo culture and capitalize on the popularity of gamified experiences. With a clear value proposition and a well-designed user interface, TattooTree could attract a loyal user base and generate revenue through commission-based sales.""
}",7,invest,80,4,3,4,"While the idea is not revolutionary, it has the potential to tap into the growing tattoo culture and capitalize on the popularity of gamified experiences. With a clear value proposition and a well-designed user interface, TattooTree could attract a loyal user base and generate revenue through commission-based sales.",True
CASE_KS_013,models/Meta-Llama-3-8B-Instruct,models/Meta-Llama-3-8B-Instruct,vllm,http://localhost:8000/v1,C1,3,3bb65d16,0.0,2026-08-28T17:27:50.650380,1,"{
  ""score"": 7,
  ""verdict"": ""invest"",
  ""confidence"": 80,
  ""rubric_scores"": {
    ""market_potential"": 4,
    ""technical_feasibility"": 3,
    ""business_viability"": 4
  },
  ""reasoning"": ""While the idea is not revolutionary, it has the potential to tap into the growing tattoo culture and capitalize on the popularity of gamified experiences. With a clear value proposition and a well-designed user interface, TattooTree could attract a loyal user base and generate revenue through commission-based sales.""
}",7,invest,80,4,3,4,"While the idea is not revolutionary, it has the potential to tap into the growing tattoo culture and capitalize on the popularity of gamified experiences. With a clear value proposition and a well-designed user interface, TattooTree could attract a loyal user base and generate revenue through commission-based sales.",True
CASE_KS_013,models/Meta-Llama-3-8B-Instruct,models/Meta-Llama-3-8B-Instruct,vllm,http://localhost:8000/v1,C1,4,3bb65d16,0.0,2026-08-28T17:27:50.855497,1,"{
  ""score"": 7,
  ""verdict"": ""invest"",
  ""confidence"": 80,
  ""rubric_scores"": {
    ""market_potential"": 4,
    ""technical_feasibility"": 3,
    ""business_viability"": 4
  },
  ""reasoning"": ""While the idea is not revolutionary, it has the potential to tap into the growing tattoo culture and capitalize on the popularity of gamified experiences. With a clear value proposition and a well-designed user interface, TattooTree could attract a loyal user base and generate revenue through commission-based sales.""
}",7,invest,80,4,3,4,"While the idea is not revolutionary, it has the potential to tap into the growing tattoo culture and capitalize on the popularity of gamified experiences. With a clear value proposition and a well-designed user interface, TattooTree could attract a loyal user base and generate revenue through commission-based sales.",True
CASE_KS_013,models/Meta-Llama-3-8B-Instruct,models/Meta-Llama-3-8B-Instruct,vllm,http://localhost:8000/v1,C1,5,3bb65d16,0.0,2026-08-28T17:27:54.896079,1,"{
  ""score"": 7,
  ""verdict"": ""invest"",
  ""confidence"": 80,
  ""rubric_scores"": {
    ""market_potential"": 4,
    ""technical_feasibility"": 3,
    ""business_viability"": 4
  },
  ""reasoning"": ""While the idea is not revolutionary, the gamification element and interactive experience could attract a loyal user base. With a clear understanding of the target market and a solid plan for monetization, TattooTree has the potential to become a successful niche player.""
}",7,invest,80,4,3,4,"While the idea is not revolutionary, the gamification element and interactive experience could attract a loyal user base. With a clear understanding of the target market and a solid plan for monetization, TattooTree has the potential to become a successful niche player.",True
CASE_KS_013,models/Meta-Llama-3-8B-Instruct,models/Meta-Llama-3-8B-Instruct,vllm,http://localhost:8000/v1,C1,6,3bb65d16,0.0,2026-08-28T17:27:55.955016,1,"{
  ""score"": 7,
  ""verdict"": ""invest"",
  ""confidence"": 80,
  ""rubric_scores"": {
    ""market_potential"": 4,
    ""technical_feasibility"": 3,
    ""business_viability"": 4
  },
  ""reasoning"": ""While the idea is not revolutionary, the gamification element and interactive experience could attract a loyal user base. With a clear understanding of the target market and a solid plan for monetization, TattooTree has the potential to become a successful niche player.""
}",7,invest,80,4,3,4,"While the idea is not revolutionary, the gamification element and interactive experience could attract a loyal user base. With a clear understanding of the target market and a solid plan for monetization, TattooTree has the potential to become a successful niche player.",True
CASE_KS_013,models/Meta-Llama-3-8B-Instruct,models/Meta-Llama-3-8B-Instruct,vllm,http://localhost:8000/v1,C1,7,3bb65d16,0.0,2026-08-28T17:27:56.588517,1,"{
  ""score"": 7,
  ""verdict"": ""invest"",
  ""confidence"": 80,
  ""rubric_scores"": {
    ""market_potential"": 4,
    ""technical_feasibility"": 3,
    ""business_viability"": 4
  },
  ""reasoning"": ""While the idea is not revolutionary, the gamification element and interactive experience could attract a loyal user base. With a clear understanding of the target market and a solid plan for monetization, TattooTree has the potential to become a successful niche player.""
}",7,invest,80,4,3,4,"While the idea is not revolutionary, the gamification element and interactive experience could attract a loyal user base. With a clear understanding of the target market and a solid plan for monetization, TattooTree has the potential to become a successful niche player.",True
CASE_KS_013,models/Meta-Llama-3-8B-Instruct,models/Meta-Llama-3-8B-Instruct,vllm,http://localhost:8000/v1,C1,8,3bb65d16,0.0,2026-08-28T17:28:01.048021,1,"{
  ""score"": 7,
  ""verdict"": ""invest"",
  ""confidence"": 80,
  ""rubric_scores"": {
    ""market_potential"": 4,
    ""technical_feasibility"": 3,
    ""business_viability"": 4
  },
  ""reasoning"": ""While the idea is not revolutionary, the gamification element and interactive experience could attract a loyal user base. With a clear understanding of the target market and a solid plan for monetization, TattooTree has the potential to become a successful niche player.""
}",7,invest,80,4,3,4,"While the idea is not revolutionary, the gamification element and interactive experience could attract a loyal user base. With a clear understanding of the target market and a solid plan for monetization, TattooTree has the potential to become a successful niche player.",True
CASE_KS_013,models/Meta-Llama-3-8B-Instruct,models/Meta-Llama-3-8B-Instruct,vllm,http://localhost:8000/v1,C1,9,3bb65d16,0.0,2026-08-28T17:28:04.663931,1,"{
  ""score"": 8,
  ""verdict"": ""invest"",
  ""confidence"": 80,
  ""rubric_scores"": {
    ""market_potential"": 4,
    ""technical_feasibility"": 4,
    ""business_viability"": 3
  },
  ""reasoning"": ""While the idea is not revolutionary, the gamification element and interactive experience have the potential to make the tattoo discovery process more engaging and enjoyable. With a clear target market and a feasible technical approach, I believe TattooTree has a good chance of success.""
}",8,invest,80,4,4,3,"While the idea is not revolutionary, the gamification element and interactive experience have the potential to make the tattoo discovery process more engaging and enjoyable. With a clear target market and a feasible technical approach, I believe TattooTree has a good chance of success.",True
CASE_KS_013,models/Meta-Llama-3-8B-Instruct,models/Meta-Llama-3-8B-Instruct,vllm,http://localhost:8000/v1,C1,10,3bb65d16,0.0,2026-08-28T17:28:06.144998,1,"{
  ""score"": 7,
  ""verdict"": ""invest"",
  ""confidence"": 80,
  ""rubric_scores"": {
    ""market_potential"": 4,
    ""technical_feasibility"": 3,
    ""business_viability"": 4
  },
  ""reasoning"": ""While the idea is not revolutionary, the gamification element and interactive experience could attract a loyal user base. With a clear understanding of the target market and a solid plan for monetization, TattooTree has the potential to become a successful niche player.""
}",7,invest,80,4,3,4,"While the idea is not revolutionary, the gamification element and interactive experience could attract a loyal user base. With a clear understanding of the target market and a solid plan for monetization, TattooTree has the potential to become a successful niche player.",True
CASE_KS_014,models/Meta-Llama-3-8B-Instruct,models/Meta-Llama-3-8B-Instruct,vllm,http://localhost:8000/v1,C1,1,3bb65d16,0.0,2026-08-28T17:28:35.969821,1,"{
  ""score"": 7,
  ""verdict"": ""invest"",
  ""confidence"": 80,
  ""rubric_scores"": {
    ""market_potential"": 4,
    ""technical_feasibility"": 3,
    ""business_viability"": 4
  },
  ""reasoning"": ""The idea has a clear market need and a unique value proposition, with potential to disrupt the traditional power storage and automotive industries. However, technical feasibility and business viability assessments are necessary to validate the concept.""
}",7,invest,80,4,3,4,"The idea has a clear market need and a unique value proposition, with potential to disrupt the traditional power storage and automotive industries. However, technical feasibility and business viability assessments are necessary to validate the concept.",True
CASE_KS_014,models/Meta-Llama-3-8B-Instruct,models/Meta-Llama-3-8B-Instruct,vllm,http://localhost:8000/v1,C1,2,3bb65d16,0.0,2026-08-28T17:28:40.063822,1,"{
  ""score"": 7,
  ""verdict"": ""invest"",
  ""confidence"": 80,
  ""rubric_scores"": {
    ""market_potential"": 4,
    ""technical_feasibility"": 3,
    ""business_viability"": 4
  },
  ""reasoning"": ""The idea has a clear market need and a unique value proposition, with potential to disrupt the traditional power storage and automotive industries. However, technical feasibility and business viability assessments are necessary to validate the concept.""
}",7,invest,80,4,3,4,"The idea has a clear market need and a unique value proposition, with potential to disrupt the traditional power storage and automotive industries. However, technical feasibility and business viability assessments are necessary to validate the concept.",True
CASE_KS_014,models/Meta-Llama-3-8B-Instruct,models/Meta-Llama-3-8B-Instruct,vllm,http://localhost:8000/v1,C1,3,3bb65d16,0.0,2026-08-28T17:28:44.977084,1,"{
  ""score"": 7,
  ""verdict"": ""invest"",
  ""confidence"": 80,
  ""rubric_scores"": {
    ""market_potential"": 4,
    ""technical_feasibility"": 3,
    ""business_viability"": 4
  },
  ""reasoning"": ""The idea has a clear market need and a unique value proposition, with potential to disrupt the traditional power bank and automotive accessory markets. However, technical feasibility and business viability will depend on the execution and competitive landscape.""
}",7,invest,80,4,3,4,"The idea has a clear market need and a unique value proposition, with potential to disrupt the traditional power bank and automotive accessory markets. However, technical feasibility and business viability will depend on the execution and competitive landscape.",True
CASE_KS_014,models/Meta-Llama-3-8B-Instruct,models/Meta-Llama-3-8B-Instruct,vllm,http://localhost:8000/v1,C1,4,3bb65d16,0.0,2026-08-28T17:28:45.179036,1,"{
  ""score"": 7,
  ""verdict"": ""invest"",
  ""confidence"": 80,
  ""rubric_scores"": {
    ""market_potential"": 4,
    ""technical_feasibility"": 3,
    ""business_viability"": 4
  },
  ""reasoning"": ""The idea has a clear market need and a unique value proposition, with potential to disrupt the traditional power bank and automotive accessory markets. However, technical feasibility and business viability will depend on the execution and competitive landscape.""
}",7,invest,80,4,3,4,"The idea has a clear market need and a unique value proposition, with potential to disrupt the traditional power bank and automotive accessory markets. However, technical feasibility and business viability will depend on the execution and competitive landscape.",True
CASE_KS_014,models/Meta-Llama-3-8B-Instruct,models/Meta-Llama-3-8B-Instruct,vllm,http://localhost:8000/v1,C1,5,3bb65d16,0.0,2026-08-28T17:28:46.651829,1,"{
  ""score"": 7,
  ""verdict"": ""invest"",
  ""confidence"": 80,
  ""rubric_scores"": {
    ""market_potential"": 4,
    ""technical_feasibility"": 3,
    ""business_viability"": 4
  },
  ""reasoning"": ""The idea has a clear market need and a unique value proposition, with potential to disrupt the traditional power storage and automotive industries. However, technical feasibility and business viability assessments are necessary to validate the concept.""
}",7,invest,80,4,3,4,"The idea has a clear market need and a unique value proposition, with potential to disrupt the traditional power storage and automotive industries. However, technical feasibility and business viability assessments are necessary to validate the concept.",True
CASE_KS_014,models/Meta-Llama-3-8B-Instruct,models/Meta-Llama-3-8B-Instruct,vllm,http://localhost:8000/v1,C1,6,3bb65d16,0.0,2026-08-28T17:28:47.703901,1,"{
  ""score"": 7,
  ""verdict"": ""invest"",
  ""confidence"": 80,
  ""rubric_scores"": {
    ""market_potential"": 4,
    ""technical_feasibility"": 3,
    ""business_viability"": 4
  },
  ""reasoning"": ""The idea has a clear market need and a unique value proposition, with potential to disrupt the traditional power bank and automotive accessory markets. However, technical feasibility and business viability will depend on the execution and competitive landscape.""
}",7,invest,80,4,3,4,"The idea has a clear market need and a unique value proposition, with potential to disrupt the traditional power bank and automotive accessory markets. However, technical feasibility and business viability will depend on the execution and competitive landscape.",True
CASE_KS_014,models/Meta-Llama-3-8B-Instruct,models/Meta-Llama-3-8B-Instruct,vllm,http://localhost:8000/v1,C1,7,3bb65d16,0.0,2026-08-28T17:28:48.751813,1,"{
  ""score"": 7,
  ""verdict"": ""invest"",
  ""confidence"": 80,
  ""rubric_scores"": {
    ""market_potential"": 4,
    ""technical_feasibility"": 3,
    ""business_viability"": 4
  },
  ""reasoning"": ""The idea has a clear market need and a unique value proposition, with potential to disrupt the traditional power bank and automotive accessory markets. However, technical feasibility and business viability will depend on the execution and competitive landscape.""
}",7,invest,80,4,3,4,"The idea has a clear market need and a unique value proposition, with potential to disrupt the traditional power bank and automotive accessory markets. However, technical feasibility and business viability will depend on the execution and competitive landscape.",True
CASE_KS_014,models/Meta-Llama-3-8B-Instruct,models/Meta-Llama-3-8B-Instruct,vllm,http://localhost:8000/v1,C1,8,3bb65d16,0.0,2026-08-28T17:28:53.211347,1,"{
  ""score"": 7,
  ""verdict"": ""invest"",
  ""confidence"": 80,
  ""rubric_scores"": {
    ""market_potential"": 4,
    ""technical_feasibility"": 3,
    ""business_viability"": 4
  },
  ""reasoning"": ""The idea has a clear market need and a unique value proposition, with potential to disrupt the traditional power bank and automotive accessory markets. However, technical feasibility and business viability will depend on the execution and competitive landscape.""
}",7,invest,80,4,3,4,"The idea has a clear market need and a unique value proposition, with potential to disrupt the traditional power bank and automotive accessory markets. However, technical feasibility and business viability will depend on the execution and competitive landscape.",True
CASE_KS_014,models/Meta-Llama-3-8B-Instruct,models/Meta-Llama-3-8B-Instruct,vllm,http://localhost:8000/v1,C1,9,3bb65d16,0.0,2026-08-28T17:28:57.687600,1,"{
  ""score"": 7,
  ""verdict"": ""invest"",
  ""confidence"": 80,
  ""rubric_scores"": {
    ""market_potential"": 4,
    ""technical_feasibility"": 3,
    ""business_viability"": 4
  },
  ""reasoning"": ""The idea has a clear market need and a unique value proposition, with potential to disrupt the traditional power storage and automotive industries. However, technical feasibility and business viability assessments are necessary to validate the concept.""
}",7,invest,80,4,3,4,"The idea has a clear market need and a unique value proposition, with potential to disrupt the traditional power storage and automotive industries. However, technical feasibility and business viability assessments are necessary to validate the concept.",True
CASE_KS_014,models/Meta-Llama-3-8B-Instruct,models/Meta-Llama-3-8B-Instruct,vllm,http://localhost:8000/v1,C1,10,3bb65d16,0.0,2026-08-28T17:28:58.737986,1,"{
  ""score"": 7,
  ""verdict"": ""invest"",
  ""confidence"": 80,
  ""rubric_scores"": {
    ""market_potential"": 4,
    ""technical_feasibility"": 3,
    ""business_viability"": 4
  },
  ""reasoning"": ""The idea has a clear market need and a unique value proposition, with potential to disrupt the traditional power bank and automotive accessory markets. However, technical feasibility and business viability will depend on the execution and competitive landscape.""
}",7,invest,80,4,3,4,"The idea has a clear market need and a unique value proposition, with potential to disrupt the traditional power bank and automotive accessory markets. However, technical feasibility and business viability will depend on the execution and competitive landscape.",True
CASE_KS_015,models/Meta-Llama-3-8B-Instruct,models/Meta-Llama-3-8B-Instruct,vllm,http://localhost:8000/v1,C1,1,3bb65d16,0.0,2026-08-28T17:29:22.983144,1,"{
  ""score"": 8,
  ""verdict"": ""invest"",
  ""confidence"": 80,
  ""rubric_scores"": {
    ""market_potential"": 4,
    ""technical_feasibility"": 5,
    ""business_viability"": 3
  },
  ""reasoning"": ""I'm investing in Noon Design Studio because the natural dye market has significant growth potential, and the team's innovative technology addresses a critical need for sustainable and high-quality materials. With the right execution, this startup can disrupt the traditional textile industry.""
}",8,invest,80,4,5,3,"I'm investing in Noon Design Studio because the natural dye market has significant growth potential, and the team's innovative technology addresses a critical need for sustainable and high-quality materials. With the right execution, this startup can disrupt the traditional textile industry.",True
CASE_KS_015,models/Meta-Llama-3-8B-Instruct,models/Meta-Llama-3-8B-Instruct,vllm,http://localhost:8000/v1,C1,2,3bb65d16,0.0,2026-08-28T17:29:27.352028,1,"{
  ""score"": 8,
  ""verdict"": ""invest"",
  ""confidence"": 80,
  ""rubric_scores"": {
    ""market_potential"": 4,
    ""technical_feasibility"": 5,
    ""business_viability"": 3
  },
  ""reasoning"": ""I'm investing in Noon Design Studio because the natural dye market has significant growth potential, and the team's innovative technology addresses a critical need for sustainable and high-quality materials. With the right execution, this startup can disrupt the traditional textile industry.""
}",8,invest,80,4,5,3,"I'm investing in Noon Design Studio because the natural dye market has significant growth potential, and the team's innovative technology addresses a critical need for sustainable and high-quality materials. With the right execution, this startup can disrupt the traditional textile industry.",True
CASE_KS_015,models/Meta-Llama-3-8B-Instruct,models/Meta-Llama-3-8B-Instruct,vllm,http://localhost:8000/v1,C1,3,3bb65d16,0.0,2026-08-28T17:29:33.558276,1,"{
  ""score"": 8,
  ""verdict"": ""invest"",
  ""confidence"": 80,
  ""rubric_scores"": {
    ""market_potential"": 4,
    ""technical_feasibility"": 5,
    ""business_viability"": 3
  },
  ""reasoning"": ""I'm investing in Noon Design Studio because the natural dye market has significant growth potential, and the team's innovative technology addresses a pressing need for sustainable and unique fabrics. With the right execution, this startup can capitalize on the growing demand for eco-friendly products.""
}",8,invest,80,4,5,3,"I'm investing in Noon Design Studio because the natural dye market has significant growth potential, and the team's innovative technology addresses a pressing need for sustainable and unique fabrics. With the right execution, this startup can capitalize on the growing demand for eco-friendly products.",True
CASE_KS_015,models/Meta-Llama-3-8B-Instruct,models/Meta-Llama-3-8B-Instruct,vllm,http://localhost:8000/v1,C1,4,3bb65d16,0.0,2026-08-28T17:29:33.762407,1,"{
  ""score"": 8,
  ""verdict"": ""invest"",
  ""confidence"": 80,
  ""rubric_scores"": {
    ""market_potential"": 4,
    ""technical_feasibility"": 5,
    ""business_viability"": 3
  },
  ""reasoning"": ""I'm investing in Noon Design Studio because the natural dye market has significant growth potential, and the team's innovative technology addresses a pressing need for sustainable and unique fabrics. With the right execution, this startup can capitalize on the growing demand for eco-friendly products.""
}",8,invest,80,4,5,3,"I'm investing in Noon Design Studio because the natural dye market has significant growth potential, and the team's innovative technology addresses a pressing need for sustainable and unique fabrics. With the right execution, this startup can capitalize on the growing demand for eco-friendly products.",True
CASE_KS_015,models/Meta-Llama-3-8B-Instruct,models/Meta-Llama-3-8B-Instruct,vllm,http://localhost:8000/v1,C1,5,3bb65d16,0.0,2026-08-28T17:29:34.812091,1,"{
  ""score"": 8,
  ""verdict"": ""invest"",
  ""confidence"": 80,
  ""rubric_scores"": {
    ""market_potential"": 4,
    ""technical_feasibility"": 5,
    ""business_viability"": 3
  },
  ""reasoning"": ""I'm investing in Noon Design Studio because the natural dye market has significant growth potential, and the team's innovative technology addresses a pressing need for sustainable and unique fabrics. With the right execution, this startup can capitalize on the growing demand for eco-friendly products.""
}",8,invest,80,4,5,3,"I'm investing in Noon Design Studio because the natural dye market has significant growth potential, and the team's innovative technology addresses a pressing need for sustainable and unique fabrics. With the right execution, this startup can capitalize on the growing demand for eco-friendly products.",True
CASE_KS_015,models/Meta-Llama-3-8B-Instruct,models/Meta-Llama-3-8B-Instruct,vllm,http://localhost:8000/v1,C1,6,3bb65d16,0.0,2026-08-28T17:29:36.728916,1,"{
  ""score"": 8,
  ""verdict"": ""invest"",
  ""confidence"": 80,
  ""rubric_scores"": {
    ""market_potential"": 4,
    ""technical_feasibility"": 5,
    ""business_viability"": 3
  },
  ""reasoning"": ""I'm investing in Noon Design Studio because the natural dye market has significant growth potential, and the team's innovative technology addresses a critical need for sustainable and high-quality materials. With the right execution, this startup can disrupt the traditional textile industry.""
}",8,invest,80,4,5,3,"I'm investing in Noon Design Studio because the natural dye market has significant growth potential, and the team's innovative technology addresses a critical need for sustainable and high-quality materials. With the right execution, this startup can disrupt the traditional textile industry.",True
CASE_KS_015,models/Meta-Llama-3-8B-Instruct,models/Meta-Llama-3-8B-Instruct,vllm,http://localhost:8000/v1,C1,7,3bb65d16,0.0,2026-08-28T17:29:38.213989,1,"{
  ""score"": 8,
  ""verdict"": ""invest"",
  ""confidence"": 80,
  ""rubric_scores"": {
    ""market_potential"": 4,
    ""technical_feasibility"": 5,
    ""business_viability"": 3
  },
  ""reasoning"": ""I'm investing in Noon Design Studio because the natural dye market has significant growth potential, and the team's innovative technology addresses a pressing need for sustainable and unique fabrics. With the right execution, this startup can capitalize on the growing demand for eco-friendly products.""
}",8,invest,80,4,5,3,"I'm investing in Noon Design Studio because the natural dye market has significant growth potential, and the team's innovative technology addresses a pressing need for sustainable and unique fabrics. With the right execution, this startup can capitalize on the growing demand for eco-friendly products.",True
CASE_KS_015,models/Meta-Llama-3-8B-Instruct,models/Meta-Llama-3-8B-Instruct,vllm,http://localhost:8000/v1,C1,8,3bb65d16,0.0,2026-08-28T17:29:42.690022,1,"{
  ""score"": 8,
  ""verdict"": ""invest"",
  ""confidence"": 80,
  ""rubric_scores"": {
    ""market_potential"": 4,
    ""technical_feasibility"": 5,
    ""business_viability"": 3
  },
  ""reasoning"": ""I'm investing in Noon Design Studio because the natural dye market has significant growth potential, and the team's innovative technology addresses a pressing need for sustainable and unique fabrics. With the right execution, this startup can capitalize on the growing demand for eco-friendly products.""
}",8,invest,80,4,5,3,"I'm investing in Noon Design Studio because the natural dye market has significant growth potential, and the team's innovative technology addresses a pressing need for sustainable and unique fabrics. With the right execution, this startup can capitalize on the growing demand for eco-friendly products.",True
CASE_KS_015,models/Meta-Llama-3-8B-Instruct,models/Meta-Llama-3-8B-Instruct,vllm,http://localhost:8000/v1,C1,9,3bb65d16,0.0,2026-08-28T17:29:46.747699,1,"{
  ""score"": 8,
  ""verdict"": ""invest"",
  ""confidence"": 80,
  ""rubric_scores"": {
    ""market_potential"": 4,
    ""technical_feasibility"": 5,
    ""business_viability"": 3
  },
  ""reasoning"": ""I'm investing in Noon Design Studio because the natural dye market has significant growth potential, and the team's innovative technology addresses a critical need for sustainable and high-quality materials. With the right execution, this startup can capture a significant share of the market.""
}",8,invest,80,4,5,3,"I'm investing in Noon Design Studio because the natural dye market has significant growth potential, and the team's innovative technology addresses a critical need for sustainable and high-quality materials. With the right execution, this startup can capture a significant share of the market.",True
CASE_KS_015,models/Meta-Llama-3-8B-Instruct,models/Meta-Llama-3-8B-Instruct,vllm,http://localhost:8000/v1,C1,10,3bb65d16,0.0,2026-08-28T17:29:48.649046,1,"{
  ""score"": 8,
  ""verdict"": ""invest"",
  ""confidence"": 80,
  ""rubric_scores"": {
    ""market_potential"": 4,
    ""technical_feasibility"": 5,
    ""business_viability"": 3
  },
  ""reasoning"": ""I'm investing in Noon Design Studio because the natural dye market has significant growth potential, and the team's innovative technology addresses a pressing need for sustainable and unique fabrics. With the right execution, this startup can capitalize on the growing demand for eco-friendly products.""
}",8,invest,80,4,5,3,"I'm investing in Noon Design Studio because the natural dye market has significant growth potential, and the team's innovative technology addresses a pressing need for sustainable and unique fabrics. With the right execution, this startup can capitalize on the growing demand for eco-friendly products.",True
CASE_KS_016,models/Meta-Llama-3-8B-Instruct,models/Meta-Llama-3-8B-Instruct,vllm,http://localhost:8000/v1,C1,1,3bb65d16,0.0,2026-08-28T17:30:13.789944,1,"{
  ""score"": 8,
  ""verdict"": ""invest"",
  ""confidence"": 80,
  ""rubric_scores"": {
    ""market_potential"": 4,
    ""technical_feasibility"": 5,
    ""business_viability"": 3
  },
  ""reasoning"": ""The idea has strong potential in the music industry, leveraging the iPad's platform for innovative musical expression. While there are some technical and business viability concerns, the potential for disruption and growth outweighs these risks.""
}",8,invest,80,4,5,3,"The idea has strong potential in the music industry, leveraging the iPad's platform for innovative musical expression. While there are some technical and business viability concerns, the potential for disruption and growth outweighs these risks.",True
CASE_KS_016,models/Meta-Llama-3-8B-Instruct,models/Meta-Llama-3-8B-Instruct,vllm,http://localhost:8000/v1,C1,2,3bb65d16,0.0,2026-08-28T17:30:17.884640,1,"{
  ""score"": 8,
  ""verdict"": ""invest"",
  ""confidence"": 80,
  ""rubric_scores"": {
    ""market_potential"": 4,
    ""technical_feasibility"": 5,
    ""business_viability"": 3
  },
  ""reasoning"": ""The idea has strong potential in the music industry, leveraging the iPad's platform for innovative musical expression. While there are some technical and business viability concerns, the potential for disruption and growth outweighs these risks.""
}",8,invest,80,4,5,3,"The idea has strong potential in the music industry, leveraging the iPad's platform for innovative musical expression. While there are some technical and business viability concerns, the potential for disruption and growth outweighs these risks.",True
CASE_KS_016,models/Meta-Llama-3-8B-Instruct,models/Meta-Llama-3-8B-Instruct,vllm,http://localhost:8000/v1,C1,3,3bb65d16,0.0,2026-08-28T17:30:25.807998,1,"{
  ""score"": 8,
  ""verdict"": ""invest"",
  ""confidence"": 80,
  ""rubric_scores"": {
    ""market_potential"": 4,
    ""technical_feasibility"": 5,
    ""business_viability"": 3
  },
  ""reasoning"": ""The idea has strong potential in the music industry, leveraging the iPad's platform for innovative musical expression. While there's a risk of competition from established MIDI controllers, the unique customization aspect could differentiate this product.""
}",8,invest,80,4,5,3,"The idea has strong potential in the music industry, leveraging the iPad's platform for innovative musical expression. While there's a risk of competition from established MIDI controllers, the unique customization aspect could differentiate this product.",True
CASE_KS_016,models/Meta-Llama-3-8B-Instruct,models/Meta-Llama-3-8B-Instruct,vllm,http://localhost:8000/v1,C1,4,3bb65d16,0.0,2026-08-28T17:30:26.009803,1,"{
  ""score"": 8,
  ""verdict"": ""invest"",
  ""confidence"": 80,
  ""rubric_scores"": {
    ""market_potential"": 4,
    ""technical_feasibility"": 5,
    ""business_viability"": 3
  },
  ""reasoning"": ""The idea has strong potential in the music industry, leveraging the iPad's platform for innovative musical expression. While there's a risk of competition from established MIDI controllers, the unique customization aspect could differentiate this product.""
}",8,invest,80,4,5,3,"The idea has strong potential in the music industry, leveraging the iPad's platform for innovative musical expression. While there's a risk of competition from established MIDI controllers, the unique customization aspect could differentiate this product.",True
CASE_KS_016,models/Meta-Llama-3-8B-Instruct,models/Meta-Llama-3-8B-Instruct,vllm,http://localhost:8000/v1,C1,5,3bb65d16,0.0,2026-08-28T17:30:27.481006,1,"{
  ""score"": 8,
  ""verdict"": ""invest"",
  ""confidence"": 80,
  ""rubric_scores"": {
    ""market_potential"": 4,
    ""technical_feasibility"": 5,
    ""business_viability"": 3
  },
  ""reasoning"": ""The idea has strong potential in the music industry, leveraging the iPad's platform for innovative musical expression. While there's a risk of competition from established MIDI controllers, the unique customization aspect could differentiate this product.""
}",8,invest,80,4,5,3,"The idea has strong potential in the music industry, leveraging the iPad's platform for innovative musical expression. While there's a risk of competition from established MIDI controllers, the unique customization aspect could differentiate this product.",True
CASE_KS_016,models/Meta-Llama-3-8B-Instruct,models/Meta-Llama-3-8B-Instruct,vllm,http://localhost:8000/v1,C1,6,3bb65d16,0.0,2026-08-28T17:30:28.129027,1,"{
  ""score"": 8,
  ""verdict"": ""invest"",
  ""confidence"": 80,
  ""rubric_scores"": {
    ""market_potential"": 4,
    ""technical_feasibility"": 5,
    ""business_viability"": 3
  },
  ""reasoning"": ""The idea has strong potential in the music industry, leveraging the iPad's platform for innovative musical expression. While there's a risk of competition from established MIDI controllers, the unique customization aspect could differentiate this product.""
}",8,invest,80,4,5,3,"The idea has strong potential in the music industry, leveraging the iPad's platform for innovative musical expression. While there's a risk of competition from established MIDI controllers, the unique customization aspect could differentiate this product.",True
CASE_KS_016,models/Meta-Llama-3-8B-Instruct,models/Meta-Llama-3-8B-Instruct,vllm,http://localhost:8000/v1,C1,7,3bb65d16,0.0,2026-08-28T17:30:31.343996,1,"{
  ""score"": 8,
  ""verdict"": ""invest"",
  ""confidence"": 80,
  ""rubric_scores"": {
    ""market_potential"": 4,
    ""technical_feasibility"": 5,
    ""business_viability"": 3
  },
  ""reasoning"": ""The idea has strong potential in the music industry, leveraging the iPad's platform for innovative musical expression. While there are some technical and business viability concerns, the potential for disruption and growth outweighs these risks.""
}",8,invest,80,4,5,3,"The idea has strong potential in the music industry, leveraging the iPad's platform for innovative musical expression. While there are some technical and business viability concerns, the potential for disruption and growth outweighs these risks.",True
CASE_KS_016,models/Meta-Llama-3-8B-Instruct,models/Meta-Llama-3-8B-Instruct,vllm,http://localhost:8000/v1,C1,8,3bb65d16,0.0,2026-08-28T17:30:35.827709,1,"{
  ""score"": 8,
  ""verdict"": ""invest"",
  ""confidence"": 80,
  ""rubric_scores"": {
    ""market_potential"": 4,
    ""technical_feasibility"": 5,
    ""business_viability"": 3
  },
  ""reasoning"": ""The idea has strong potential in the music industry, leveraging the iPad's platform for innovative musical expression. While there's a risk of competition from established MIDI controllers, the unique customization aspect could differentiate this product.""
}",8,invest,80,4,5,3,"The idea has strong potential in the music industry, leveraging the iPad's platform for innovative musical expression. While there's a risk of competition from established MIDI controllers, the unique customization aspect could differentiate this product.",True
CASE_KS_016,models/Meta-Llama-3-8B-Instruct,models/Meta-Llama-3-8B-Instruct,vllm,http://localhost:8000/v1,C1,9,3bb65d16,0.0,2026-08-28T17:30:39.885979,1,"{
  ""score"": 8,
  ""verdict"": ""invest"",
  ""confidence"": 80,
  ""rubric_scores"": {
    ""market_potential"": 4,
    ""technical_feasibility"": 5,
    ""business_viability"": 3
  },
  ""reasoning"": ""The idea has strong potential in the music industry, leveraging the iPad's platform for innovative musical expression. While there's a risk of competition from established MIDI controllers, the unique customization aspect could differentiate this product.""
}",8,invest,80,4,5,3,"The idea has strong potential in the music industry, leveraging the iPad's platform for innovative musical expression. While there's a risk of competition from established MIDI controllers, the unique customization aspect could differentiate this product.",True
CASE_KS_016,models/Meta-Llama-3-8B-Instruct,models/Meta-Llama-3-8B-Instruct,vllm,http://localhost:8000/v1,C1,10,3bb65d16,0.0,2026-08-28T17:30:42.212027,1,"{
  ""score"": 8,
  ""verdict"": ""invest"",
  ""confidence"": 80,
  ""rubric_scores"": {
    ""market_potential"": 4,
    ""technical_feasibility"": 5,
    ""business_viability"": 3
  },
  ""reasoning"": ""The idea has strong potential in the music industry, leveraging the iPad's platform for innovative musical expression. While there's a risk of competition from established MIDI controllers, the unique customization aspect could differentiate this product.""
}",8,invest,80,4,5,3,"The idea has strong potential in the music industry, leveraging the iPad's platform for innovative musical expression. While there's a risk of competition from established MIDI controllers, the unique customization aspect could differentiate this product.",True
CASE_KS_017,models/Meta-Llama-3-8B-Instruct,models/Meta-Llama-3-8B-Instruct,vllm,http://localhost:8000/v1,C1,1,3bb65d16,0.0,2026-08-28T17:31:01.378643,1,"{
  ""score"": 7,
  ""verdict"": ""invest"",
  ""confidence"": 80,
  ""rubric_scores"": {
    ""market_potential"": 4,
    ""technical_feasibility"": 3,
    ""business_viability"": 4
  },
  ""reasoning"": ""While the idea is innovative and addresses a specific healthcare need, it requires further development to ensure technical feasibility and scalability. With a clear market need and potential for impact, I'm willing to take a calculated risk and invest.""
}",7,invest,80,4,3,4,"While the idea is innovative and addresses a specific healthcare need, it requires further development to ensure technical feasibility and scalability. With a clear market need and potential for impact, I'm willing to take a calculated risk and invest.",True
CASE_KS_017,models/Meta-Llama-3-8B-Instruct,models/Meta-Llama-3-8B-Instruct,vllm,http://localhost:8000/v1,C1,2,3bb65d16,0.0,2026-08-28T17:31:05.470903,1,"{
  ""score"": 7,
  ""verdict"": ""invest"",
  ""confidence"": 80,
  ""rubric_scores"": {
    ""market_potential"": 4,
    ""technical_feasibility"": 3,
    ""business_viability"": 4
  },
  ""reasoning"": ""While the idea is innovative and addresses a specific healthcare need, it requires further development to ensure technical feasibility and scalability. With a clear market need and potential for impact, I'm willing to take a calculated risk and invest.""
}",7,invest,80,4,3,4,"While the idea is innovative and addresses a specific healthcare need, it requires further development to ensure technical feasibility and scalability. With a clear market need and potential for impact, I'm willing to take a calculated risk and invest.",True
CASE_KS_017,models/Meta-Llama-3-8B-Instruct,models/Meta-Llama-3-8B-Instruct,vllm,http://localhost:8000/v1,C1,3,3bb65d16,0.0,2026-08-28T17:31:13.809186,1,"{
  ""score"": 7,
  ""verdict"": ""invest"",
  ""confidence"": 80,
  ""rubric_scores"": {
    ""market_potential"": 4,
    ""technical_feasibility"": 3,
    ""business_viability"": 4
  },
  ""reasoning"": ""While the idea is innovative and addresses a specific healthcare need, it requires further development to ensure technical feasibility and scalability. With a clear market need and potential for impact, I'm willing to take a calculated risk and invest.""
}",7,invest,80,4,3,4,"While the idea is innovative and addresses a specific healthcare need, it requires further development to ensure technical feasibility and scalability. With a clear market need and potential for impact, I'm willing to take a calculated risk and invest.",True
CASE_KS_017,models/Meta-Llama-3-8B-Instruct,models/Meta-Llama-3-8B-Instruct,vllm,http://localhost:8000/v1,C1,4,3bb65d16,0.0,2026-08-28T17:31:14.011004,1,"{
  ""score"": 7,
  ""verdict"": ""invest"",
  ""confidence"": 80,
  ""rubric_scores"": {
    ""market_potential"": 4,
    ""technical_feasibility"": 3,
    ""business_viability"": 4
  },
  ""reasoning"": ""While the idea is innovative and addresses a specific healthcare need, it requires further development to ensure technical feasibility and scalability. With a clear market need and potential for impact, I'm willing to take a calculated risk and invest.""
}",7,invest,80,4,3,4,"While the idea is innovative and addresses a specific healthcare need, it requires further development to ensure technical feasibility and scalability. With a clear market need and potential for impact, I'm willing to take a calculated risk and invest.",True
CASE_KS_017,models/Meta-Llama-3-8B-Instruct,models/Meta-Llama-3-8B-Instruct,vllm,http://localhost:8000/v1,C1,5,3bb65d16,0.0,2026-08-28T17:31:15.906945,1,"{
  ""score"": 7,
  ""verdict"": ""invest"",
  ""confidence"": 80,
  ""rubric_scores"": {
    ""market_potential"": 4,
    ""technical_feasibility"": 3,
    ""business_viability"": 4
  },
  ""reasoning"": ""While the idea is innovative and addresses a specific healthcare need, it requires further development to ensure technical feasibility and scalability. With a clear market need and potential for impact, I'm willing to take a calculated risk and invest.""
}",7,invest,80,4,3,4,"While the idea is innovative and addresses a specific healthcare need, it requires further development to ensure technical feasibility and scalability. With a clear market need and potential for impact, I'm willing to take a calculated risk and invest.",True
CASE_KS_017,models/Meta-Llama-3-8B-Instruct,models/Meta-Llama-3-8B-Instruct,vllm,http://localhost:8000/v1,C1,6,3bb65d16,0.0,2026-08-28T17:31:16.534620,1,"{
  ""score"": 7,
  ""verdict"": ""invest"",
  ""confidence"": 80,
  ""rubric_scores"": {
    ""market_potential"": 4,
    ""technical_feasibility"": 3,
    ""business_viability"": 4
  },
  ""reasoning"": ""While the idea is innovative and addresses a specific healthcare need, it requires further development to ensure technical feasibility and scalability. With a clear market need and potential for impact, I'm willing to take a calculated risk and invest.""
}",7,invest,80,4,3,4,"While the idea is innovative and addresses a specific healthcare need, it requires further development to ensure technical feasibility and scalability. With a clear market need and potential for impact, I'm willing to take a calculated risk and invest.",True
CASE_KS_017,models/Meta-Llama-3-8B-Instruct,models/Meta-Llama-3-8B-Instruct,vllm,http://localhost:8000/v1,C1,7,3bb65d16,0.0,2026-08-28T17:31:20.135996,1,"{
  ""score"": 7,
  ""verdict"": ""invest"",
  ""confidence"": 80,
  ""rubric_scores"": {
    ""market_potential"": 4,
    ""technical_feasibility"": 3,
    ""business_viability"": 4
  },
  ""reasoning"": ""While the idea is innovative and addresses a specific healthcare need, it requires further development to ensure technical feasibility and scalability. With a clear market need and potential for impact, I'm willing to take a calculated risk and invest.""
}",7,invest,80,4,3,4,"While the idea is innovative and addresses a specific healthcare need, it requires further development to ensure technical feasibility and scalability. With a clear market need and potential for impact, I'm willing to take a calculated risk and invest.",True
CASE_KS_017,models/Meta-Llama-3-8B-Instruct,models/Meta-Llama-3-8B-Instruct,vllm,http://localhost:8000/v1,C1,8,3bb65d16,0.0,2026-08-28T17:31:24.602010,1,"{
  ""score"": 7,
  ""verdict"": ""invest"",
  ""confidence"": 80,
  ""rubric_scores"": {
    ""market_potential"": 4,
    ""technical_feasibility"": 3,
    ""business_viability"": 4
  },
  ""reasoning"": ""While the idea is innovative and addresses a specific healthcare need, it requires further development to ensure technical feasibility and scalability. With a clear market need and potential for impact, I'm willing to take a calculated risk and invest.""
}",7,invest,80,4,3,4,"While the idea is innovative and addresses a specific healthcare need, it requires further development to ensure technical feasibility and scalability. With a clear market need and potential for impact, I'm willing to take a calculated risk and invest.",True
CASE_KS_017,models/Meta-Llama-3-8B-Instruct,models/Meta-Llama-3-8B-Instruct,vllm,http://localhost:8000/v1,C1,9,3bb65d16,0.0,2026-08-28T17:31:29.071025,1,"{
  ""score"": 7,
  ""verdict"": ""invest"",
  ""confidence"": 80,
  ""rubric_scores"": {
    ""market_potential"": 4,
    ""technical_feasibility"": 3,
    ""business_viability"": 4
  },
  ""reasoning"": ""While the idea is innovative and addresses a specific healthcare need, it requires further development to ensure technical feasibility and scalability. With a clear market need and potential for impact, I'm willing to take a calculated risk and invest.""
}",7,invest,80,4,3,4,"While the idea is innovative and addresses a specific healthcare need, it requires further development to ensure technical feasibility and scalability. With a clear market need and potential for impact, I'm willing to take a calculated risk and invest.",True
CASE_KS_017,models/Meta-Llama-3-8B-Instruct,models/Meta-Llama-3-8B-Instruct,vllm,http://localhost:8000/v1,C1,10,3bb65d16,0.0,2026-08-28T17:31:31.396520,1,"{
  ""score"": 7,
  ""verdict"": ""invest"",
  ""confidence"": 80,
  ""rubric_scores"": {
    ""market_potential"": 4,
    ""technical_feasibility"": 3,
    ""business_viability"": 4
  },
  ""reasoning"": ""While the idea is innovative and addresses a specific healthcare need, it requires further development to ensure technical feasibility and scalability. With a clear market need and potential for impact, I'm willing to take a calculated risk and invest.""
}",7,invest,80,4,3,4,"While the idea is innovative and addresses a specific healthcare need, it requires further development to ensure technical feasibility and scalability. With a clear market need and potential for impact, I'm willing to take a calculated risk and invest.",True
CASE_KS_018,models/Meta-Llama-3-8B-Instruct,models/Meta-Llama-3-8B-Instruct,vllm,http://localhost:8000/v1,C1,1,3bb65d16,0.0,2026-08-28T17:31:50.113020,1,"{
  ""score"": 7,
  ""verdict"": ""invest"",
  ""confidence"": 80,
  ""rubric_scores"": {
    ""market_potential"": 4,
    ""technical_feasibility"": 3,
    ""business_viability"": 4
  },
  ""reasoning"": ""While the idea is not revolutionary, it has the potential to create a unique and engaging social space for the school community. With proper execution, it could also generate revenue through sponsorships and events.""
}",7,invest,80,4,3,4,"While the idea is not revolutionary, it has the potential to create a unique and engaging social space for the school community. With proper execution, it could also generate revenue through sponsorships and events.",True
CASE_KS_018,models/Meta-Llama-3-8B-Instruct,models/Meta-Llama-3-8B-Instruct,vllm,http://localhost:8000/v1,C1,2,3bb65d16,0.0,2026-08-28T17:31:54.205749,1,"{
  ""score"": 7,
  ""verdict"": ""invest"",
  ""confidence"": 80,
  ""rubric_scores"": {
    ""market_potential"": 4,
    ""technical_feasibility"": 3,
    ""business_viability"": 4
  },
  ""reasoning"": ""While the idea is not revolutionary, it has the potential to create a unique and engaging social space for the school community. With proper execution, it could also generate revenue through sponsorships and events.""
}",7,invest,80,4,3,4,"While the idea is not revolutionary, it has the potential to create a unique and engaging social space for the school community. With proper execution, it could also generate revenue through sponsorships and events.",True
CASE_KS_018,models/Meta-Llama-3-8B-Instruct,models/Meta-Llama-3-8B-Instruct,vllm,http://localhost:8000/v1,C1,3,3bb65d16,0.0,2026-08-28T17:32:02.980029,1,"{
  ""score"": 7,
  ""verdict"": ""invest"",
  ""confidence"": 80,
  ""rubric_scores"": {
    ""market_potential"": 4,
    ""technical_feasibility"": 3,
    ""business_viability"": 4
  },
  ""reasoning"": ""While the idea is not revolutionary, it has the potential to create a unique and engaging social space for the school community. With proper execution, it could also generate revenue through sponsorships and events.""
}",7,invest,80,4,3,4,"While the idea is not revolutionary, it has the potential to create a unique and engaging social space for the school community. With proper execution, it could also generate revenue through sponsorships and events.",True
CASE_KS_018,models/Meta-Llama-3-8B-Instruct,models/Meta-Llama-3-8B-Instruct,vllm,http://localhost:8000/v1,C1,4,3bb65d16,0.0,2026-08-28T17:32:03.181425,1,"{
  ""score"": 7,
  ""verdict"": ""invest"",
  ""confidence"": 80,
  ""rubric_scores"": {
    ""market_potential"": 4,
    ""technical_feasibility"": 3,
    ""business_viability"": 4
  },
  ""reasoning"": ""While the idea is not revolutionary, it has the potential to create a unique and engaging social space for the school community. With proper execution, it could also generate revenue through sponsorships and events.""
}",7,invest,80,4,3,4,"While the idea is not revolutionary, it has the potential to create a unique and engaging social space for the school community. With proper execution, it could also generate revenue through sponsorships and events.",True
CASE_KS_018,models/Meta-Llama-3-8B-Instruct,models/Meta-Llama-3-8B-Instruct,vllm,http://localhost:8000/v1,C1,5,3bb65d16,0.0,2026-08-28T17:32:05.535099,1,"{
  ""score"": 7,
  ""verdict"": ""invest"",
  ""confidence"": 80,
  ""rubric_scores"": {
    ""market_potential"": 4,
    ""technical_feasibility"": 3,
    ""business_viability"": 4
  },
  ""reasoning"": ""While the idea is not revolutionary, it has the potential to create a unique and engaging social space for the school community. With proper execution, it could also generate revenue through sponsorships and events.""
}",7,invest,80,4,3,4,"While the idea is not revolutionary, it has the potential to create a unique and engaging social space for the school community. With proper execution, it could also generate revenue through sponsorships and events.",True
CASE_KS_018,models/Meta-Llama-3-8B-Instruct,models/Meta-Llama-3-8B-Instruct,vllm,http://localhost:8000/v1,C1,6,3bb65d16,0.0,2026-08-28T17:32:06.175172,1,"{
  ""score"": 7,
  ""verdict"": ""invest"",
  ""confidence"": 80,
  ""rubric_scores"": {
    ""market_potential"": 4,
    ""technical_feasibility"": 3,
    ""business_viability"": 4
  },
  ""reasoning"": ""While the idea is not revolutionary, it has the potential to create a unique and engaging social space for the school community. With proper execution, it could also generate revenue through sponsorships and events.""
}",7,invest,80,4,3,4,"While the idea is not revolutionary, it has the potential to create a unique and engaging social space for the school community. With proper execution, it could also generate revenue through sponsorships and events.",True
CASE_KS_018,models/Meta-Llama-3-8B-Instruct,models/Meta-Llama-3-8B-Instruct,vllm,http://localhost:8000/v1,C1,7,3bb65d16,0.0,2026-08-28T17:32:10.228200,1,"{
  ""score"": 7,
  ""verdict"": ""invest"",
  ""confidence"": 80,
  ""rubric_scores"": {
    ""market_potential"": 4,
    ""technical_feasibility"": 3,
    ""business_viability"": 4
  },
  ""reasoning"": ""While the idea is not revolutionary, it has the potential to create a unique and engaging social space for the school community. With proper execution, it could also generate revenue through sponsorships and events.""
}",7,invest,80,4,3,4,"While the idea is not revolutionary, it has the potential to create a unique and engaging social space for the school community. With proper execution, it could also generate revenue through sponsorships and events.",True
CASE_KS_018,models/Meta-Llama-3-8B-Instruct,models/Meta-Llama-3-8B-Instruct,vllm,http://localhost:8000/v1,C1,8,3bb65d16,0.0,2026-08-28T17:32:14.721037,1,"{
  ""score"": 7,
  ""verdict"": ""invest"",
  ""confidence"": 80,
  ""rubric_scores"": {
    ""market_potential"": 4,
    ""technical_feasibility"": 3,
    ""business_viability"": 4
  },
  ""reasoning"": ""While the idea is not revolutionary, it has the potential to create a unique and engaging social space for the school community. With proper execution, it could also generate revenue through sponsorships and events.""
}",7,invest,80,4,3,4,"While the idea is not revolutionary, it has the potential to create a unique and engaging social space for the school community. With proper execution, it could also generate revenue through sponsorships and events.",True
CASE_KS_018,models/Meta-Llama-3-8B-Instruct,models/Meta-Llama-3-8B-Instruct,vllm,http://localhost:8000/v1,C1,9,3bb65d16,0.0,2026-08-28T17:32:19.625195,1,"{
  ""score"": 7,
  ""verdict"": ""invest"",
  ""confidence"": 80,
  ""rubric_scores"": {
    ""market_potential"": 4,
    ""technical_feasibility"": 3,
    ""business_viability"": 4
  },
  ""reasoning"": ""While the idea is not revolutionary, it has the potential to create a unique and engaging social space for the school community. With proper execution, it could also generate revenue through sponsorships and events.""
}",7,invest,80,4,3,4,"While the idea is not revolutionary, it has the potential to create a unique and engaging social space for the school community. With proper execution, it could also generate revenue through sponsorships and events.",True
CASE_KS_018,models/Meta-Llama-3-8B-Instruct,models/Meta-Llama-3-8B-Instruct,vllm,http://localhost:8000/v1,C1,10,3bb65d16,0.0,2026-08-28T17:32:21.966741,1,"{
  ""score"": 7,
  ""verdict"": ""invest"",
  ""confidence"": 80,
  ""rubric_scores"": {
    ""market_potential"": 4,
    ""technical_feasibility"": 3,
    ""business_viability"": 4
  },
  ""reasoning"": ""While the idea is not revolutionary, it has the potential to create a unique and engaging social space for the school community. With proper execution, it could also generate revenue through sponsorships and events.""
}",7,invest,80,4,3,4,"While the idea is not revolutionary, it has the potential to create a unique and engaging social space for the school community. With proper execution, it could also generate revenue through sponsorships and events.",True
CASE_KS_019,models/Meta-Llama-3-8B-Instruct,models/Meta-Llama-3-8B-Instruct,vllm,http://localhost:8000/v1,C1,1,3bb65d16,0.0,2026-08-28T17:32:36.851766,1,"{
  ""score"": 8,
  ""verdict"": ""invest"",
  ""confidence"": 80,
  ""rubric_scores"": {
    ""market_potential"": 4,
    ""technical_feasibility"": 4,
    ""business_viability"": 3
  },
  ""reasoning"": ""I'm investing because Pinz has the potential to disrupt traditional social media and messaging apps by providing a unique, location-based communication platform. With a clear value proposition and a relatively simple technical implementation, I believe Pinz can gain traction and scale.""
}",8,invest,80,4,4,3,"I'm investing because Pinz has the potential to disrupt traditional social media and messaging apps by providing a unique, location-based communication platform. With a clear value proposition and a relatively simple technical implementation, I believe Pinz can gain traction and scale.",True
CASE_KS_019,models/Meta-Llama-3-8B-Instruct,models/Meta-Llama-3-8B-Instruct,vllm,http://localhost:8000/v1,C1,2,3bb65d16,0.0,2026-08-28T17:32:41.223706,1,"{
  ""score"": 8,
  ""verdict"": ""invest"",
  ""confidence"": 80,
  ""rubric_scores"": {
    ""market_potential"": 4,
    ""technical_feasibility"": 4,
    ""business_viability"": 3
  },
  ""reasoning"": ""I'm investing because Pinz has the potential to disrupt traditional social media and messaging apps by providing a unique, location-based communication platform. With a clear value proposition and a relatively simple technical implementation, I believe Pinz can gain traction and scale.""
}",8,invest,80,4,4,3,"I'm investing because Pinz has the potential to disrupt traditional social media and messaging apps by providing a unique, location-based communication platform. With a clear value proposition and a relatively simple technical implementation, I believe Pinz can gain traction and scale.",True
CASE_KS_019,models/Meta-Llama-3-8B-Instruct,models/Meta-Llama-3-8B-Instruct,vllm,http://localhost:8000/v1,C1,3,3bb65d16,0.0,2026-08-28T17:32:50.423683,1,"{
  ""score"": 8,
  ""verdict"": ""invest"",
  ""confidence"": 80,
  ""rubric_scores"": {
    ""market_potential"": 4,
    ""technical_feasibility"": 4,
    ""business_viability"": 3
  },
  ""reasoning"": ""The idea has strong potential for spontaneous local interactions, leveraging the power of proximity. While there are some technical and business viability concerns, the potential for user engagement and revenue streams is promising.""
}",8,invest,80,4,4,3,"The idea has strong potential for spontaneous local interactions, leveraging the power of proximity. While there are some technical and business viability concerns, the potential for user engagement and revenue streams is promising.",True
CASE_KS_019,models/Meta-Llama-3-8B-Instruct,models/Meta-Llama-3-8B-Instruct,vllm,http://localhost:8000/v1,C1,4,3bb65d16,0.0,2026-08-28T17:32:50.624824,1,"{
  ""score"": 8,
  ""verdict"": ""invest"",
  ""confidence"": 80,
  ""rubric_scores"": {
    ""market_potential"": 4,
    ""technical_feasibility"": 4,
    ""business_viability"": 3
  },
  ""reasoning"": ""The idea has strong potential for spontaneous local interactions, leveraging the power of proximity. While there are some technical and business viability concerns, the potential for user engagement and revenue streams is promising.""
}",8,invest,80,4,4,3,"The idea has strong potential for spontaneous local interactions, leveraging the power of proximity. While there are some technical and business viability concerns, the potential for user engagement and revenue streams is promising.",True
CASE_KS_019,models/Meta-Llama-3-8B-Instruct,models/Meta-Llama-3-8B-Instruct,vllm,http://localhost:8000/v1,C1,5,3bb65d16,0.0,2026-08-28T17:32:53.389296,1,"{
  ""score"": 8,
  ""verdict"": ""invest"",
  ""confidence"": 80,
  ""rubric_scores"": {
    ""market_potential"": 4,
    ""technical_feasibility"": 4,
    ""business_viability"": 3
  },
  ""reasoning"": ""I'm investing because Pinz has the potential to disrupt traditional social media and messaging apps by providing a unique, location-based communication platform. With a clear value proposition and a relatively simple technical implementation, I believe Pinz can gain traction and scale.""
}",8,invest,80,4,4,3,"I'm investing because Pinz has the potential to disrupt traditional social media and messaging apps by providing a unique, location-based communication platform. With a clear value proposition and a relatively simple technical implementation, I believe Pinz can gain traction and scale.",True
CASE_KS_019,models/Meta-Llama-3-8B-Instruct,models/Meta-Llama-3-8B-Instruct,vllm,http://localhost:8000/v1,C1,6,3bb65d16,0.0,2026-08-28T17:32:54.015011,1,"{
  ""score"": 8,
  ""verdict"": ""invest"",
  ""confidence"": 80,
  ""rubric_scores"": {
    ""market_potential"": 4,
    ""technical_feasibility"": 4,
    ""business_viability"": 3
  },
  ""reasoning"": ""I'm investing because Pinz has the potential to disrupt traditional social media and messaging apps by providing a unique, location-based communication platform. With a clear value proposition and a relatively simple technical implementation, I believe Pinz can gain traction and scale.""
}",8,invest,80,4,4,3,"I'm investing because Pinz has the potential to disrupt traditional social media and messaging apps by providing a unique, location-based communication platform. With a clear value proposition and a relatively simple technical implementation, I believe Pinz can gain traction and scale.",True
CASE_KS_019,models/Meta-Llama-3-8B-Instruct,models/Meta-Llama-3-8B-Instruct,vllm,http://localhost:8000/v1,C1,7,3bb65d16,0.0,2026-08-28T17:32:58.501988,1,"{
  ""score"": 8,
  ""verdict"": ""invest"",
  ""confidence"": 80,
  ""rubric_scores"": {
    ""market_potential"": 4,
    ""technical_feasibility"": 4,
    ""business_viability"": 3
  },
  ""reasoning"": ""I'm excited about the potential for spontaneous local interactions and the app's unique value proposition. While there are some technical and business viability concerns, I believe the team can overcome them with the right execution.""
}",8,invest,80,4,4,3,"I'm excited about the potential for spontaneous local interactions and the app's unique value proposition. While there are some technical and business viability concerns, I believe the team can overcome them with the right execution.",True
CASE_KS_019,models/Meta-Llama-3-8B-Instruct,models/Meta-Llama-3-8B-Instruct,vllm,http://localhost:8000/v1,C1,8,3bb65d16,0.0,2026-08-28T17:33:02.976026,1,"{
  ""score"": 8,
  ""verdict"": ""invest"",
  ""confidence"": 80,
  ""rubric_scores"": {
    ""market_potential"": 4,
    ""technical_feasibility"": 4,
    ""business_viability"": 3
  },
  ""reasoning"": ""I'm investing because Pinz has the potential to disrupt traditional social media and messaging apps by providing a unique, location-based communication platform. With a clear value proposition and a relatively simple technical implementation, I believe Pinz can gain traction and scale.""
}",8,invest,80,4,4,3,"I'm investing because Pinz has the potential to disrupt traditional social media and messaging apps by providing a unique, location-based communication platform. With a clear value proposition and a relatively simple technical implementation, I believe Pinz can gain traction and scale.",True
CASE_KS_019,models/Meta-Llama-3-8B-Instruct,models/Meta-Llama-3-8B-Instruct,vllm,http://localhost:8000/v1,C1,10,3bb65d16,0.0,2026-08-28T17:33:10.647105,1,"{
  ""score"": 8,
  ""verdict"": ""invest"",
  ""confidence"": 80,
  ""rubric_scores"": {
    ""market_potential"": 4,
    ""technical_feasibility"": 4,
    ""business_viability"": 3
  },
  ""reasoning"": ""I'm excited about the potential for spontaneous local interactions and the app's unique value proposition. While there are some technical and business viability concerns, I believe the team can overcome them with the right execution.""
}",8,invest,80,4,4,3,"I'm excited about the potential for spontaneous local interactions and the app's unique value proposition. While there are some technical and business viability concerns, I believe the team can overcome them with the right execution.",True
CASE_KS_019,models/Meta-Llama-3-8B-Instruct,models/Meta-Llama-3-8B-Instruct,vllm,http://localhost:8000/v1,C1,9,3bb65d16,0.0,2026-08-28T17:33:08.317010,1,"{
  ""score"": 8,
  ""verdict"": ""invest"",
  ""confidence"": 80,
  ""rubric_scores"": {
    ""market_potential"": 4,
    ""technical_feasibility"": 4,
    ""business_viability"": 3
  },
  ""reasoning"": ""I'm investing because Pinz has the potential to disrupt traditional social media and messaging apps by providing a unique, location-based communication platform. With a clear value proposition and a relatively simple technical implementation, I believe Pinz can gain traction and scale.""
}",8,invest,80,4,4,3,"I'm investing because Pinz has the potential to disrupt traditional social media and messaging apps by providing a unique, location-based communication platform. With a clear value proposition and a relatively simple technical implementation, I believe Pinz can gain traction and scale.",True
CASE_KS_020,models/Meta-Llama-3-8B-Instruct,models/Meta-Llama-3-8B-Instruct,vllm,http://localhost:8000/v1,C1,1,3bb65d16,0.0,2026-08-28T17:33:28.102783,1,"{
  ""score"": 8,
  ""verdict"": ""invest"",
  ""confidence"": 80,
  ""rubric_scores"": {
    ""market_potential"": 4,
    ""technical_feasibility"": 5,
    ""business_viability"": 3
  },
  ""reasoning"": ""I'm excited about the unique value proposition of velosynth, which has the potential to disrupt the cycling and music industries. While the market potential is uncertain, the technical feasibility is high, and the business viability is moderate, with opportunities for revenue through licensing and community engagement.""
}",8,invest,80,4,5,3,"I'm excited about the unique value proposition of velosynth, which has the potential to disrupt the cycling and music industries. While the market potential is uncertain, the technical feasibility is high, and the business viability is moderate, with opportunities for revenue through licensing and community engagement.",True
CASE_KS_020,models/Meta-Llama-3-8B-Instruct,models/Meta-Llama-3-8B-Instruct,vllm,http://localhost:8000/v1,C1,2,3bb65d16,0.0,2026-08-28T17:33:32.187247,1,"{
  ""score"": 8,
  ""verdict"": ""invest"",
  ""confidence"": 80,
  ""rubric_scores"": {
    ""market_potential"": 4,
    ""technical_feasibility"": 5,
    ""business_viability"": 3
  },
  ""reasoning"": ""I'm excited about the unique value proposition of velosynth, which has the potential to disrupt the music-making and cycling industries. With a strong focus on open-source and hackability, I believe there's a viable path to monetization through community engagement and partnerships.""
}",8,invest,80,4,5,3,"I'm excited about the unique value proposition of velosynth, which has the potential to disrupt the music-making and cycling industries. With a strong focus on open-source and hackability, I believe there's a viable path to monetization through community engagement and partnerships.",True
CASE_KS_020,models/Meta-Llama-3-8B-Instruct,models/Meta-Llama-3-8B-Instruct,vllm,http://localhost:8000/v1,C1,3,3bb65d16,0.0,2026-08-28T17:33:36.698101,1,"{
  ""score"": 8,
  ""verdict"": ""invest"",
  ""confidence"": 80,
  ""rubric_scores"": {
    ""market_potential"": 4,
    ""technical_feasibility"": 5,
    ""business_viability"": 3
  },
  ""reasoning"": ""I'm excited about the unique value proposition of velosynth, which has the potential to disrupt the cycling and music industries. While the market potential is uncertain, the technical feasibility is high, and the business viability is moderate, with opportunities for revenue through licensing and community engagement.""
}",8,invest,80,4,5,3,"I'm excited about the unique value proposition of velosynth, which has the potential to disrupt the cycling and music industries. While the market potential is uncertain, the technical feasibility is high, and the business viability is moderate, with opportunities for revenue through licensing and community engagement.",True
CASE_KS_020,models/Meta-Llama-3-8B-Instruct,models/Meta-Llama-3-8B-Instruct,vllm,http://localhost:8000/v1,C1,4,3bb65d16,0.0,2026-08-28T17:33:36.898072,1,"{
  ""score"": 8,
  ""verdict"": ""invest"",
  ""confidence"": 80,
  ""rubric_scores"": {
    ""market_potential"": 4,
    ""technical_feasibility"": 5,
    ""business_viability"": 3
  },
  ""reasoning"": ""I'm excited about the unique value proposition of velosynth, which has the potential to disrupt the cycling and music industries. While the market potential is uncertain, the technical feasibility is high, and the business viability is moderate, with opportunities for revenue through licensing and community engagement.""
}",8,invest,80,4,5,3,"I'm excited about the unique value proposition of velosynth, which has the potential to disrupt the cycling and music industries. While the market potential is uncertain, the technical feasibility is high, and the business viability is moderate, with opportunities for revenue through licensing and community engagement.",True
CASE_KS_020,models/Meta-Llama-3-8B-Instruct,models/Meta-Llama-3-8B-Instruct,vllm,http://localhost:8000/v1,C1,5,3bb65d16,0.0,2026-08-28T17:33:45.226020,1,"{
  ""score"": 8,
  ""verdict"": ""invest"",
  ""confidence"": 80,
  ""rubric_scores"": {
    ""market_potential"": 4,
    ""technical_feasibility"": 5,
    ""business_viability"": 3
  },
  ""reasoning"": ""I'm excited about the unique value proposition of velosynth, which has the potential to disrupt the music-making and cycling industries. With a strong focus on open-source and hackability, I believe there's a viable path to monetization through community engagement and partnerships.""
}",8,invest,80,4,5,3,"I'm excited about the unique value proposition of velosynth, which has the potential to disrupt the music-making and cycling industries. With a strong focus on open-source and hackability, I believe there's a viable path to monetization through community engagement and partnerships.",True
CASE_KS_020,models/Meta-Llama-3-8B-Instruct,models/Meta-Llama-3-8B-Instruct,vllm,http://localhost:8000/v1,C1,6,3bb65d16,0.0,2026-08-28T17:33:45.849942,1,"{
  ""score"": 8,
  ""verdict"": ""invest"",
  ""confidence"": 80,
  ""rubric_scores"": {
    ""market_potential"": 4,
    ""technical_feasibility"": 5,
    ""business_viability"": 3
  },
  ""reasoning"": ""I'm excited about the unique value proposition of velosynth, which has the potential to disrupt the music-making and cycling industries. With a strong focus on open-source and hackability, I believe there's a viable path to monetization through community engagement and partnerships.""
}",8,invest,80,4,5,3,"I'm excited about the unique value proposition of velosynth, which has the potential to disrupt the music-making and cycling industries. With a strong focus on open-source and hackability, I believe there's a viable path to monetization through community engagement and partnerships.",True
CASE_KS_020,models/Meta-Llama-3-8B-Instruct,models/Meta-Llama-3-8B-Instruct,vllm,http://localhost:8000/v1,C1,7,3bb65d16,0.0,2026-08-28T17:33:46.900025,1,"{
  ""score"": 8,
  ""verdict"": ""invest"",
  ""confidence"": 80,
  ""rubric_scores"": {
    ""market_potential"": 4,
    ""technical_feasibility"": 5,
    ""business_viability"": 3
  },
  ""reasoning"": ""I'm excited about the unique value proposition of velosynth, which has the potential to disrupt the music-making and cycling industries. With a strong focus on open-source and hackability, I believe there's a viable path to monetization through community engagement and partnerships.""
}",8,invest,80,4,5,3,"I'm excited about the unique value proposition of velosynth, which has the potential to disrupt the music-making and cycling industries. With a strong focus on open-source and hackability, I believe there's a viable path to monetization through community engagement and partnerships.",True
CASE_KS_020,models/Meta-Llama-3-8B-Instruct,models/Meta-Llama-3-8B-Instruct,vllm,http://localhost:8000/v1,C1,8,3bb65d16,0.0,2026-08-28T17:33:55.244551,1,"{
  ""score"": 8,
  ""verdict"": ""invest"",
  ""confidence"": 80,
  ""rubric_scores"": {
    ""market_potential"": 4,
    ""technical_feasibility"": 5,
    ""business_viability"": 3
  },
  ""reasoning"": ""I'm excited about the unique value proposition of velosynth, which has the potential to disrupt the music-making and cycling industries. With a strong focus on open-source and hackability, I believe there's a viable path to monetization through community engagement and partnerships.""
}",8,invest,80,4,5,3,"I'm excited about the unique value proposition of velosynth, which has the potential to disrupt the music-making and cycling industries. With a strong focus on open-source and hackability, I believe there's a viable path to monetization through community engagement and partnerships.",True
CASE_KS_020,models/Meta-Llama-3-8B-Instruct,models/Meta-Llama-3-8B-Instruct,vllm,http://localhost:8000/v1,C1,9,3bb65d16,0.0,2026-08-28T17:33:59.294629,1,"{
  ""score"": 8,
  ""verdict"": ""invest"",
  ""confidence"": 80,
  ""rubric_scores"": {
    ""market_potential"": 4,
    ""technical_feasibility"": 5,
    ""business_viability"": 3
  },
  ""reasoning"": ""I'm excited about the unique value proposition of velosynth, which has the potential to disrupt the music-making and cycling industries. With a strong focus on open-source and hackability, I believe there's a viable path to monetization through community engagement and partnerships.""
}",8,invest,80,4,5,3,"I'm excited about the unique value proposition of velosynth, which has the potential to disrupt the music-making and cycling industries. With a strong focus on open-source and hackability, I believe there's a viable path to monetization through community engagement and partnerships.",True
CASE_KS_020,models/Meta-Llama-3-8B-Instruct,models/Meta-Llama-3-8B-Instruct,vllm,http://localhost:8000/v1,C1,10,3bb65d16,0.0,2026-08-28T17:34:01.205006,1,"{
  ""score"": 8,
  ""verdict"": ""invest"",
  ""confidence"": 80,
  ""rubric_scores"": {
    ""market_potential"": 4,
    ""technical_feasibility"": 5,
    ""business_viability"": 3
  },
  ""reasoning"": ""I'm excited about the unique value proposition of velosynth, which has the potential to disrupt the music-making and cycling industries. With a strong focus on open-source and hackability, I believe there's a viable path to monetization through community engagement and partnerships.""
}",8,invest,80,4,5,3,"I'm excited about the unique value proposition of velosynth, which has the potential to disrupt the music-making and cycling industries. With a strong focus on open-source and hackability, I believe there's a viable path to monetization through community engagement and partnerships.",True
CASE_KS_021,models/Meta-Llama-3-8B-Instruct,models/Meta-Llama-3-8B-Instruct,vllm,http://localhost:8000/v1,C1,1,3bb65d16,0.0,2026-08-28T17:34:21.640578,1,"{
  ""score"": 6,
  ""verdict"": ""pass"",
  ""confidence"": 80,
  ""rubric_scores"": {
    ""market_potential"": 4,
    ""technical_feasibility"": 3,
    ""business_viability"": 2
  },
  ""reasoning"": ""While the idea of a fidget device with unique tactile feedback is intriguing, I'm concerned about the competitive landscape and the potential for the product to be easily replicated. The market potential is there, but the technical and business viability need further development.""
}",6,pass,80,4,3,2,"While the idea of a fidget device with unique tactile feedback is intriguing, I'm concerned about the competitive landscape and the potential for the product to be easily replicated. The market potential is there, but the technical and business viability need further development.",True
CASE_KS_021,models/Meta-Llama-3-8B-Instruct,models/Meta-Llama-3-8B-Instruct,vllm,http://localhost:8000/v1,C1,2,3bb65d16,0.0,2026-08-28T17:34:24.888306,1,"{
  ""score"": 6,
  ""verdict"": ""pass"",
  ""confidence"": 80,
  ""rubric_scores"": {
    ""market_potential"": 4,
    ""technical_feasibility"": 3,
    ""business_viability"": 2
  },
  ""reasoning"": ""While the idea of a fidget device with unique tactile feedback is intriguing, I'm concerned about the competitive landscape and the potential for the product to be easily replicated. The market potential is there, but the technical and business viability need further development.""
}",6,pass,80,4,3,2,"While the idea of a fidget device with unique tactile feedback is intriguing, I'm concerned about the competitive landscape and the potential for the product to be easily replicated. The market potential is there, but the technical and business viability need further development.",True
CASE_KS_021,models/Meta-Llama-3-8B-Instruct,models/Meta-Llama-3-8B-Instruct,vllm,http://localhost:8000/v1,C1,3,3bb65d16,0.0,2026-08-28T17:34:30.652799,1,"{
  ""score"": 6,
  ""verdict"": ""pass"",
  ""confidence"": 80,
  ""rubric_scores"": {
    ""market_potential"": 4,
    ""technical_feasibility"": 3,
    ""business_viability"": 2
  },
  ""reasoning"": ""While the idea of a fidget device with unique tactile feedback is intriguing, I'm concerned about the competitive landscape and the potential for the product to be easily replicated. The market potential is there, but the technical and business viability need further development.""
}",6,pass,80,4,3,2,"While the idea of a fidget device with unique tactile feedback is intriguing, I'm concerned about the competitive landscape and the potential for the product to be easily replicated. The market potential is there, but the technical and business viability need further development.",True
CASE_KS_021,models/Meta-Llama-3-8B-Instruct,models/Meta-Llama-3-8B-Instruct,vllm,http://localhost:8000/v1,C1,4,3bb65d16,0.0,2026-08-28T17:34:30.852848,1,"{
  ""score"": 6,
  ""verdict"": ""pass"",
  ""confidence"": 80,
  ""rubric_scores"": {
    ""market_potential"": 4,
    ""technical_feasibility"": 3,
    ""business_viability"": 2
  },
  ""reasoning"": ""While the idea of a fidget device with unique tactile feedback is intriguing, I'm concerned about the competitive landscape and the potential for the product to be easily replicated. The market potential is there, but the technical and business viability need further development.""
}",6,pass,80,4,3,2,"While the idea of a fidget device with unique tactile feedback is intriguing, I'm concerned about the competitive landscape and the potential for the product to be easily replicated. The market potential is there, but the technical and business viability need further development.",True
CASE_KS_021,models/Meta-Llama-3-8B-Instruct,models/Meta-Llama-3-8B-Instruct,vllm,http://localhost:8000/v1,C1,5,3bb65d16,0.0,2026-08-28T17:34:38.747386,1,"{
  ""score"": 6,
  ""verdict"": ""pass"",
  ""confidence"": 80,
  ""rubric_scores"": {
    ""market_potential"": 4,
    ""technical_feasibility"": 3,
    ""business_viability"": 2
  },
  ""reasoning"": ""While the idea of a fidget device with unique tactile feedback is intriguing, I'm concerned about the competitive landscape and the potential for the product to be easily replicated. The market potential is there, but the technical and business viability need further development.""
}",6,pass,80,4,3,2,"While the idea of a fidget device with unique tactile feedback is intriguing, I'm concerned about the competitive landscape and the potential for the product to be easily replicated. The market potential is there, but the technical and business viability need further development.",True
CASE_KS_021,models/Meta-Llama-3-8B-Instruct,models/Meta-Llama-3-8B-Instruct,vllm,http://localhost:8000/v1,C1,6,3bb65d16,0.0,2026-08-28T17:34:39.373947,1,"{
  ""score"": 6,
  ""verdict"": ""pass"",
  ""confidence"": 80,
  ""rubric_scores"": {
    ""market_potential"": 4,
    ""technical_feasibility"": 3,
    ""business_viability"": 2
  },
  ""reasoning"": ""While the idea of a fidget device with unique tactile feedback is intriguing, I'm concerned about the competitive landscape and the potential for the product to be easily replicated. The market potential is there, but the technical and business viability need further development.""
}",6,pass,80,4,3,2,"While the idea of a fidget device with unique tactile feedback is intriguing, I'm concerned about the competitive landscape and the potential for the product to be easily replicated. The market potential is there, but the technical and business viability need further development.",True
CASE_KS_021,models/Meta-Llama-3-8B-Instruct,models/Meta-Llama-3-8B-Instruct,vllm,http://localhost:8000/v1,C1,7,3bb65d16,0.0,2026-08-28T17:34:40.845362,1,"{
  ""score"": 6,
  ""verdict"": ""pass"",
  ""confidence"": 80,
  ""rubric_scores"": {
    ""market_potential"": 4,
    ""technical_feasibility"": 3,
    ""business_viability"": 2
  },
  ""reasoning"": ""While the idea of a fidget device with unique tactile feedback is intriguing, I'm concerned about the competitive landscape and the potential for the product to be easily replicated. The market potential is there, but the startup needs to demonstrate a clear path to differentiation and scalability.""
}",6,pass,80,4,3,2,"While the idea of a fidget device with unique tactile feedback is intriguing, I'm concerned about the competitive landscape and the potential for the product to be easily replicated. The market potential is there, but the startup needs to demonstrate a clear path to differentiation and scalability.",True
CASE_KS_021,models/Meta-Llama-3-8B-Instruct,models/Meta-Llama-3-8B-Instruct,vllm,http://localhost:8000/v1,C1,8,3bb65d16,0.0,2026-08-28T17:34:49.148032,1,"{
  ""score"": 6,
  ""verdict"": ""pass"",
  ""confidence"": 80,
  ""rubric_scores"": {
    ""market_potential"": 4,
    ""technical_feasibility"": 3,
    ""business_viability"": 2
  },
  ""reasoning"": ""While the idea of a fidget device with unique tactile feedback is intriguing, I'm concerned about the competitive landscape and the potential for the product to be easily replicated. The market potential is there, but the technical and business viability need further development.""
}",6,pass,80,4,3,2,"While the idea of a fidget device with unique tactile feedback is intriguing, I'm concerned about the competitive landscape and the potential for the product to be easily replicated. The market potential is there, but the technical and business viability need further development.",True
CASE_KS_021,models/Meta-Llama-3-8B-Instruct,models/Meta-Llama-3-8B-Instruct,vllm,http://localhost:8000/v1,C1,9,3bb65d16,0.0,2026-08-28T17:34:53.618857,1,"{
  ""score"": 6,
  ""verdict"": ""pass"",
  ""confidence"": 80,
  ""rubric_scores"": {
    ""market_potential"": 4,
    ""technical_feasibility"": 3,
    ""business_viability"": 2
  },
  ""reasoning"": ""While the idea of a fidget device with unique tactile feedback is intriguing, I'm concerned about the competitive landscape and the potential for the product to be easily replicated. The market potential is there, but the technical and business viability need further development.""
}",6,pass,80,4,3,2,"While the idea of a fidget device with unique tactile feedback is intriguing, I'm concerned about the competitive landscape and the potential for the product to be easily replicated. The market potential is there, but the technical and business viability need further development.",True
CASE_KS_021,models/Meta-Llama-3-8B-Instruct,models/Meta-Llama-3-8B-Instruct,vllm,http://localhost:8000/v1,C1,10,3bb65d16,0.0,2026-08-28T17:34:55.526084,1,"{
  ""score"": 6,
  ""verdict"": ""pass"",
  ""confidence"": 80,
  ""rubric_scores"": {
    ""market_potential"": 4,
    ""technical_feasibility"": 3,
    ""business_viability"": 2
  },
  ""reasoning"": ""While the idea of a fidget device with unique tactile feedback is intriguing, I'm concerned about the competitive landscape and the potential for the product to be easily replicated. The market potential is there, but the startup needs to demonstrate a clear path to differentiation and scalability.""
}",6,pass,80,4,3,2,"While the idea of a fidget device with unique tactile feedback is intriguing, I'm concerned about the competitive landscape and the potential for the product to be easily replicated. The market potential is there, but the startup needs to demonstrate a clear path to differentiation and scalability.",True
CASE_KS_022,models/Meta-Llama-3-8B-Instruct,models/Meta-Llama-3-8B-Instruct,vllm,http://localhost:8000/v1,C1,1,3bb65d16,0.0,2026-08-28T17:35:12.523420,1,"{
  ""score"": 7,
  ""verdict"": ""invest"",
  ""confidence"": 80,
  ""rubric_scores"": {
    ""market_potential"": 4,
    ""technical_feasibility"": 3,
    ""business_viability"": 4
  },
  ""reasoning"": ""While the idea is not revolutionary, it addresses a clear pain point in the social media space and has the potential to disrupt traditional broadcasting. With proper execution, Live View! could become a popular platform.""
}",7,invest,80,4,3,4,"While the idea is not revolutionary, it addresses a clear pain point in the social media space and has the potential to disrupt traditional broadcasting. With proper execution, Live View! could become a popular platform.",True
CASE_KS_022,models/Meta-Llama-3-8B-Instruct,models/Meta-Llama-3-8B-Instruct,vllm,http://localhost:8000/v1,C1,2,3bb65d16,0.0,2026-08-28T17:35:15.768463,1,"{
  ""score"": 7,
  ""verdict"": ""invest"",
  ""confidence"": 80,
  ""rubric_scores"": {
    ""market_potential"": 4,
    ""technical_feasibility"": 3,
    ""business_viability"": 4
  },
  ""reasoning"": ""While the idea of live broadcasting and streaming on social media has potential, I believe the team has a solid understanding of the market and technical feasibility. With a clear path to monetization, I'm willing to take a calculated risk on this investment.""
}",7,invest,80,4,3,4,"While the idea of live broadcasting and streaming on social media has potential, I believe the team has a solid understanding of the market and technical feasibility. With a clear path to monetization, I'm willing to take a calculated risk on this investment.",True
CASE_KS_022,models/Meta-Llama-3-8B-Instruct,models/Meta-Llama-3-8B-Instruct,vllm,http://localhost:8000/v1,C1,3,3bb65d16,0.0,2026-08-28T17:35:21.963827,1,"{
  ""score"": 7,
  ""verdict"": ""invest"",
  ""confidence"": 80,
  ""rubric_scores"": {
    ""market_potential"": 4,
    ""technical_feasibility"": 3,
    ""business_viability"": 4
  },
  ""reasoning"": ""While the idea is not revolutionary, it addresses a clear pain point in the social media space and has the potential to disrupt traditional broadcasting. With proper execution, Live View! could become a popular platform.""
}",7,invest,80,4,3,4,"While the idea is not revolutionary, it addresses a clear pain point in the social media space and has the potential to disrupt traditional broadcasting. With proper execution, Live View! could become a popular platform.",True
CASE_KS_022,models/Meta-Llama-3-8B-Instruct,models/Meta-Llama-3-8B-Instruct,vllm,http://localhost:8000/v1,C1,4,3bb65d16,0.0,2026-08-28T17:35:22.165042,1,"{
  ""score"": 7,
  ""verdict"": ""invest"",
  ""confidence"": 80,
  ""rubric_scores"": {
    ""market_potential"": 4,
    ""technical_feasibility"": 3,
    ""business_viability"": 4
  },
  ""reasoning"": ""While the idea is not revolutionary, it addresses a clear pain point in the social media space and has the potential to disrupt traditional broadcasting. With proper execution, Live View! could become a popular platform.""
}",7,invest,80,4,3,4,"While the idea is not revolutionary, it addresses a clear pain point in the social media space and has the potential to disrupt traditional broadcasting. With proper execution, Live View! could become a popular platform.",True
CASE_KS_022,models/Meta-Llama-3-8B-Instruct,models/Meta-Llama-3-8B-Instruct,vllm,http://localhost:8000/v1,C1,5,3bb65d16,0.0,2026-08-28T17:35:30.497985,1,"{
  ""score"": 7,
  ""verdict"": ""invest"",
  ""confidence"": 80,
  ""rubric_scores"": {
    ""market_potential"": 4,
    ""technical_feasibility"": 3,
    ""business_viability"": 4
  },
  ""reasoning"": ""While the idea is not revolutionary, it addresses a clear pain point in the social media space and has the potential to disrupt traditional broadcasting. With proper execution, Live View! could become a popular platform.""
}",7,invest,80,4,3,4,"While the idea is not revolutionary, it addresses a clear pain point in the social media space and has the potential to disrupt traditional broadcasting. With proper execution, Live View! could become a popular platform.",True
CASE_KS_022,models/Meta-Llama-3-8B-Instruct,models/Meta-Llama-3-8B-Instruct,vllm,http://localhost:8000/v1,C1,6,3bb65d16,0.0,2026-08-28T17:35:31.140172,1,"{
  ""score"": 7,
  ""verdict"": ""invest"",
  ""confidence"": 80,
  ""rubric_scores"": {
    ""market_potential"": 4,
    ""technical_feasibility"": 3,
    ""business_viability"": 4
  },
  ""reasoning"": ""While the idea of live broadcasting and streaming on social media has potential, I believe the team has a solid understanding of the market and technical feasibility. With a clear path to monetization, I'm willing to take a calculated risk on this investment.""
}",7,invest,80,4,3,4,"While the idea of live broadcasting and streaming on social media has potential, I believe the team has a solid understanding of the market and technical feasibility. With a clear path to monetization, I'm willing to take a calculated risk on this investment.",True
CASE_KS_022,models/Meta-Llama-3-8B-Instruct,models/Meta-Llama-3-8B-Instruct,vllm,http://localhost:8000/v1,C1,7,3bb65d16,0.0,2026-08-28T17:35:34.757081,1,"{
  ""score"": 7,
  ""verdict"": ""invest"",
  ""confidence"": 80,
  ""rubric_scores"": {
    ""market_potential"": 4,
    ""technical_feasibility"": 3,
    ""business_viability"": 4
  },
  ""reasoning"": ""While the idea of live broadcasting and streaming on social media has potential, I believe the team has a solid understanding of the market and technical feasibility. With a clear path to monetization, I'm willing to take a calculated risk on this investment.""
}",7,invest,80,4,3,4,"While the idea of live broadcasting and streaming on social media has potential, I believe the team has a solid understanding of the market and technical feasibility. With a clear path to monetization, I'm willing to take a calculated risk on this investment.",True
CASE_KS_022,models/Meta-Llama-3-8B-Instruct,models/Meta-Llama-3-8B-Instruct,vllm,http://localhost:8000/v1,C1,8,3bb65d16,0.0,2026-08-28T17:35:41.372009,1,"{
  ""score"": 7,
  ""verdict"": ""invest"",
  ""confidence"": 80,
  ""rubric_scores"": {
    ""market_potential"": 4,
    ""technical_feasibility"": 3,
    ""business_viability"": 4
  },
  ""reasoning"": ""While the idea of live broadcasting and streaming on social media has potential, I believe the team has a solid understanding of the market and technical feasibility. With a clear path to monetization, I'm willing to take a calculated risk on this investment.""
}",7,invest,80,4,3,4,"While the idea of live broadcasting and streaming on social media has potential, I believe the team has a solid understanding of the market and technical feasibility. With a clear path to monetization, I'm willing to take a calculated risk on this investment.",True
CASE_KS_022,models/Meta-Llama-3-8B-Instruct,models/Meta-Llama-3-8B-Instruct,vllm,http://localhost:8000/v1,C1,9,3bb65d16,0.0,2026-08-28T17:35:46.284001,1,"{
  ""score"": 7,
  ""verdict"": ""invest"",
  ""confidence"": 80,
  ""rubric_scores"": {
    ""market_potential"": 4,
    ""technical_feasibility"": 3,
    ""business_viability"": 4
  },
  ""reasoning"": ""While the idea is not revolutionary, it addresses a clear pain point in the social media space and has the potential to disrupt traditional broadcasting. With proper execution, Live View! could become a popular platform.""
}",7,invest,80,4,3,4,"While the idea is not revolutionary, it addresses a clear pain point in the social media space and has the potential to disrupt traditional broadcasting. With proper execution, Live View! could become a popular platform.",True
CASE_KS_022,models/Meta-Llama-3-8B-Instruct,models/Meta-Llama-3-8B-Instruct,vllm,http://localhost:8000/v1,C1,10,3bb65d16,0.0,2026-08-28T17:35:49.903988,1,"{
  ""score"": 7,
  ""verdict"": ""invest"",
  ""confidence"": 80,
  ""rubric_scores"": {
    ""market_potential"": 4,
    ""technical_feasibility"": 3,
    ""business_viability"": 4
  },
  ""reasoning"": ""While the idea is not revolutionary, it addresses a clear pain point in the social media space and has the potential to disrupt traditional broadcasting. With proper execution, Live View! could become a popular platform.""
}",7,invest,80,4,3,4,"While the idea is not revolutionary, it addresses a clear pain point in the social media space and has the potential to disrupt traditional broadcasting. With proper execution, Live View! could become a popular platform.",True
CASE_KS_023,models/Meta-Llama-3-8B-Instruct,models/Meta-Llama-3-8B-Instruct,vllm,http://localhost:8000/v1,C1,1,3bb65d16,0.0,2026-08-28T17:35:59.641541,1,"{
  ""score"": 7,
  ""verdict"": ""invest"",
  ""confidence"": 80,
  ""rubric_scores"": {
    ""market_potential"": 4,
    ""technical_feasibility"": 4,
    ""business_viability"": 3
  },
  ""reasoning"": ""The idea addresses a specific pain point in the automotive industry, and the technical feasibility seems reasonable. However, the business viability is uncertain, as the market size and competition are unclear.""
}",7,invest,80,4,4,3,"The idea addresses a specific pain point in the automotive industry, and the technical feasibility seems reasonable. However, the business viability is uncertain, as the market size and competition are unclear.",True
CASE_KS_023,models/Meta-Llama-3-8B-Instruct,models/Meta-Llama-3-8B-Instruct,vllm,http://localhost:8000/v1,C1,2,3bb65d16,0.0,2026-08-28T17:36:06.715015,1,"{
  ""score"": 7,
  ""verdict"": ""invest"",
  ""confidence"": 80,
  ""rubric_scores"": {
    ""market_potential"": 4,
    ""technical_feasibility"": 4,
    ""business_viability"": 3
  },
  ""reasoning"": ""The idea addresses a specific pain point in the automotive industry, and the technical feasibility seems reasonable. However, the business viability is uncertain, as the market size and competition are unclear.""
}",7,invest,80,4,4,3,"The idea addresses a specific pain point in the automotive industry, and the technical feasibility seems reasonable. However, the business viability is uncertain, as the market size and competition are unclear.",True
CASE_KS_023,models/Meta-Llama-3-8B-Instruct,models/Meta-Llama-3-8B-Instruct,vllm,http://localhost:8000/v1,C1,3,3bb65d16,0.0,2026-08-28T17:36:09.494740,1,"{
  ""score"": 7,
  ""verdict"": ""invest"",
  ""confidence"": 80,
  ""rubric_scores"": {
    ""market_potential"": 4,
    ""technical_feasibility"": 4,
    ""business_viability"": 3
  },
  ""reasoning"": ""The idea addresses a specific pain point in the automotive industry, and the technical feasibility seems reasonable. However, the business viability is uncertain, as the market size and competition are unclear.""
}",7,invest,80,4,4,3,"The idea addresses a specific pain point in the automotive industry, and the technical feasibility seems reasonable. However, the business viability is uncertain, as the market size and competition are unclear.",True
CASE_KS_023,models/Meta-Llama-3-8B-Instruct,models/Meta-Llama-3-8B-Instruct,vllm,http://localhost:8000/v1,C1,4,3bb65d16,0.0,2026-08-28T17:36:09.689805,1,"{
  ""score"": 7,
  ""verdict"": ""invest"",
  ""confidence"": 80,
  ""rubric_scores"": {
    ""market_potential"": 4,
    ""technical_feasibility"": 4,
    ""business_viability"": 3
  },
  ""reasoning"": ""The idea addresses a specific pain point in the automotive industry, and the technical feasibility seems reasonable. However, the business viability is uncertain, as the market size and competition are unclear.""
}",7,invest,80,4,4,3,"The idea addresses a specific pain point in the automotive industry, and the technical feasibility seems reasonable. However, the business viability is uncertain, as the market size and competition are unclear.",True
CASE_KS_023,models/Meta-Llama-3-8B-Instruct,models/Meta-Llama-3-8B-Instruct,vllm,http://localhost:8000/v1,C1,5,3bb65d16,0.0,2026-08-28T17:36:18.428002,1,"{
  ""score"": 7,
  ""verdict"": ""invest"",
  ""confidence"": 80,
  ""rubric_scores"": {
    ""market_potential"": 4,
    ""technical_feasibility"": 4,
    ""business_viability"": 3
  },
  ""reasoning"": ""The idea addresses a specific pain point in the automotive industry, and the technical feasibility seems reasonable. However, the business viability is uncertain, as the market size and competition are unclear.""
}",7,invest,80,4,4,3,"The idea addresses a specific pain point in the automotive industry, and the technical feasibility seems reasonable. However, the business viability is uncertain, as the market size and competition are unclear.",True
CASE_KS_023,models/Meta-Llama-3-8B-Instruct,models/Meta-Llama-3-8B-Instruct,vllm,http://localhost:8000/v1,C1,6,3bb65d16,0.0,2026-08-28T17:36:22.903022,1,"{
  ""score"": 7,
  ""verdict"": ""invest"",
  ""confidence"": 80,
  ""rubric_scores"": {
    ""market_potential"": 4,
    ""technical_feasibility"": 4,
    ""business_viability"": 3
  },
  ""reasoning"": ""The idea addresses a specific pain point in the automotive industry, and the technical feasibility seems reasonable. However, the business viability is uncertain, as the market size and competition are unclear.""
}",7,invest,80,4,4,3,"The idea addresses a specific pain point in the automotive industry, and the technical feasibility seems reasonable. However, the business viability is uncertain, as the market size and competition are unclear.",True
CASE_KS_023,models/Meta-Llama-3-8B-Instruct,models/Meta-Llama-3-8B-Instruct,vllm,http://localhost:8000/v1,C1,7,3bb65d16,0.0,2026-08-28T17:36:26.967952,1,"{
  ""score"": 7,
  ""verdict"": ""invest"",
  ""confidence"": 80,
  ""rubric_scores"": {
    ""market_potential"": 4,
    ""technical_feasibility"": 4,
    ""business_viability"": 3
  },
  ""reasoning"": ""The idea addresses a specific pain point in the automotive industry, and the technical feasibility seems reasonable. However, the business viability is uncertain, as the market size and competition are unclear.""
}",7,invest,80,4,4,3,"The idea addresses a specific pain point in the automotive industry, and the technical feasibility seems reasonable. However, the business viability is uncertain, as the market size and competition are unclear.",True
CASE_KS_023,models/Meta-Llama-3-8B-Instruct,models/Meta-Llama-3-8B-Instruct,vllm,http://localhost:8000/v1,C1,8,3bb65d16,0.0,2026-08-28T17:36:33.568604,1,"{
  ""score"": 7,
  ""verdict"": ""invest"",
  ""confidence"": 80,
  ""rubric_scores"": {
    ""market_potential"": 4,
    ""technical_feasibility"": 4,
    ""business_viability"": 3
  },
  ""reasoning"": ""The idea addresses a specific pain point in the automotive industry, and the technical feasibility seems reasonable. However, the business viability is uncertain, as the market size and competition are unclear.""
}",7,invest,80,4,4,3,"The idea addresses a specific pain point in the automotive industry, and the technical feasibility seems reasonable. However, the business viability is uncertain, as the market size and competition are unclear.",True
CASE_KS_023,models/Meta-Llama-3-8B-Instruct,models/Meta-Llama-3-8B-Instruct,vllm,http://localhost:8000/v1,C1,10,3bb65d16,0.0,2026-08-28T17:36:38.676455,1,"{
  ""score"": 7,
  ""verdict"": ""invest"",
  ""confidence"": 80,
  ""rubric_scores"": {
    ""market_potential"": 4,
    ""technical_feasibility"": 4,
    ""business_viability"": 3
  },
  ""reasoning"": ""The idea addresses a specific pain point in the automotive industry, and the technical feasibility seems reasonable. However, the business viability is uncertain, as the market size and competition are unclear.""
}",7,invest,80,4,4,3,"The idea addresses a specific pain point in the automotive industry, and the technical feasibility seems reasonable. However, the business viability is uncertain, as the market size and competition are unclear.",True
CASE_KS_023,models/Meta-Llama-3-8B-Instruct,models/Meta-Llama-3-8B-Instruct,vllm,http://localhost:8000/v1,C1,9,3bb65d16,0.0,2026-08-28T17:36:35.056163,1,"{
  ""score"": 7,
  ""verdict"": ""invest"",
  ""confidence"": 80,
  ""rubric_scores"": {
    ""market_potential"": 4,
    ""technical_feasibility"": 3,
    ""business_viability"": 4
  },
  ""reasoning"": ""The idea addresses a specific pain point in the automotive industry, and the market potential is significant. While the technical feasibility is relatively straightforward, the business viability will depend on the startup's ability to secure partnerships with car manufacturers and insurance companies.""
}",7,invest,80,4,3,4,"The idea addresses a specific pain point in the automotive industry, and the market potential is significant. While the technical feasibility is relatively straightforward, the business viability will depend on the startup's ability to secure partnerships with car manufacturers and insurance companies.",True
CASE_KS_024,models/Meta-Llama-3-8B-Instruct,models/Meta-Llama-3-8B-Instruct,vllm,http://localhost:8000/v1,C1,1,3bb65d16,0.0,2026-08-28T17:36:44.994022,1,"{
  ""score"": 6,
  ""verdict"": ""pass"",
  ""confidence"": 80,
  ""rubric_scores"": {
    ""market_potential"": 3,
    ""technical_feasibility"": 4,
    ""business_viability"": 2
  },
  ""reasoning"": ""While the idea has a clear niche and potential for community engagement, the market potential is limited to a specific demographic and the business model is unclear. The technical feasibility is high, but the business viability is uncertain without a clear plan for revenue generation.""
}",6,pass,80,3,4,2,"While the idea has a clear niche and potential for community engagement, the market potential is limited to a specific demographic and the business model is unclear. The technical feasibility is high, but the business viability is uncertain without a clear plan for revenue generation.",True
CASE_KS_024,models/Meta-Llama-3-8B-Instruct,models/Meta-Llama-3-8B-Instruct,vllm,http://localhost:8000/v1,C1,2,3bb65d16,0.0,2026-08-28T17:36:52.071026,1,"{
  ""score"": 6,
  ""verdict"": ""pass"",
  ""confidence"": 80,
  ""rubric_scores"": {
    ""market_potential"": 3,
    ""technical_feasibility"": 4,
    ""business_viability"": 2
  },
  ""reasoning"": ""While the idea has a clear niche and potential for community engagement, the market potential is limited to a specific demographic and the business model is unclear. The technical feasibility is high, but the business viability is uncertain without a clear plan for revenue generation.""
}",6,pass,80,3,4,2,"While the idea has a clear niche and potential for community engagement, the market potential is limited to a specific demographic and the business model is unclear. The technical feasibility is high, but the business viability is uncertain without a clear plan for revenue generation.",True
CASE_KS_024,models/Meta-Llama-3-8B-Instruct,models/Meta-Llama-3-8B-Instruct,vllm,http://localhost:8000/v1,C1,3,3bb65d16,0.0,2026-08-28T17:36:55.257086,1,"{
  ""score"": 6,
  ""verdict"": ""pass"",
  ""confidence"": 80,
  ""rubric_scores"": {
    ""market_potential"": 3,
    ""technical_feasibility"": 4,
    ""business_viability"": 2
  },
  ""reasoning"": ""While the idea has a clear niche and potential for community engagement, the market potential is limited to a specific demographic and the business model is unclear. The technical feasibility is high, but the business viability is uncertain without a clear plan for revenue generation.""
}",6,pass,80,3,4,2,"While the idea has a clear niche and potential for community engagement, the market potential is limited to a specific demographic and the business model is unclear. The technical feasibility is high, but the business viability is uncertain without a clear plan for revenue generation.",True
CASE_KS_024,models/Meta-Llama-3-8B-Instruct,models/Meta-Llama-3-8B-Instruct,vllm,http://localhost:8000/v1,C1,4,3bb65d16,0.0,2026-08-28T17:36:55.457015,1,"{
  ""score"": 6,
  ""verdict"": ""pass"",
  ""confidence"": 80,
  ""rubric_scores"": {
    ""market_potential"": 3,
    ""technical_feasibility"": 4,
    ""business_viability"": 2
  },
  ""reasoning"": ""While the idea has a clear niche and potential for community engagement, the market potential is limited to a specific demographic and the business model is unclear. The technical feasibility is high, but the business viability is uncertain without a clear plan for revenue generation.""
}",6,pass,80,3,4,2,"While the idea has a clear niche and potential for community engagement, the market potential is limited to a specific demographic and the business model is unclear. The technical feasibility is high, but the business viability is uncertain without a clear plan for revenue generation.",True
CASE_KS_024,models/Meta-Llama-3-8B-Instruct,models/Meta-Llama-3-8B-Instruct,vllm,http://localhost:8000/v1,C1,5,3bb65d16,0.0,2026-08-28T17:37:04.613025,1,"{
  ""score"": 6,
  ""verdict"": ""pass"",
  ""confidence"": 80,
  ""rubric_scores"": {
    ""market_potential"": 3,
    ""technical_feasibility"": 4,
    ""business_viability"": 2
  },
  ""reasoning"": ""While the idea has a clear niche and potential for community engagement, the market potential is limited to a specific demographic and the business model is unclear. The technical feasibility is high, but the business viability is uncertain without a clear plan for revenue generation.""
}",6,pass,80,3,4,2,"While the idea has a clear niche and potential for community engagement, the market potential is limited to a specific demographic and the business model is unclear. The technical feasibility is high, but the business viability is uncertain without a clear plan for revenue generation.",True
CASE_KS_024,models/Meta-Llama-3-8B-Instruct,models/Meta-Llama-3-8B-Instruct,vllm,http://localhost:8000/v1,C1,6,3bb65d16,0.0,2026-08-28T17:37:09.078023,1,"{
  ""score"": 6,
  ""verdict"": ""pass"",
  ""confidence"": 80,
  ""rubric_scores"": {
    ""market_potential"": 3,
    ""technical_feasibility"": 4,
    ""business_viability"": 2
  },
  ""reasoning"": ""While the idea has a clear niche and potential for community engagement, the market potential is limited to a specific demographic and the business model is unclear. The technical feasibility is high, but the business viability is uncertain without a clear plan for revenue generation.""
}",6,pass,80,3,4,2,"While the idea has a clear niche and potential for community engagement, the market potential is limited to a specific demographic and the business model is unclear. The technical feasibility is high, but the business viability is uncertain without a clear plan for revenue generation.",True
CASE_KS_024,models/Meta-Llama-3-8B-Instruct,models/Meta-Llama-3-8B-Instruct,vllm,http://localhost:8000/v1,C1,7,3bb65d16,0.0,2026-08-28T17:37:13.542982,1,"{
  ""score"": 6,
  ""verdict"": ""pass"",
  ""confidence"": 80,
  ""rubric_scores"": {
    ""market_potential"": 3,
    ""technical_feasibility"": 4,
    ""business_viability"": 2
  },
  ""reasoning"": ""While the idea has a clear niche and potential for community engagement, the market potential is limited to a specific demographic and the business model is unclear. The technical feasibility is high, but the business viability is uncertain without a clear plan for revenue generation.""
}",6,pass,80,3,4,2,"While the idea has a clear niche and potential for community engagement, the market potential is limited to a specific demographic and the business model is unclear. The technical feasibility is high, but the business viability is uncertain without a clear plan for revenue generation.",True
CASE_KS_024,models/Meta-Llama-3-8B-Instruct,models/Meta-Llama-3-8B-Instruct,vllm,http://localhost:8000/v1,C1,8,3bb65d16,0.0,2026-08-28T17:37:20.145238,1,"{
  ""score"": 6,
  ""verdict"": ""pass"",
  ""confidence"": 80,
  ""rubric_scores"": {
    ""market_potential"": 3,
    ""technical_feasibility"": 4,
    ""business_viability"": 2
  },
  ""reasoning"": ""While the idea has a clear niche and potential for community engagement, the market potential is limited to a specific demographic and the business model is unclear. The technical feasibility is high, but the business viability is uncertain without a clear plan for revenue generation.""
}",6,pass,80,3,4,2,"While the idea has a clear niche and potential for community engagement, the market potential is limited to a specific demographic and the business model is unclear. The technical feasibility is high, but the business viability is uncertain without a clear plan for revenue generation.",True
CASE_KS_024,models/Meta-Llama-3-8B-Instruct,models/Meta-Llama-3-8B-Instruct,vllm,http://localhost:8000/v1,C1,9,3bb65d16,0.0,2026-08-28T17:37:25.462028,1,"{
  ""score"": 6,
  ""verdict"": ""pass"",
  ""confidence"": 80,
  ""rubric_scores"": {
    ""market_potential"": 3,
    ""technical_feasibility"": 4,
    ""business_viability"": 2
  },
  ""reasoning"": ""While the idea has a clear niche and potential for community engagement, the market potential is limited to a specific demographic and the business model is unclear. The technical feasibility is high, but the business viability is uncertain without a clear plan for revenue generation.""
}",6,pass,80,3,4,2,"While the idea has a clear niche and potential for community engagement, the market potential is limited to a specific demographic and the business model is unclear. The technical feasibility is high, but the business viability is uncertain without a clear plan for revenue generation.",True
CASE_KS_024,models/Meta-Llama-3-8B-Instruct,models/Meta-Llama-3-8B-Instruct,vllm,http://localhost:8000/v1,C1,10,3bb65d16,0.0,2026-08-28T17:37:26.942042,1,"{
  ""score"": 6,
  ""verdict"": ""pass"",
  ""confidence"": 80,
  ""rubric_scores"": {
    ""market_potential"": 3,
    ""technical_feasibility"": 4,
    ""business_viability"": 2
  },
  ""reasoning"": ""While the idea has a clear niche and potential for community engagement, the market potential is limited to a specific demographic and the business model is unclear. The technical feasibility is high, but the business viability is uncertain without a clear plan for revenue generation.""
}",6,pass,80,3,4,2,"While the idea has a clear niche and potential for community engagement, the market potential is limited to a specific demographic and the business model is unclear. The technical feasibility is high, but the business viability is uncertain without a clear plan for revenue generation.",True
CASE_KS_025,models/Meta-Llama-3-8B-Instruct,models/Meta-Llama-3-8B-Instruct,vllm,http://localhost:8000/v1,C1,2,3bb65d16,0.0,2026-08-28T17:37:42.896394,1,"{
  ""score"": 6,
  ""verdict"": ""pass"",
  ""confidence"": 80,
  ""rubric_scores"": {
    ""market_potential"": 4,
    ""technical_feasibility"": 5,
    ""business_viability"": 3
  },
  ""reasoning"": ""While the idea has a unique technical solution, the market potential is limited to a specific niche and the business model is unclear, making it a pass for investment at this stage.""
}",6,pass,80,4,5,3,"While the idea has a unique technical solution, the market potential is limited to a specific niche and the business model is unclear, making it a pass for investment at this stage.",True
CASE_KS_025,models/Meta-Llama-3-8B-Instruct,models/Meta-Llama-3-8B-Instruct,vllm,http://localhost:8000/v1,C1,1,3bb65d16,0.0,2026-08-28T17:37:35.813017,1,"{
  ""score"": 6,
  ""verdict"": ""pass"",
  ""confidence"": 80,
  ""rubric_scores"": {
    ""market_potential"": 4,
    ""technical_feasibility"": 5,
    ""business_viability"": 3
  },
  ""reasoning"": ""While the idea has a unique selling point with the utility patent, the market potential is limited to a specific niche and may not be large enough to justify significant investment. The technical feasibility is high, but the business viability is uncertain without a clear plan for manufacturing and distribution.""
}",6,pass,80,4,5,3,"While the idea has a unique selling point with the utility patent, the market potential is limited to a specific niche and may not be large enough to justify significant investment. The technical feasibility is high, but the business viability is uncertain without a clear plan for manufacturing and distribution.",True
CASE_KS_025,models/Meta-Llama-3-8B-Instruct,models/Meta-Llama-3-8B-Instruct,vllm,http://localhost:8000/v1,C1,3,3bb65d16,0.0,2026-08-28T17:37:46.510398,1,"{
  ""score"": 6,
  ""verdict"": ""pass"",
  ""confidence"": 80,
  ""rubric_scores"": {
    ""market_potential"": 4,
    ""technical_feasibility"": 5,
    ""business_viability"": 3
  },
  ""reasoning"": ""While the idea has a unique technical solution, the market potential is limited to a specific niche and the business model is unclear, making it a pass for investment at this stage.""
}",6,pass,80,4,5,3,"While the idea has a unique technical solution, the market potential is limited to a specific niche and the business model is unclear, making it a pass for investment at this stage.",True
CASE_KS_025,models/Meta-Llama-3-8B-Instruct,models/Meta-Llama-3-8B-Instruct,vllm,http://localhost:8000/v1,C1,4,3bb65d16,0.0,2026-08-28T17:37:46.712024,1,"{
  ""score"": 6,
  ""verdict"": ""pass"",
  ""confidence"": 80,
  ""rubric_scores"": {
    ""market_potential"": 4,
    ""technical_feasibility"": 5,
    ""business_viability"": 3
  },
  ""reasoning"": ""While the idea has a unique technical solution, the market potential is limited to a specific niche and the business model is unclear, making it a pass for investment at this stage.""
}",6,pass,80,4,5,3,"While the idea has a unique technical solution, the market potential is limited to a specific niche and the business model is unclear, making it a pass for investment at this stage.",True
CASE_KS_025,models/Meta-Llama-3-8B-Instruct,models/Meta-Llama-3-8B-Instruct,vllm,http://localhost:8000/v1,C1,5,3bb65d16,0.0,2026-08-28T17:37:56.309228,1,"{
  ""score"": 6,
  ""verdict"": ""pass"",
  ""confidence"": 80,
  ""rubric_scores"": {
    ""market_potential"": 4,
    ""technical_feasibility"": 5,
    ""business_viability"": 3
  },
  ""reasoning"": ""While the idea has a unique technical solution, the market potential is limited to a specific niche and the business model is unclear, making it a pass for investment at this stage.""
}",6,pass,80,4,5,3,"While the idea has a unique technical solution, the market potential is limited to a specific niche and the business model is unclear, making it a pass for investment at this stage.",True
CASE_KS_025,models/Meta-Llama-3-8B-Instruct,models/Meta-Llama-3-8B-Instruct,vllm,http://localhost:8000/v1,C1,7,3bb65d16,0.0,2026-08-28T17:38:05.688023,1,"{
  ""score"": 6,
  ""verdict"": ""pass"",
  ""confidence"": 80,
  ""rubric_scores"": {
    ""market_potential"": 4,
    ""technical_feasibility"": 5,
    ""business_viability"": 3
  },
  ""reasoning"": ""While the idea has a unique technical solution, the market potential is limited to a specific niche and the business model is unclear, making it a pass for investment at this stage.""
}",6,pass,80,4,5,3,"While the idea has a unique technical solution, the market potential is limited to a specific niche and the business model is unclear, making it a pass for investment at this stage.",True
CASE_KS_025,models/Meta-Llama-3-8B-Instruct,models/Meta-Llama-3-8B-Instruct,vllm,http://localhost:8000/v1,C1,6,3bb65d16,0.0,2026-08-28T17:38:00.784996,1,"{
  ""score"": 6,
  ""verdict"": ""pass"",
  ""confidence"": 80,
  ""rubric_scores"": {
    ""market_potential"": 4,
    ""technical_feasibility"": 5,
    ""business_viability"": 3
  },
  ""reasoning"": ""While the idea has a unique selling point with the utility patent, the market potential is limited to a specific niche and may not be large enough to justify significant investment. The technical feasibility is high, but the business viability is uncertain without a clear plan for manufacturing and distribution.""
}",6,pass,80,4,5,3,"While the idea has a unique selling point with the utility patent, the market potential is limited to a specific niche and may not be large enough to justify significant investment. The technical feasibility is high, but the business viability is uncertain without a clear plan for manufacturing and distribution.",True
CASE_KS_025,models/Meta-Llama-3-8B-Instruct,models/Meta-Llama-3-8B-Instruct,vllm,http://localhost:8000/v1,C1,9,3bb65d16,0.0,2026-08-28T17:38:18.029001,1,"{
  ""score"": 6,
  ""verdict"": ""pass"",
  ""confidence"": 80,
  ""rubric_scores"": {
    ""market_potential"": 4,
    ""technical_feasibility"": 5,
    ""business_viability"": 3
  },
  ""reasoning"": ""While the idea has a unique technical solution, the market potential is limited to a specific niche and the business model is unclear, making it a pass for investment at this stage.""
}",6,pass,80,4,5,3,"While the idea has a unique technical solution, the market potential is limited to a specific niche and the business model is unclear, making it a pass for investment at this stage.",True
CASE_KS_025,models/Meta-Llama-3-8B-Instruct,models/Meta-Llama-3-8B-Instruct,vllm,http://localhost:8000/v1,C1,8,3bb65d16,0.0,2026-08-28T17:38:12.283735,1,"{
  ""score"": 6,
  ""verdict"": ""pass"",
  ""confidence"": 80,
  ""rubric_scores"": {
    ""market_potential"": 4,
    ""technical_feasibility"": 5,
    ""business_viability"": 3
  },
  ""reasoning"": ""While the idea has a unique selling point with the utility patent, the market potential is limited to a specific niche and may not be large enough to justify significant investment. The technical feasibility is high, but the business viability is uncertain without a clear plan for manufacturing and distribution.""
}",6,pass,80,4,5,3,"While the idea has a unique selling point with the utility patent, the market potential is limited to a specific niche and may not be large enough to justify significant investment. The technical feasibility is high, but the business viability is uncertain without a clear plan for manufacturing and distribution.",True
CASE_KS_025,models/Meta-Llama-3-8B-Instruct,models/Meta-Llama-3-8B-Instruct,vllm,http://localhost:8000/v1,C1,10,3bb65d16,0.0,2026-08-28T17:38:19.506046,1,"{
  ""score"": 6,
  ""verdict"": ""pass"",
  ""confidence"": 80,
  ""rubric_scores"": {
    ""market_potential"": 4,
    ""technical_feasibility"": 5,
    ""business_viability"": 3
  },
  ""reasoning"": ""While the idea has a unique selling point with the utility patent, the market potential is limited to a specific niche and may not be large enough to justify significant investment. The technical feasibility is high, but the business viability is uncertain without a clear plan for manufacturing and distribution.""
}",6,pass,80,4,5,3,"While the idea has a unique selling point with the utility patent, the market potential is limited to a specific niche and may not be large enough to justify significant investment. The technical feasibility is high, but the business viability is uncertain without a clear plan for manufacturing and distribution.",True
CASE_SYN_001,models/Meta-Llama-3-8B-Instruct,models/Meta-Llama-3-8B-Instruct,vllm,http://localhost:8000/v1,C1,1,3bb65d16,0.0,2026-08-28T17:38:27.516352,1,"{
  ""score"": 8,
  ""verdict"": ""invest"",
  ""confidence"": 80,
  ""rubric_scores"": {
    ""market_potential"": 4,
    ""technical_feasibility"": 5,
    ""business_viability"": 3
  },
  ""reasoning"": ""EcoCharge addresses a specific pain point for campers and travelers, and its unique design offers a competitive advantage. While the market size may be limited, the product's eco-friendly and portable nature could attract a loyal customer base.""
}",8,invest,80,4,5,3,"EcoCharge addresses a specific pain point for campers and travelers, and its unique design offers a competitive advantage. While the market size may be limited, the product's eco-friendly and portable nature could attract a loyal customer base.",True
CASE_SYN_001,models/Meta-Llama-3-8B-Instruct,models/Meta-Llama-3-8B-Instruct,vllm,http://localhost:8000/v1,C1,2,3bb65d16,0.0,2026-08-28T17:38:29.033689,1,"{
  ""score"": 8,
  ""verdict"": ""invest"",
  ""confidence"": 80,
  ""rubric_scores"": {
    ""market_potential"": 4,
    ""technical_feasibility"": 5,
    ""business_viability"": 3
  },
  ""reasoning"": ""EcoCharge addresses a specific pain point for campers and travelers, and its unique design offers a competitive advantage. While the market size may be limited, the product's eco-friendly and portable nature could attract a loyal customer base.""
}",8,invest,80,4,5,3,"EcoCharge addresses a specific pain point for campers and travelers, and its unique design offers a competitive advantage. While the market size may be limited, the product's eco-friendly and portable nature could attract a loyal customer base.",True
CASE_SYN_001,models/Meta-Llama-3-8B-Instruct,models/Meta-Llama-3-8B-Instruct,vllm,http://localhost:8000/v1,C1,3,3bb65d16,0.0,2026-08-28T17:38:31.814908,1,"{
  ""score"": 8,
  ""verdict"": ""invest"",
  ""confidence"": 80,
  ""rubric_scores"": {
    ""market_potential"": 4,
    ""technical_feasibility"": 5,
    ""business_viability"": 3
  },
  ""reasoning"": ""EcoCharge addresses a specific pain point for campers and travelers, and its unique design offers a competitive advantage. While the market size may be limited, the product's eco-friendly and portable nature could attract a loyal customer base.""
}",8,invest,80,4,5,3,"EcoCharge addresses a specific pain point for campers and travelers, and its unique design offers a competitive advantage. While the market size may be limited, the product's eco-friendly and portable nature could attract a loyal customer base.",True
CASE_SYN_001,models/Meta-Llama-3-8B-Instruct,models/Meta-Llama-3-8B-Instruct,vllm,http://localhost:8000/v1,C1,4,3bb65d16,0.0,2026-08-28T17:38:32.015035,1,"{
  ""score"": 8,
  ""verdict"": ""invest"",
  ""confidence"": 80,
  ""rubric_scores"": {
    ""market_potential"": 4,
    ""technical_feasibility"": 5,
    ""business_viability"": 3
  },
  ""reasoning"": ""EcoCharge addresses a specific pain point for campers and travelers, and its unique design offers a competitive advantage. While the market size may be limited, the product's eco-friendly and portable nature could attract a loyal customer base.""
}",8,invest,80,4,5,3,"EcoCharge addresses a specific pain point for campers and travelers, and its unique design offers a competitive advantage. While the market size may be limited, the product's eco-friendly and portable nature could attract a loyal customer base.",True
CASE_SYN_001,models/Meta-Llama-3-8B-Instruct,models/Meta-Llama-3-8B-Instruct,vllm,http://localhost:8000/v1,C1,5,3bb65d16,0.0,2026-08-28T17:38:42.026998,1,"{
  ""score"": 8,
  ""verdict"": ""invest"",
  ""confidence"": 80,
  ""rubric_scores"": {
    ""market_potential"": 4,
    ""technical_feasibility"": 5,
    ""business_viability"": 3
  },
  ""reasoning"": ""EcoCharge addresses a specific pain point for campers and travelers, and its unique design offers a competitive advantage. While the market size may be limited, the product's eco-friendly and portable nature could attract a loyal customer base.""
}",8,invest,80,4,5,3,"EcoCharge addresses a specific pain point for campers and travelers, and its unique design offers a competitive advantage. While the market size may be limited, the product's eco-friendly and portable nature could attract a loyal customer base.",True
CASE_SYN_001,models/Meta-Llama-3-8B-Instruct,models/Meta-Llama-3-8B-Instruct,vllm,http://localhost:8000/v1,C1,6,3bb65d16,0.0,2026-08-28T17:38:51.622998,1,"{
  ""score"": 8,
  ""verdict"": ""invest"",
  ""confidence"": 80,
  ""rubric_scores"": {
    ""market_potential"": 4,
    ""technical_feasibility"": 5,
    ""business_viability"": 3
  },
  ""reasoning"": ""EcoCharge addresses a specific pain point for campers and travelers, and its unique design offers a competitive advantage. While the market size may be limited, the product's eco-friendly and portable nature could attract a loyal customer base.""
}",8,invest,80,4,5,3,"EcoCharge addresses a specific pain point for campers and travelers, and its unique design offers a competitive advantage. While the market size may be limited, the product's eco-friendly and portable nature could attract a loyal customer base.",True
CASE_SYN_001,models/Meta-Llama-3-8B-Instruct,models/Meta-Llama-3-8B-Instruct,vllm,http://localhost:8000/v1,C1,7,3bb65d16,0.0,2026-08-28T17:38:54.816161,1,"{
  ""score"": 8,
  ""verdict"": ""invest"",
  ""confidence"": 80,
  ""rubric_scores"": {
    ""market_potential"": 4,
    ""technical_feasibility"": 5,
    ""business_viability"": 3
  },
  ""reasoning"": ""EcoCharge addresses a specific pain point for campers and travelers, and its unique design offers a competitive advantage. While the market size may be limited, the product's eco-friendly and portable nature could attract a loyal customer base.""
}",8,invest,80,4,5,3,"EcoCharge addresses a specific pain point for campers and travelers, and its unique design offers a competitive advantage. While the market size may be limited, the product's eco-friendly and portable nature could attract a loyal customer base.",True
CASE_SYN_001,models/Meta-Llama-3-8B-Instruct,models/Meta-Llama-3-8B-Instruct,vllm,http://localhost:8000/v1,C1,8,3bb65d16,0.0,2026-08-28T17:39:04.431113,1,"{
  ""score"": 8,
  ""verdict"": ""invest"",
  ""confidence"": 80,
  ""rubric_scores"": {
    ""market_potential"": 4,
    ""technical_feasibility"": 5,
    ""business_viability"": 3
  },
  ""reasoning"": ""EcoCharge addresses a specific pain point for campers and travelers, and its unique design offers a competitive advantage. While the market size may be limited, the product's eco-friendly and portable nature could attract a loyal customer base.""
}",8,invest,80,4,5,3,"EcoCharge addresses a specific pain point for campers and travelers, and its unique design offers a competitive advantage. While the market size may be limited, the product's eco-friendly and portable nature could attract a loyal customer base.",True
CASE_SYN_001,models/Meta-Llama-3-8B-Instruct,models/Meta-Llama-3-8B-Instruct,vllm,http://localhost:8000/v1,C1,9,3bb65d16,0.0,2026-08-28T17:39:06.770702,1,"{
  ""score"": 8,
  ""verdict"": ""invest"",
  ""confidence"": 80,
  ""rubric_scores"": {
    ""market_potential"": 4,
    ""technical_feasibility"": 5,
    ""business_viability"": 3
  },
  ""reasoning"": ""EcoCharge addresses a specific pain point for campers and travelers, and its unique design offers a competitive advantage. While the market size may be limited, the product's eco-friendly and portable nature could attract a loyal customer base.""
}",8,invest,80,4,5,3,"EcoCharge addresses a specific pain point for campers and travelers, and its unique design offers a competitive advantage. While the market size may be limited, the product's eco-friendly and portable nature could attract a loyal customer base.",True
CASE_SYN_002,models/Meta-Llama-3-8B-Instruct,models/Meta-Llama-3-8B-Instruct,vllm,http://localhost:8000/v1,C1,1,3bb65d16,0.0,2026-08-28T17:39:17.152027,1,"{
  ""score"": 8,
  ""verdict"": ""invest"",
  ""confidence"": 80,
  ""rubric_scores"": {
    ""market_potential"": 4,
    ""technical_feasibility"": 4,
    ""business_viability"": 4
  },
  ""reasoning"": ""MealMinder addresses a significant pain point in household food management, leveraging AI to provide actionable insights. With a clear value proposition and potential for scalability, I believe this idea has significant investment potential.""
}",8,invest,80,4,4,4,"MealMinder addresses a significant pain point in household food management, leveraging AI to provide actionable insights. With a clear value proposition and potential for scalability, I believe this idea has significant investment potential.",True
CASE_SYN_001,models/Meta-Llama-3-8B-Instruct,models/Meta-Llama-3-8B-Instruct,vllm,http://localhost:8000/v1,C1,10,3bb65d16,0.0,2026-08-28T17:39:14.242135,1,"{
  ""score"": 8,
  ""verdict"": ""invest"",
  ""confidence"": 80,
  ""rubric_scores"": {
    ""market_potential"": 4,
    ""technical_feasibility"": 5,
    ""business_viability"": 3
  },
  ""reasoning"": ""EcoCharge addresses a specific pain point for campers and travelers, and its unique design offers a competitive advantage. While the market size may be limited, the product's eco-friendly and portable nature could attract a loyal customer base.""
}",8,invest,80,4,5,3,"EcoCharge addresses a specific pain point for campers and travelers, and its unique design offers a competitive advantage. While the market size may be limited, the product's eco-friendly and portable nature could attract a loyal customer base.",True
CASE_SYN_002,models/Meta-Llama-3-8B-Instruct,models/Meta-Llama-3-8B-Instruct,vllm,http://localhost:8000/v1,C1,2,3bb65d16,0.0,2026-08-28T17:39:18.660685,1,"{
  ""score"": 8,
  ""verdict"": ""invest"",
  ""confidence"": 80,
  ""rubric_scores"": {
    ""market_potential"": 4,
    ""technical_feasibility"": 4,
    ""business_viability"": 4
  },
  ""reasoning"": ""MealMinder addresses a significant pain point in household food management, leveraging AI to provide actionable insights. With a clear value proposition and potential for scalability, I believe this idea has significant investment potential.""
}",8,invest,80,4,4,4,"MealMinder addresses a significant pain point in household food management, leveraging AI to provide actionable insights. With a clear value proposition and potential for scalability, I believe this idea has significant investment potential.",True
CASE_SYN_002,models/Meta-Llama-3-8B-Instruct,models/Meta-Llama-3-8B-Instruct,vllm,http://localhost:8000/v1,C1,3,3bb65d16,0.0,2026-08-28T17:39:21.859022,1,"{
  ""score"": 8,
  ""verdict"": ""invest"",
  ""confidence"": 80,
  ""rubric_scores"": {
    ""market_potential"": 4,
    ""technical_feasibility"": 4,
    ""business_viability"": 4
  },
  ""reasoning"": ""MealMinder addresses a significant pain point in household food management, leveraging AI to provide actionable insights. With a clear value proposition and potential for scalability, I believe this idea has significant investment potential.""
}",8,invest,80,4,4,4,"MealMinder addresses a significant pain point in household food management, leveraging AI to provide actionable insights. With a clear value proposition and potential for scalability, I believe this idea has significant investment potential.",True
CASE_SYN_002,models/Meta-Llama-3-8B-Instruct,models/Meta-Llama-3-8B-Instruct,vllm,http://localhost:8000/v1,C1,4,3bb65d16,0.0,2026-08-28T17:39:22.061026,1,"{
  ""score"": 8,
  ""verdict"": ""invest"",
  ""confidence"": 80,
  ""rubric_scores"": {
    ""market_potential"": 4,
    ""technical_feasibility"": 4,
    ""business_viability"": 4
  },
  ""reasoning"": ""MealMinder addresses a significant pain point in household food management, leveraging AI to provide actionable insights. With a clear value proposition and potential for scalability, I believe this idea has significant investment potential.""
}",8,invest,80,4,4,4,"MealMinder addresses a significant pain point in household food management, leveraging AI to provide actionable insights. With a clear value proposition and potential for scalability, I believe this idea has significant investment potential.",True
CASE_SYN_002,models/Meta-Llama-3-8B-Instruct,models/Meta-Llama-3-8B-Instruct,vllm,http://localhost:8000/v1,C1,5,3bb65d16,0.0,2026-08-28T17:39:32.501523,1,"{
  ""score"": 8,
  ""verdict"": ""invest"",
  ""confidence"": 80,
  ""rubric_scores"": {
    ""market_potential"": 4,
    ""technical_feasibility"": 4,
    ""business_viability"": 4
  },
  ""reasoning"": ""MealMinder addresses a significant pain point in household food management, leveraging AI to provide actionable insights. With a clear value proposition and potential for scalability, I believe this idea has significant investment potential.""
}",8,invest,80,4,4,4,"MealMinder addresses a significant pain point in household food management, leveraging AI to provide actionable insights. With a clear value proposition and potential for scalability, I believe this idea has significant investment potential.",True
CASE_SYN_002,models/Meta-Llama-3-8B-Instruct,models/Meta-Llama-3-8B-Instruct,vllm,http://localhost:8000/v1,C1,6,3bb65d16,0.0,2026-08-28T17:39:42.100017,1,"{
  ""score"": 8,
  ""verdict"": ""invest"",
  ""confidence"": 80,
  ""rubric_scores"": {
    ""market_potential"": 4,
    ""technical_feasibility"": 4,
    ""business_viability"": 4
  },
  ""reasoning"": ""MealMinder addresses a significant pain point in household food management, leveraging AI to provide actionable insights. With a clear value proposition and potential for scalability, I believe this idea has significant investment potential.""
}",8,invest,80,4,4,4,"MealMinder addresses a significant pain point in household food management, leveraging AI to provide actionable insights. With a clear value proposition and potential for scalability, I believe this idea has significant investment potential.",True
CASE_SYN_002,models/Meta-Llama-3-8B-Instruct,models/Meta-Llama-3-8B-Instruct,vllm,http://localhost:8000/v1,C1,7,3bb65d16,0.0,2026-08-28T17:39:45.725075,1,"{
  ""score"": 8,
  ""verdict"": ""invest"",
  ""confidence"": 80,
  ""rubric_scores"": {
    ""market_potential"": 4,
    ""technical_feasibility"": 4,
    ""business_viability"": 4
  },
  ""reasoning"": ""MealMinder addresses a significant pain point in household food management, leveraging AI to provide actionable insights. With a clear value proposition and potential for scalability, I believe this idea has significant investment potential.""
}",8,invest,80,4,4,4,"MealMinder addresses a significant pain point in household food management, leveraging AI to provide actionable insights. With a clear value proposition and potential for scalability, I believe this idea has significant investment potential.",True
CASE_SYN_002,models/Meta-Llama-3-8B-Instruct,models/Meta-Llama-3-8B-Instruct,vllm,http://localhost:8000/v1,C1,8,3bb65d16,0.0,2026-08-28T17:39:55.335331,1,"{
  ""score"": 8,
  ""verdict"": ""invest"",
  ""confidence"": 80,
  ""rubric_scores"": {
    ""market_potential"": 4,
    ""technical_feasibility"": 4,
    ""business_viability"": 4
  },
  ""reasoning"": ""MealMinder addresses a significant pain point in household food management, leveraging AI to provide actionable insights. With a clear value proposition and potential for scalability, I believe this idea has significant investment potential.""
}",8,invest,80,4,4,4,"MealMinder addresses a significant pain point in household food management, leveraging AI to provide actionable insights. With a clear value proposition and potential for scalability, I believe this idea has significant investment potential.",True
CASE_SYN_002,models/Meta-Llama-3-8B-Instruct,models/Meta-Llama-3-8B-Instruct,vllm,http://localhost:8000/v1,C1,9,3bb65d16,0.0,2026-08-28T17:39:58.117019,1,"{
  ""score"": 8,
  ""verdict"": ""invest"",
  ""confidence"": 80,
  ""rubric_scores"": {
    ""market_potential"": 4,
    ""technical_feasibility"": 4,
    ""business_viability"": 4
  },
  ""reasoning"": ""MealMinder addresses a significant pain point in household food management, leveraging AI to provide actionable insights. With a clear value proposition and potential for scalability, I believe this idea has significant investment potential.""
}",8,invest,80,4,4,4,"MealMinder addresses a significant pain point in household food management, leveraging AI to provide actionable insights. With a clear value proposition and potential for scalability, I believe this idea has significant investment potential.",True
CASE_SYN_002,models/Meta-Llama-3-8B-Instruct,models/Meta-Llama-3-8B-Instruct,vllm,http://localhost:8000/v1,C1,10,3bb65d16,0.0,2026-08-28T17:40:05.578987,1,"{
  ""score"": 8,
  ""verdict"": ""invest"",
  ""confidence"": 80,
  ""rubric_scores"": {
    ""market_potential"": 4,
    ""technical_feasibility"": 4,
    ""business_viability"": 4
  },
  ""reasoning"": ""MealMinder addresses a significant pain point in household food management, leveraging AI to provide actionable insights. With a clear value proposition and potential for scalability, I believe this idea has significant investment potential.""
}",8,invest,80,4,4,4,"MealMinder addresses a significant pain point in household food management, leveraging AI to provide actionable insights. With a clear value proposition and potential for scalability, I believe this idea has significant investment potential.",True
CASE_SYN_003,models/Meta-Llama-3-8B-Instruct,models/Meta-Llama-3-8B-Instruct,vllm,http://localhost:8000/v1,C1,1,3bb65d16,0.0,2026-08-28T17:40:03.779761,1,"{
  ""score"": 8,
  ""verdict"": ""invest"",
  ""confidence"": 80,
  ""rubric_scores"": {
    ""market_potential"": 4,
    ""technical_feasibility"": 4,
    ""business_viability"": 3
  },
  ""reasoning"": ""PedalPulse addresses a significant safety concern for urban cyclists, and the integrated turn signals and brake lights offer a unique value proposition. While there may be some technical and regulatory hurdles to overcome, the potential market size and growth opportunities are substantial.""
}",8,invest,80,4,4,3,"PedalPulse addresses a significant safety concern for urban cyclists, and the integrated turn signals and brake lights offer a unique value proposition. While there may be some technical and regulatory hurdles to overcome, the potential market size and growth opportunities are substantial.",True
CASE_SYN_003,models/Meta-Llama-3-8B-Instruct,models/Meta-Llama-3-8B-Instruct,vllm,http://localhost:8000/v1,C1,2,3bb65d16,0.0,2026-08-28T17:40:05.283769,1,"{
  ""score"": 8,
  ""verdict"": ""invest"",
  ""confidence"": 80,
  ""rubric_scores"": {
    ""market_potential"": 4,
    ""technical_feasibility"": 4,
    ""business_viability"": 3
  },
  ""reasoning"": ""PedalPulse addresses a significant safety concern for urban cyclists, and the integrated turn signals and brake lights offer a unique value proposition. While there may be some technical and regulatory hurdles to overcome, the potential market size and growth opportunities are substantial.""
}",8,invest,80,4,4,3,"PedalPulse addresses a significant safety concern for urban cyclists, and the integrated turn signals and brake lights offer a unique value proposition. While there may be some technical and regulatory hurdles to overcome, the potential market size and growth opportunities are substantial.",True
CASE_SYN_003,models/Meta-Llama-3-8B-Instruct,models/Meta-Llama-3-8B-Instruct,vllm,http://localhost:8000/v1,C1,3,3bb65d16,0.0,2026-08-28T17:40:08.911016,1,"{
  ""score"": 8,
  ""verdict"": ""invest"",
  ""confidence"": 80,
  ""rubric_scores"": {
    ""market_potential"": 4,
    ""technical_feasibility"": 4,
    ""business_viability"": 3
  },
  ""reasoning"": ""PedalPulse addresses a significant safety concern for urban cyclists, and the integrated turn signals and brake lights offer a unique value proposition. While there may be some technical and regulatory hurdles to overcome, the potential market size and growth opportunities are substantial.""
}",8,invest,80,4,4,3,"PedalPulse addresses a significant safety concern for urban cyclists, and the integrated turn signals and brake lights offer a unique value proposition. While there may be some technical and regulatory hurdles to overcome, the potential market size and growth opportunities are substantial.",True
CASE_SYN_003,models/Meta-Llama-3-8B-Instruct,models/Meta-Llama-3-8B-Instruct,vllm,http://localhost:8000/v1,C1,4,3bb65d16,0.0,2026-08-28T17:40:09.116796,1,"{
  ""score"": 8,
  ""verdict"": ""invest"",
  ""confidence"": 80,
  ""rubric_scores"": {
    ""market_potential"": 4,
    ""technical_feasibility"": 4,
    ""business_viability"": 3
  },
  ""reasoning"": ""PedalPulse addresses a significant safety concern for urban cyclists, and the integrated turn signals and brake lights offer a unique value proposition. While there may be some technical and regulatory hurdles to overcome, the potential market size and growth opportunities are substantial.""
}",8,invest,80,4,4,3,"PedalPulse addresses a significant safety concern for urban cyclists, and the integrated turn signals and brake lights offer a unique value proposition. While there may be some technical and regulatory hurdles to overcome, the potential market size and growth opportunities are substantial.",True
CASE_SYN_003,models/Meta-Llama-3-8B-Instruct,models/Meta-Llama-3-8B-Instruct,vllm,http://localhost:8000/v1,C1,5,3bb65d16,0.0,2026-08-28T17:40:19.975815,1,"{
  ""score"": 8,
  ""verdict"": ""invest"",
  ""confidence"": 80,
  ""rubric_scores"": {
    ""market_potential"": 4,
    ""technical_feasibility"": 4,
    ""business_viability"": 3
  },
  ""reasoning"": ""PedalPulse addresses a significant safety concern for urban cyclists, and the integrated turn signals and brake lights offer a unique value proposition. While there may be some technical and regulatory hurdles to overcome, the potential market size and growth opportunities are substantial.""
}",8,invest,80,4,4,3,"PedalPulse addresses a significant safety concern for urban cyclists, and the integrated turn signals and brake lights offer a unique value proposition. While there may be some technical and regulatory hurdles to overcome, the potential market size and growth opportunities are substantial.",True
CASE_SYN_003,models/Meta-Llama-3-8B-Instruct,models/Meta-Llama-3-8B-Instruct,vllm,http://localhost:8000/v1,C1,6,3bb65d16,0.0,2026-08-28T17:40:29.569287,1,"{
  ""score"": 8,
  ""verdict"": ""invest"",
  ""confidence"": 80,
  ""rubric_scores"": {
    ""market_potential"": 4,
    ""technical_feasibility"": 4,
    ""business_viability"": 3
  },
  ""reasoning"": ""PedalPulse addresses a significant safety concern for urban cyclists, and the integrated turn signals and brake lights offer a unique value proposition. While there may be some technical and regulatory hurdles to overcome, the potential market size and growth opportunities are substantial.""
}",8,invest,80,4,4,3,"PedalPulse addresses a significant safety concern for urban cyclists, and the integrated turn signals and brake lights offer a unique value proposition. While there may be some technical and regulatory hurdles to overcome, the potential market size and growth opportunities are substantial.",True
CASE_SYN_003,models/Meta-Llama-3-8B-Instruct,models/Meta-Llama-3-8B-Instruct,vllm,http://localhost:8000/v1,C1,7,3bb65d16,0.0,2026-08-28T17:40:33.615301,1,"{
  ""score"": 8,
  ""verdict"": ""invest"",
  ""confidence"": 80,
  ""rubric_scores"": {
    ""market_potential"": 4,
    ""technical_feasibility"": 4,
    ""business_viability"": 3
  },
  ""reasoning"": ""PedalPulse addresses a significant safety concern for urban cyclists, and the integrated turn signals and brake lights offer a unique value proposition. While there may be some technical and regulatory hurdles to overcome, the potential market size and growth opportunities are substantial.""
}",8,invest,80,4,4,3,"PedalPulse addresses a significant safety concern for urban cyclists, and the integrated turn signals and brake lights offer a unique value proposition. While there may be some technical and regulatory hurdles to overcome, the potential market size and growth opportunities are substantial.",True
CASE_SYN_003,models/Meta-Llama-3-8B-Instruct,models/Meta-Llama-3-8B-Instruct,vllm,http://localhost:8000/v1,C1,8,3bb65d16,0.0,2026-08-28T17:40:43.220199,1,"{
  ""score"": 8,
  ""verdict"": ""invest"",
  ""confidence"": 80,
  ""rubric_scores"": {
    ""market_potential"": 4,
    ""technical_feasibility"": 4,
    ""business_viability"": 3
  },
  ""reasoning"": ""PedalPulse addresses a significant safety concern for urban cyclists, and the integrated turn signals and brake lights offer a unique value proposition. While there may be some technical and regulatory hurdles to overcome, the potential market size and growth opportunities are substantial.""
}",8,invest,80,4,4,3,"PedalPulse addresses a significant safety concern for urban cyclists, and the integrated turn signals and brake lights offer a unique value proposition. While there may be some technical and regulatory hurdles to overcome, the potential market size and growth opportunities are substantial.",True
CASE_SYN_003,models/Meta-Llama-3-8B-Instruct,models/Meta-Llama-3-8B-Instruct,vllm,http://localhost:8000/v1,C1,9,3bb65d16,0.0,2026-08-28T17:40:46.414023,1,"{
  ""score"": 8,
  ""verdict"": ""invest"",
  ""confidence"": 80,
  ""rubric_scores"": {
    ""market_potential"": 4,
    ""technical_feasibility"": 4,
    ""business_viability"": 3
  },
  ""reasoning"": ""PedalPulse addresses a significant safety concern for urban cyclists, and the integrated turn signals and brake lights offer a unique value proposition. While there may be some technical and regulatory hurdles to overcome, the potential market size and growth opportunities are substantial.""
}",8,invest,80,4,4,3,"PedalPulse addresses a significant safety concern for urban cyclists, and the integrated turn signals and brake lights offer a unique value proposition. While there may be some technical and regulatory hurdles to overcome, the potential market size and growth opportunities are substantial.",True
CASE_SYN_003,models/Meta-Llama-3-8B-Instruct,models/Meta-Llama-3-8B-Instruct,vllm,http://localhost:8000/v1,C1,10,3bb65d16,0.0,2026-08-28T17:40:53.872491,1,"{
  ""score"": 8,
  ""verdict"": ""invest"",
  ""confidence"": 80,
  ""rubric_scores"": {
    ""market_potential"": 4,
    ""technical_feasibility"": 4,
    ""business_viability"": 3
  },
  ""reasoning"": ""PedalPulse addresses a significant safety concern for urban cyclists, and the integrated turn signals and brake lights offer a unique value proposition. While there may be some technical and regulatory hurdles to overcome, the potential market size and growth opportunities are substantial.""
}",8,invest,80,4,4,3,"PedalPulse addresses a significant safety concern for urban cyclists, and the integrated turn signals and brake lights offer a unique value proposition. While there may be some technical and regulatory hurdles to overcome, the potential market size and growth opportunities are substantial.",True
CASE_SYN_004,models/Meta-Llama-3-8B-Instruct,models/Meta-Llama-3-8B-Instruct,vllm,http://localhost:8000/v1,C1,1,3bb65d16,0.0,2026-08-28T17:40:54.633182,1,"{
  ""score"": 7,
  ""verdict"": ""invest"",
  ""confidence"": 80,
  ""rubric_scores"": {
    ""market_potential"": 4,
    ""technical_feasibility"": 4,
    ""business_viability"": 3
  },
  ""reasoning"": ""I'm investing in StudySync because it addresses a clear pain point in the education space, and its collaborative features have the potential to drive engagement and learning outcomes. However, I'd like to see more clarity on the target market and competitive landscape.""
}",7,invest,80,4,4,3,"I'm investing in StudySync because it addresses a clear pain point in the education space, and its collaborative features have the potential to drive engagement and learning outcomes. However, I'd like to see more clarity on the target market and competitive landscape.",True
CASE_SYN_004,models/Meta-Llama-3-8B-Instruct,models/Meta-Llama-3-8B-Instruct,vllm,http://localhost:8000/v1,C1,2,3bb65d16,0.0,2026-08-28T17:40:56.141418,1,"{
  ""score"": 7,
  ""verdict"": ""invest"",
  ""confidence"": 80,
  ""rubric_scores"": {
    ""market_potential"": 4,
    ""technical_feasibility"": 4,
    ""business_viability"": 3
  },
  ""reasoning"": ""I'm investing in StudySync because it addresses a clear pain point in the education space, and its collaborative features have the potential to drive engagement and learning outcomes. However, I'd like to see more clarity on the target market and competitive landscape.""
}",7,invest,80,4,4,3,"I'm investing in StudySync because it addresses a clear pain point in the education space, and its collaborative features have the potential to drive engagement and learning outcomes. However, I'd like to see more clarity on the target market and competitive landscape.",True
CASE_SYN_004,models/Meta-Llama-3-8B-Instruct,models/Meta-Llama-3-8B-Instruct,vllm,http://localhost:8000/v1,C1,3,3bb65d16,0.0,2026-08-28T17:41:00.191020,1,"{
  ""score"": 7,
  ""verdict"": ""invest"",
  ""confidence"": 80,
  ""rubric_scores"": {
    ""market_potential"": 4,
    ""technical_feasibility"": 4,
    ""business_viability"": 3
  },
  ""reasoning"": ""I'm investing in StudySync because it addresses a clear pain point in the education space, and its collaborative features have the potential to drive engagement and learning outcomes. However, I'd like to see more clarity on the target market and competitive landscape.""
}",7,invest,80,4,4,3,"I'm investing in StudySync because it addresses a clear pain point in the education space, and its collaborative features have the potential to drive engagement and learning outcomes. However, I'd like to see more clarity on the target market and competitive landscape.",True
CASE_SYN_004,models/Meta-Llama-3-8B-Instruct,models/Meta-Llama-3-8B-Instruct,vllm,http://localhost:8000/v1,C1,4,3bb65d16,0.0,2026-08-28T17:41:00.392860,1,"{
  ""score"": 7,
  ""verdict"": ""invest"",
  ""confidence"": 80,
  ""rubric_scores"": {
    ""market_potential"": 4,
    ""technical_feasibility"": 4,
    ""business_viability"": 3
  },
  ""reasoning"": ""I'm investing in StudySync because it addresses a clear pain point in the education space, and its collaborative features have the potential to drive engagement and learning outcomes. However, I'd like to see more clarity on the target market and competitive landscape.""
}",7,invest,80,4,4,3,"I'm investing in StudySync because it addresses a clear pain point in the education space, and its collaborative features have the potential to drive engagement and learning outcomes. However, I'd like to see more clarity on the target market and competitive landscape.",True
CASE_SYN_004,models/Meta-Llama-3-8B-Instruct,models/Meta-Llama-3-8B-Instruct,vllm,http://localhost:8000/v1,C1,5,3bb65d16,0.0,2026-08-28T17:41:11.701304,1,"{
  ""score"": 7,
  ""verdict"": ""invest"",
  ""confidence"": 80,
  ""rubric_scores"": {
    ""market_potential"": 4,
    ""technical_feasibility"": 4,
    ""business_viability"": 3
  },
  ""reasoning"": ""I'm investing in StudySync because it addresses a clear pain point in the education space, and its collaborative features have the potential to drive engagement and learning outcomes. However, I'd like to see more clarity on the target market and competitive landscape.""
}",7,invest,80,4,4,3,"I'm investing in StudySync because it addresses a clear pain point in the education space, and its collaborative features have the potential to drive engagement and learning outcomes. However, I'd like to see more clarity on the target market and competitive landscape.",True
CASE_SYN_004,models/Meta-Llama-3-8B-Instruct,models/Meta-Llama-3-8B-Instruct,vllm,http://localhost:8000/v1,C1,6,3bb65d16,0.0,2026-08-28T17:41:21.307992,1,"{
  ""score"": 7,
  ""verdict"": ""invest"",
  ""confidence"": 80,
  ""rubric_scores"": {
    ""market_potential"": 4,
    ""technical_feasibility"": 4,
    ""business_viability"": 3
  },
  ""reasoning"": ""I'm investing in StudySync because it addresses a clear pain point in the education space, and its collaborative features have the potential to drive engagement and learning outcomes. However, I'd like to see more clarity on the target market and competitive landscape.""
}",7,invest,80,4,4,3,"I'm investing in StudySync because it addresses a clear pain point in the education space, and its collaborative features have the potential to drive engagement and learning outcomes. However, I'd like to see more clarity on the target market and competitive landscape.",True
CASE_SYN_004,models/Meta-Llama-3-8B-Instruct,models/Meta-Llama-3-8B-Instruct,vllm,http://localhost:8000/v1,C1,7,3bb65d16,0.0,2026-08-28T17:41:25.784192,1,"{
  ""score"": 7,
  ""verdict"": ""invest"",
  ""confidence"": 80,
  ""rubric_scores"": {
    ""market_potential"": 4,
    ""technical_feasibility"": 4,
    ""business_viability"": 3
  },
  ""reasoning"": ""I'm investing in StudySync because it addresses a clear pain point in the education space, and its collaborative features have the potential to drive engagement and learning outcomes. However, I'd like to see more clarity on the target market and competitive landscape.""
}",7,invest,80,4,4,3,"I'm investing in StudySync because it addresses a clear pain point in the education space, and its collaborative features have the potential to drive engagement and learning outcomes. However, I'd like to see more clarity on the target market and competitive landscape.",True
CASE_SYN_004,models/Meta-Llama-3-8B-Instruct,models/Meta-Llama-3-8B-Instruct,vllm,http://localhost:8000/v1,C1,8,3bb65d16,0.0,2026-08-28T17:41:35.391015,1,"{
  ""score"": 7,
  ""verdict"": ""invest"",
  ""confidence"": 80,
  ""rubric_scores"": {
    ""market_potential"": 4,
    ""technical_feasibility"": 4,
    ""business_viability"": 3
  },
  ""reasoning"": ""I'm investing in StudySync because it addresses a clear pain point in the education space, and its collaborative features have the potential to drive engagement and learning outcomes. However, I'd like to see more clarity on the target market and competitive landscape.""
}",7,invest,80,4,4,3,"I'm investing in StudySync because it addresses a clear pain point in the education space, and its collaborative features have the potential to drive engagement and learning outcomes. However, I'd like to see more clarity on the target market and competitive landscape.",True
CASE_SYN_004,models/Meta-Llama-3-8B-Instruct,models/Meta-Llama-3-8B-Instruct,vllm,http://localhost:8000/v1,C1,9,3bb65d16,0.0,2026-08-28T17:41:39.007005,1,"{
  ""score"": 7,
  ""verdict"": ""invest"",
  ""confidence"": 80,
  ""rubric_scores"": {
    ""market_potential"": 4,
    ""technical_feasibility"": 4,
    ""business_viability"": 3
  },
  ""reasoning"": ""I'm investing in StudySync because it addresses a clear pain point in the education space, and its collaborative features have the potential to drive engagement and learning outcomes. However, I'd like to see more clarity on the target market and competitive landscape.""
}",7,invest,80,4,4,3,"I'm investing in StudySync because it addresses a clear pain point in the education space, and its collaborative features have the potential to drive engagement and learning outcomes. However, I'd like to see more clarity on the target market and competitive landscape.",True
CASE_SYN_005,models/Meta-Llama-3-8B-Instruct,models/Meta-Llama-3-8B-Instruct,vllm,http://localhost:8000/v1,C1,1,3bb65d16,0.0,2026-08-28T17:41:45.534639,1,"{
  ""score"": 8,
  ""verdict"": ""invest"",
  ""confidence"": 80,
  ""rubric_scores"": {
    ""market_potential"": 4,
    ""technical_feasibility"": 5,
    ""business_viability"": 3
  },
  ""reasoning"": ""The idea has strong market potential, as hikers and travelers are willing to pay a premium for safe drinking water. While there are some technical feasibility concerns, the UV-C LED technology is proven and the product's simplicity is an advantage.""
}",8,invest,80,4,5,3,"The idea has strong market potential, as hikers and travelers are willing to pay a premium for safe drinking water. While there are some technical feasibility concerns, the UV-C LED technology is proven and the product's simplicity is an advantage.",True
CASE_SYN_005,models/Meta-Llama-3-8B-Instruct,models/Meta-Llama-3-8B-Instruct,vllm,http://localhost:8000/v1,C1,2,3bb65d16,0.0,2026-08-28T17:41:47.041985,1,"{
  ""score"": 8,
  ""verdict"": ""invest"",
  ""confidence"": 80,
  ""rubric_scores"": {
    ""market_potential"": 4,
    ""technical_feasibility"": 5,
    ""business_viability"": 3
  },
  ""reasoning"": ""The idea has strong market potential, as hikers and travelers are willing to pay a premium for safe drinking water. While there are some technical feasibility concerns, the UV-C LED technology is proven and the product's simplicity is an advantage.""
}",8,invest,80,4,5,3,"The idea has strong market potential, as hikers and travelers are willing to pay a premium for safe drinking water. While there are some technical feasibility concerns, the UV-C LED technology is proven and the product's simplicity is an advantage.",True
CASE_SYN_004,models/Meta-Llama-3-8B-Instruct,models/Meta-Llama-3-8B-Instruct,vllm,http://localhost:8000/v1,C1,10,3bb65d16,0.0,2026-08-28T17:41:46.486041,1,"{
  ""score"": 7,
  ""verdict"": ""invest"",
  ""confidence"": 80,
  ""rubric_scores"": {
    ""market_potential"": 4,
    ""technical_feasibility"": 4,
    ""business_viability"": 3
  },
  ""reasoning"": ""I'm investing in StudySync because it addresses a clear pain point in the education space, and its collaborative features have the potential to drive engagement and learning outcomes. However, I'd like to see more clarity on the target market and competitive landscape.""
}",7,invest,80,4,4,3,"I'm investing in StudySync because it addresses a clear pain point in the education space, and its collaborative features have the potential to drive engagement and learning outcomes. However, I'd like to see more clarity on the target market and competitive landscape.",True
CASE_SYN_005,models/Meta-Llama-3-8B-Instruct,models/Meta-Llama-3-8B-Instruct,vllm,http://localhost:8000/v1,C1,3,3bb65d16,0.0,2026-08-28T17:41:51.523803,1,"{
  ""score"": 8,
  ""verdict"": ""invest"",
  ""confidence"": 80,
  ""rubric_scores"": {
    ""market_potential"": 4,
    ""technical_feasibility"": 5,
    ""business_viability"": 3
  },
  ""reasoning"": ""The idea has strong market potential, as hikers and travelers are willing to pay a premium for safe drinking water. While there are some technical feasibility concerns, the UV-C LED technology is proven and the product's simplicity is an advantage.""
}",8,invest,80,4,5,3,"The idea has strong market potential, as hikers and travelers are willing to pay a premium for safe drinking water. While there are some technical feasibility concerns, the UV-C LED technology is proven and the product's simplicity is an advantage.",True
CASE_SYN_005,models/Meta-Llama-3-8B-Instruct,models/Meta-Llama-3-8B-Instruct,vllm,http://localhost:8000/v1,C1,4,3bb65d16,0.0,2026-08-28T17:41:51.724964,1,"{
  ""score"": 8,
  ""verdict"": ""invest"",
  ""confidence"": 80,
  ""rubric_scores"": {
    ""market_potential"": 4,
    ""technical_feasibility"": 5,
    ""business_viability"": 3
  },
  ""reasoning"": ""The idea has strong market potential, as hikers and travelers are willing to pay a premium for safe drinking water. While there are some technical feasibility concerns, the UV-C LED technology is proven and the product's simplicity is an advantage.""
}",8,invest,80,4,5,3,"The idea has strong market potential, as hikers and travelers are willing to pay a premium for safe drinking water. While there are some technical feasibility concerns, the UV-C LED technology is proven and the product's simplicity is an advantage.",True
CASE_SYN_005,models/Meta-Llama-3-8B-Instruct,models/Meta-Llama-3-8B-Instruct,vllm,http://localhost:8000/v1,C1,5,3bb65d16,0.0,2026-08-28T17:42:03.453998,1,"{
  ""score"": 8,
  ""verdict"": ""invest"",
  ""confidence"": 80,
  ""rubric_scores"": {
    ""market_potential"": 4,
    ""technical_feasibility"": 5,
    ""business_viability"": 3
  },
  ""reasoning"": ""The idea has strong market potential, as hikers and travelers are willing to pay a premium for safe drinking water. While there are some technical feasibility concerns, the UV-C LED technology is proven and the product's simplicity is an advantage.""
}",8,invest,80,4,5,3,"The idea has strong market potential, as hikers and travelers are willing to pay a premium for safe drinking water. While there are some technical feasibility concerns, the UV-C LED technology is proven and the product's simplicity is an advantage.",True
CASE_SYN_005,models/Meta-Llama-3-8B-Instruct,models/Meta-Llama-3-8B-Instruct,vllm,http://localhost:8000/v1,C1,6,3bb65d16,0.0,2026-08-28T17:42:13.062030,1,"{
  ""score"": 8,
  ""verdict"": ""invest"",
  ""confidence"": 80,
  ""rubric_scores"": {
    ""market_potential"": 4,
    ""technical_feasibility"": 5,
    ""business_viability"": 3
  },
  ""reasoning"": ""The idea has strong market potential, as hikers and travelers are willing to pay a premium for convenience and safety. While there are some technical feasibility concerns, the UV-C LED technology is proven and the product's simplicity is an advantage.""
}",8,invest,80,4,5,3,"The idea has strong market potential, as hikers and travelers are willing to pay a premium for convenience and safety. While there are some technical feasibility concerns, the UV-C LED technology is proven and the product's simplicity is an advantage.",True
CASE_SYN_005,models/Meta-Llama-3-8B-Instruct,models/Meta-Llama-3-8B-Instruct,vllm,http://localhost:8000/v1,C1,7,3bb65d16,0.0,2026-08-28T17:42:17.982003,1,"{
  ""score"": 8,
  ""verdict"": ""invest"",
  ""confidence"": 80,
  ""rubric_scores"": {
    ""market_potential"": 4,
    ""technical_feasibility"": 5,
    ""business_viability"": 3
  },
  ""reasoning"": ""The idea has strong market potential, as hikers and travelers are willing to pay a premium for safe drinking water. While there are some technical feasibility concerns, the UV-C LED technology is proven and the product's simplicity is an advantage.""
}",8,invest,80,4,5,3,"The idea has strong market potential, as hikers and travelers are willing to pay a premium for safe drinking water. While there are some technical feasibility concerns, the UV-C LED technology is proven and the product's simplicity is an advantage.",True
CASE_SYN_005,models/Meta-Llama-3-8B-Instruct,models/Meta-Llama-3-8B-Instruct,vllm,http://localhost:8000/v1,C1,8,3bb65d16,0.0,2026-08-28T17:42:27.613011,1,"{
  ""score"": 8,
  ""verdict"": ""invest"",
  ""confidence"": 80,
  ""rubric_scores"": {
    ""market_potential"": 4,
    ""technical_feasibility"": 5,
    ""business_viability"": 3
  },
  ""reasoning"": ""The idea has strong market potential, as hikers and travelers are willing to pay a premium for safe drinking water. While there are some technical feasibility concerns, the UV-C LED technology is proven and the product's simplicity is an advantage.""
}",8,invest,80,4,5,3,"The idea has strong market potential, as hikers and travelers are willing to pay a premium for safe drinking water. While there are some technical feasibility concerns, the UV-C LED technology is proven and the product's simplicity is an advantage.",True
CASE_SYN_005,models/Meta-Llama-3-8B-Instruct,models/Meta-Llama-3-8B-Instruct,vllm,http://localhost:8000/v1,C1,9,3bb65d16,0.0,2026-08-28T17:42:31.671989,1,"{
  ""score"": 8,
  ""verdict"": ""invest"",
  ""confidence"": 80,
  ""rubric_scores"": {
    ""market_potential"": 4,
    ""technical_feasibility"": 5,
    ""business_viability"": 3
  },
  ""reasoning"": ""The idea has strong market potential, as hikers and travelers are willing to pay a premium for safe drinking water. While there are some technical feasibility concerns, the UV-C LED technology is proven and the product's simplicity is an advantage.""
}",8,invest,80,4,5,3,"The idea has strong market potential, as hikers and travelers are willing to pay a premium for safe drinking water. While there are some technical feasibility concerns, the UV-C LED technology is proven and the product's simplicity is an advantage.",True
CASE_SYN_006,models/Meta-Llama-3-8B-Instruct,models/Meta-Llama-3-8B-Instruct,vllm,http://localhost:8000/v1,C1,2,3bb65d16,0.0,2026-08-28T17:42:37.551340,1,"{
  ""score"": 6,
  ""verdict"": ""pass"",
  ""confidence"": 80,
  ""rubric_scores"": {
    ""market_potential"": 4,
    ""technical_feasibility"": 3,
    ""business_viability"": 2
  },
  ""reasoning"": ""While the idea has some novelty and potential for entertainment value, I'm concerned about the market size and monetization strategy. The technical feasibility is promising, but the business viability is uncertain without a clear plan for revenue generation.""
}",6,pass,80,4,3,2,"While the idea has some novelty and potential for entertainment value, I'm concerned about the market size and monetization strategy. The technical feasibility is promising, but the business viability is uncertain without a clear plan for revenue generation.",True
CASE_SYN_006,models/Meta-Llama-3-8B-Instruct,models/Meta-Llama-3-8B-Instruct,vllm,http://localhost:8000/v1,C1,1,3bb65d16,0.0,2026-08-28T17:42:36.926376,1,"{
  ""score"": 6,
  ""verdict"": ""pass"",
  ""confidence"": 80,
  ""rubric_scores"": {
    ""market_potential"": 4,
    ""technical_feasibility"": 3,
    ""business_viability"": 2
  },
  ""reasoning"": ""While the idea has some novelty and potential for entertainment value, I'm concerned about the market size and monetization strategy. The technical feasibility is promising, but the business viability is uncertain without a clear target audience and revenue streams.""
}",6,pass,80,4,3,2,"While the idea has some novelty and potential for entertainment value, I'm concerned about the market size and monetization strategy. The technical feasibility is promising, but the business viability is uncertain without a clear target audience and revenue streams.",True
CASE_SYN_005,models/Meta-Llama-3-8B-Instruct,models/Meta-Llama-3-8B-Instruct,vllm,http://localhost:8000/v1,C1,10,3bb65d16,0.0,2026-08-28T17:42:37.443294,1,"{
  ""score"": 8,
  ""verdict"": ""invest"",
  ""confidence"": 80,
  ""rubric_scores"": {
    ""market_potential"": 4,
    ""technical_feasibility"": 5,
    ""business_viability"": 3
  },
  ""reasoning"": ""The idea has strong market potential, as hikers and travelers are willing to pay a premium for safe drinking water. While there are some technical feasibility concerns, the UV-C LED technology is proven and the product's simplicity is an advantage.""
}",8,invest,80,4,5,3,"The idea has strong market potential, as hikers and travelers are willing to pay a premium for safe drinking water. While there are some technical feasibility concerns, the UV-C LED technology is proven and the product's simplicity is an advantage.",True
CASE_SYN_006,models/Meta-Llama-3-8B-Instruct,models/Meta-Llama-3-8B-Instruct,vllm,http://localhost:8000/v1,C1,3,3bb65d16,0.0,2026-08-28T17:42:42.066038,1,"{
  ""score"": 6,
  ""verdict"": ""pass"",
  ""confidence"": 80,
  ""rubric_scores"": {
    ""market_potential"": 4,
    ""technical_feasibility"": 3,
    ""business_viability"": 2
  },
  ""reasoning"": ""While the idea has some novelty and potential for entertainment value, I'm concerned about the market size and monetization strategy. The technical feasibility is promising, but the business viability is uncertain without a clear target audience and revenue streams.""
}",6,pass,80,4,3,2,"While the idea has some novelty and potential for entertainment value, I'm concerned about the market size and monetization strategy. The technical feasibility is promising, but the business viability is uncertain without a clear target audience and revenue streams.",True
CASE_SYN_006,models/Meta-Llama-3-8B-Instruct,models/Meta-Llama-3-8B-Instruct,vllm,http://localhost:8000/v1,C1,4,3bb65d16,0.0,2026-08-28T17:42:42.268571,1,"{
  ""score"": 6,
  ""verdict"": ""pass"",
  ""confidence"": 80,
  ""rubric_scores"": {
    ""market_potential"": 4,
    ""technical_feasibility"": 3,
    ""business_viability"": 2
  },
  ""reasoning"": ""While the idea has some novelty and potential for entertainment value, I'm concerned about the market size and monetization strategy. The technical feasibility is promising, but the business viability is uncertain without a clear target audience and revenue streams.""
}",6,pass,80,4,3,2,"While the idea has some novelty and potential for entertainment value, I'm concerned about the market size and monetization strategy. The technical feasibility is promising, but the business viability is uncertain without a clear target audience and revenue streams.",True
CASE_SYN_006,models/Meta-Llama-3-8B-Instruct,models/Meta-Llama-3-8B-Instruct,vllm,http://localhost:8000/v1,C1,5,3bb65d16,0.0,2026-08-28T17:42:54.428038,1,"{
  ""score"": 6,
  ""verdict"": ""pass"",
  ""confidence"": 80,
  ""rubric_scores"": {
    ""market_potential"": 4,
    ""technical_feasibility"": 3,
    ""business_viability"": 2
  },
  ""reasoning"": ""While the idea has some novelty and potential for entertainment value, I'm concerned about the market size and monetization strategy. The technical feasibility is promising, but the business viability is uncertain without a clear plan for revenue generation.""
}",6,pass,80,4,3,2,"While the idea has some novelty and potential for entertainment value, I'm concerned about the market size and monetization strategy. The technical feasibility is promising, but the business viability is uncertain without a clear plan for revenue generation.",True
CASE_SYN_006,models/Meta-Llama-3-8B-Instruct,models/Meta-Llama-3-8B-Instruct,vllm,http://localhost:8000/v1,C1,6,3bb65d16,0.0,2026-08-28T17:43:04.039996,1,"{
  ""score"": 6,
  ""verdict"": ""pass"",
  ""confidence"": 80,
  ""rubric_scores"": {
    ""market_potential"": 4,
    ""technical_feasibility"": 3,
    ""business_viability"": 2
  },
  ""reasoning"": ""While the idea has some novelty and potential for entertainment value, I'm concerned about the market size and monetization strategy. The technical feasibility is promising, but the business viability is uncertain without a clear target audience and revenue streams.""
}",6,pass,80,4,3,2,"While the idea has some novelty and potential for entertainment value, I'm concerned about the market size and monetization strategy. The technical feasibility is promising, but the business viability is uncertain without a clear target audience and revenue streams.",True
CASE_SYN_006,models/Meta-Llama-3-8B-Instruct,models/Meta-Llama-3-8B-Instruct,vllm,http://localhost:8000/v1,C1,7,3bb65d16,0.0,2026-08-28T17:43:09.371026,1,"{
  ""score"": 6,
  ""verdict"": ""pass"",
  ""confidence"": 80,
  ""rubric_scores"": {
    ""market_potential"": 4,
    ""technical_feasibility"": 3,
    ""business_viability"": 2
  },
  ""reasoning"": ""While the idea has some novelty and potential for entertainment value, I'm concerned about the market size and monetization strategy. The technical feasibility is promising, but the business viability is uncertain without a clear plan for revenue generation.""
}",6,pass,80,4,3,2,"While the idea has some novelty and potential for entertainment value, I'm concerned about the market size and monetization strategy. The technical feasibility is promising, but the business viability is uncertain without a clear plan for revenue generation.",True
CASE_SYN_006,models/Meta-Llama-3-8B-Instruct,models/Meta-Llama-3-8B-Instruct,vllm,http://localhost:8000/v1,C1,8,3bb65d16,0.0,2026-08-28T17:43:18.982999,1,"{
  ""score"": 6,
  ""verdict"": ""pass"",
  ""confidence"": 80,
  ""rubric_scores"": {
    ""market_potential"": 4,
    ""technical_feasibility"": 3,
    ""business_viability"": 2
  },
  ""reasoning"": ""While the idea has some novelty and potential for entertainment value, I'm concerned about the market size and monetization strategy. The technical feasibility is promising, but the business viability is uncertain without a clear plan for revenue generation.""
}",6,pass,80,4,3,2,"While the idea has some novelty and potential for entertainment value, I'm concerned about the market size and monetization strategy. The technical feasibility is promising, but the business viability is uncertain without a clear plan for revenue generation.",True
CASE_SYN_006,models/Meta-Llama-3-8B-Instruct,models/Meta-Llama-3-8B-Instruct,vllm,http://localhost:8000/v1,C1,9,3bb65d16,0.0,2026-08-28T17:43:23.466599,1,"{
  ""score"": 6,
  ""verdict"": ""pass"",
  ""confidence"": 80,
  ""rubric_scores"": {
    ""market_potential"": 4,
    ""technical_feasibility"": 3,
    ""business_viability"": 2
  },
  ""reasoning"": ""While the idea has some novelty and potential for entertainment value, I'm concerned about the market size and monetization strategy. The technical feasibility is promising, but the business viability is uncertain without a clear plan for revenue generation.""
}",6,pass,80,4,3,2,"While the idea has some novelty and potential for entertainment value, I'm concerned about the market size and monetization strategy. The technical feasibility is promising, but the business viability is uncertain without a clear plan for revenue generation.",True
CASE_SYN_007,models/Meta-Llama-3-8B-Instruct,models/Meta-Llama-3-8B-Instruct,vllm,http://localhost:8000/v1,C1,1,3bb65d16,0.0,2026-08-28T17:43:26.147357,1,"{
  ""score"": 7,
  ""verdict"": ""invest"",
  ""confidence"": 80,
  ""rubric_scores"": {
    ""market_potential"": 4,
    ""technical_feasibility"": 4,
    ""business_viability"": 3
  },
  ""reasoning"": ""While the idea is not revolutionary, it addresses a specific pain point for plant enthusiasts and small-scale farmers, and the technical feasibility seems relatively straightforward. With some refinement, I believe GardenGuard has the potential to become a successful niche product.""
}",7,invest,80,4,4,3,"While the idea is not revolutionary, it addresses a specific pain point for plant enthusiasts and small-scale farmers, and the technical feasibility seems relatively straightforward. With some refinement, I believe GardenGuard has the potential to become a successful niche product.",True
CASE_SYN_006,models/Meta-Llama-3-8B-Instruct,models/Meta-Llama-3-8B-Instruct,vllm,http://localhost:8000/v1,C1,10,3bb65d16,0.0,2026-08-28T17:43:27.946996,1,"{
  ""score"": 6,
  ""verdict"": ""pass"",
  ""confidence"": 80,
  ""rubric_scores"": {
    ""market_potential"": 4,
    ""technical_feasibility"": 3,
    ""business_viability"": 2
  },
  ""reasoning"": ""While the idea has some novelty and potential for entertainment value, I'm concerned about the market size and monetization strategy. The technical feasibility is promising, but the business viability is uncertain without a clear plan for revenue generation.""
}",6,pass,80,4,3,2,"While the idea has some novelty and potential for entertainment value, I'm concerned about the market size and monetization strategy. The technical feasibility is promising, but the business viability is uncertain without a clear plan for revenue generation.",True
CASE_SYN_007,models/Meta-Llama-3-8B-Instruct,models/Meta-Llama-3-8B-Instruct,vllm,http://localhost:8000/v1,C1,2,3bb65d16,0.0,2026-08-28T17:43:27.649020,1,"{
  ""score"": 7,
  ""verdict"": ""invest"",
  ""confidence"": 80,
  ""rubric_scores"": {
    ""market_potential"": 4,
    ""technical_feasibility"": 4,
    ""business_viability"": 3
  },
  ""reasoning"": ""While the idea is not revolutionary, it addresses a specific pain point for plant enthusiasts and small-scale farmers, and the technical feasibility seems relatively straightforward. With some refinement, I believe GardenGuard has the potential to become a successful niche product.""
}",7,invest,80,4,4,3,"While the idea is not revolutionary, it addresses a specific pain point for plant enthusiasts and small-scale farmers, and the technical feasibility seems relatively straightforward. With some refinement, I believe GardenGuard has the potential to become a successful niche product.",True
CASE_SYN_007,models/Meta-Llama-3-8B-Instruct,models/Meta-Llama-3-8B-Instruct,vllm,http://localhost:8000/v1,C1,3,3bb65d16,0.0,2026-08-28T17:43:31.701997,1,"{
  ""score"": 7,
  ""verdict"": ""invest"",
  ""confidence"": 80,
  ""rubric_scores"": {
    ""market_potential"": 4,
    ""technical_feasibility"": 4,
    ""business_viability"": 3
  },
  ""reasoning"": ""While the idea is not revolutionary, it addresses a specific pain point for plant enthusiasts and small-scale farmers, and the technical feasibility seems relatively straightforward. With some refinement, I believe GardenGuard has the potential to become a successful niche product.""
}",7,invest,80,4,4,3,"While the idea is not revolutionary, it addresses a specific pain point for plant enthusiasts and small-scale farmers, and the technical feasibility seems relatively straightforward. With some refinement, I believe GardenGuard has the potential to become a successful niche product.",True
CASE_SYN_007,models/Meta-Llama-3-8B-Instruct,models/Meta-Llama-3-8B-Instruct,vllm,http://localhost:8000/v1,C1,4,3bb65d16,0.0,2026-08-28T17:43:31.902008,1,"{
  ""score"": 7,
  ""verdict"": ""invest"",
  ""confidence"": 80,
  ""rubric_scores"": {
    ""market_potential"": 4,
    ""technical_feasibility"": 4,
    ""business_viability"": 3
  },
  ""reasoning"": ""While the idea is not revolutionary, it addresses a specific pain point for plant enthusiasts and small-scale farmers, and the technical feasibility seems relatively straightforward. With some refinement, I believe GardenGuard has the potential to become a successful niche product.""
}",7,invest,80,4,4,3,"While the idea is not revolutionary, it addresses a specific pain point for plant enthusiasts and small-scale farmers, and the technical feasibility seems relatively straightforward. With some refinement, I believe GardenGuard has the potential to become a successful niche product.",True
CASE_SYN_007,models/Meta-Llama-3-8B-Instruct,models/Meta-Llama-3-8B-Instruct,vllm,http://localhost:8000/v1,C1,5,3bb65d16,0.0,2026-08-28T17:43:44.033256,1,"{
  ""score"": 7,
  ""verdict"": ""invest"",
  ""confidence"": 80,
  ""rubric_scores"": {
    ""market_potential"": 4,
    ""technical_feasibility"": 4,
    ""business_viability"": 3
  },
  ""reasoning"": ""While the idea is not revolutionary, it addresses a specific pain point for plant enthusiasts and small-scale farmers, and the technical feasibility seems relatively straightforward. With some refinement, I believe GardenGuard has the potential to become a successful niche product.""
}",7,invest,80,4,4,3,"While the idea is not revolutionary, it addresses a specific pain point for plant enthusiasts and small-scale farmers, and the technical feasibility seems relatively straightforward. With some refinement, I believe GardenGuard has the potential to become a successful niche product.",True
CASE_SYN_007,models/Meta-Llama-3-8B-Instruct,models/Meta-Llama-3-8B-Instruct,vllm,http://localhost:8000/v1,C1,6,3bb65d16,0.0,2026-08-28T17:43:54.035068,1,"{
  ""score"": 7,
  ""verdict"": ""invest"",
  ""confidence"": 80,
  ""rubric_scores"": {
    ""market_potential"": 4,
    ""technical_feasibility"": 4,
    ""business_viability"": 3
  },
  ""reasoning"": ""While the idea is not revolutionary, it addresses a specific pain point for plant enthusiasts and small-scale farmers, and the technical feasibility seems relatively straightforward. With some refinement, I believe GardenGuard has the potential to become a successful niche product.""
}",7,invest,80,4,4,3,"While the idea is not revolutionary, it addresses a specific pain point for plant enthusiasts and small-scale farmers, and the technical feasibility seems relatively straightforward. With some refinement, I believe GardenGuard has the potential to become a successful niche product.",True
CASE_SYN_007,models/Meta-Llama-3-8B-Instruct,models/Meta-Llama-3-8B-Instruct,vllm,http://localhost:8000/v1,C1,7,3bb65d16,0.0,2026-08-28T17:43:59.358036,1,"{
  ""score"": 7,
  ""verdict"": ""invest"",
  ""confidence"": 80,
  ""rubric_scores"": {
    ""market_potential"": 4,
    ""technical_feasibility"": 4,
    ""business_viability"": 3
  },
  ""reasoning"": ""While the idea is not revolutionary, it addresses a specific pain point for plant enthusiasts and small-scale farmers, and the technical feasibility seems relatively straightforward. With some refinement, I believe GardenGuard has the potential to become a successful niche product.""
}",7,invest,80,4,4,3,"While the idea is not revolutionary, it addresses a specific pain point for plant enthusiasts and small-scale farmers, and the technical feasibility seems relatively straightforward. With some refinement, I believe GardenGuard has the potential to become a successful niche product.",True
CASE_SYN_007,models/Meta-Llama-3-8B-Instruct,models/Meta-Llama-3-8B-Instruct,vllm,http://localhost:8000/v1,C1,8,3bb65d16,0.0,2026-08-28T17:44:08.959034,1,"{
  ""score"": 7,
  ""verdict"": ""invest"",
  ""confidence"": 80,
  ""rubric_scores"": {
    ""market_potential"": 4,
    ""technical_feasibility"": 4,
    ""business_viability"": 3
  },
  ""reasoning"": ""While the idea is not revolutionary, it addresses a specific pain point for plant enthusiasts and small-scale farmers, and the technical feasibility seems relatively straightforward. With some refinement, I believe GardenGuard has the potential to become a successful niche product.""
}",7,invest,80,4,4,3,"While the idea is not revolutionary, it addresses a specific pain point for plant enthusiasts and small-scale farmers, and the technical feasibility seems relatively straightforward. With some refinement, I believe GardenGuard has the potential to become a successful niche product.",True
CASE_SYN_007,models/Meta-Llama-3-8B-Instruct,models/Meta-Llama-3-8B-Instruct,vllm,http://localhost:8000/v1,C1,9,3bb65d16,0.0,2026-08-28T17:44:13.857656,1,"{
  ""score"": 7,
  ""verdict"": ""invest"",
  ""confidence"": 80,
  ""rubric_scores"": {
    ""market_potential"": 4,
    ""technical_feasibility"": 4,
    ""business_viability"": 3
  },
  ""reasoning"": ""While the idea is not revolutionary, it addresses a specific pain point for plant enthusiasts and small-scale farmers, and the technical feasibility seems relatively straightforward. With some refinement, I believe GardenGuard has the potential to become a successful niche product.""
}",7,invest,80,4,4,3,"While the idea is not revolutionary, it addresses a specific pain point for plant enthusiasts and small-scale farmers, and the technical feasibility seems relatively straightforward. With some refinement, I believe GardenGuard has the potential to become a successful niche product.",True
CASE_SYN_008,models/Meta-Llama-3-8B-Instruct,models/Meta-Llama-3-8B-Instruct,vllm,http://localhost:8000/v1,C1,1,3bb65d16,0.0,2026-08-28T17:44:16.520066,1,"{
  ""score"": 7,
  ""verdict"": ""invest"",
  ""confidence"": 80,
  ""rubric_scores"": {
    ""market_potential"": 4,
    ""technical_feasibility"": 3,
    ""business_viability"": 4
  },
  ""reasoning"": ""FitSwap has a clear and unique value proposition, addressing a common pain point in the fitness industry. With a well-designed peer-to-peer marketplace, it has the potential to disrupt the traditional gym class reservation model.""
}",7,invest,80,4,3,4,"FitSwap has a clear and unique value proposition, addressing a common pain point in the fitness industry. With a well-designed peer-to-peer marketplace, it has the potential to disrupt the traditional gym class reservation model.",True
CASE_SYN_008,models/Meta-Llama-3-8B-Instruct,models/Meta-Llama-3-8B-Instruct,vllm,http://localhost:8000/v1,C1,2,3bb65d16,0.0,2026-08-28T17:44:17.569664,1,"{
  ""score"": 7,
  ""verdict"": ""invest"",
  ""confidence"": 80,
  ""rubric_scores"": {
    ""market_potential"": 4,
    ""technical_feasibility"": 3,
    ""business_viability"": 4
  },
  ""reasoning"": ""FitSwap has a clear and unique value proposition, addressing a common pain point in the fitness industry. With a well-designed peer-to-peer marketplace, it has the potential to disrupt the traditional gym class reservation model.""
}",7,invest,80,4,3,4,"FitSwap has a clear and unique value proposition, addressing a common pain point in the fitness industry. With a well-designed peer-to-peer marketplace, it has the potential to disrupt the traditional gym class reservation model.",True
CASE_SYN_007,models/Meta-Llama-3-8B-Instruct,models/Meta-Llama-3-8B-Instruct,vllm,http://localhost:8000/v1,C1,10,3bb65d16,0.0,2026-08-28T17:44:17.894603,1,"{
  ""score"": 7,
  ""verdict"": ""invest"",
  ""confidence"": 80,
  ""rubric_scores"": {
    ""market_potential"": 4,
    ""technical_feasibility"": 4,
    ""business_viability"": 3
  },
  ""reasoning"": ""While the idea is not revolutionary, it addresses a specific pain point for plant enthusiasts and small-scale farmers, and the technical feasibility seems relatively straightforward. With some refinement, I believe GardenGuard has the potential to become a successful niche product.""
}",7,invest,80,4,4,3,"While the idea is not revolutionary, it addresses a specific pain point for plant enthusiasts and small-scale farmers, and the technical feasibility seems relatively straightforward. With some refinement, I believe GardenGuard has the potential to become a successful niche product.",True
CASE_SYN_008,models/Meta-Llama-3-8B-Instruct,models/Meta-Llama-3-8B-Instruct,vllm,http://localhost:8000/v1,C1,3,3bb65d16,0.0,2026-08-28T17:44:22.048638,1,"{
  ""score"": 7,
  ""verdict"": ""invest"",
  ""confidence"": 80,
  ""rubric_scores"": {
    ""market_potential"": 4,
    ""technical_feasibility"": 3,
    ""business_viability"": 4
  },
  ""reasoning"": ""FitSwap has a clear and unique value proposition, addressing a common pain point in the fitness industry. With a well-designed peer-to-peer marketplace, it has the potential to disrupt the traditional gym class reservation model.""
}",7,invest,80,4,3,4,"FitSwap has a clear and unique value proposition, addressing a common pain point in the fitness industry. With a well-designed peer-to-peer marketplace, it has the potential to disrupt the traditional gym class reservation model.",True
CASE_SYN_008,models/Meta-Llama-3-8B-Instruct,models/Meta-Llama-3-8B-Instruct,vllm,http://localhost:8000/v1,C1,4,3bb65d16,0.0,2026-08-28T17:44:22.250112,1,"{
  ""score"": 7,
  ""verdict"": ""invest"",
  ""confidence"": 80,
  ""rubric_scores"": {
    ""market_potential"": 4,
    ""technical_feasibility"": 3,
    ""business_viability"": 4
  },
  ""reasoning"": ""FitSwap has a clear and unique value proposition, addressing a common pain point in the fitness industry. With a well-designed peer-to-peer marketplace, it has the potential to disrupt the traditional gym class reservation model.""
}",7,invest,80,4,3,4,"FitSwap has a clear and unique value proposition, addressing a common pain point in the fitness industry. With a well-designed peer-to-peer marketplace, it has the potential to disrupt the traditional gym class reservation model.",True
CASE_SYN_008,models/Meta-Llama-3-8B-Instruct,models/Meta-Llama-3-8B-Instruct,vllm,http://localhost:8000/v1,C1,5,3bb65d16,0.0,2026-08-28T17:44:34.820310,1,"{
  ""score"": 7,
  ""verdict"": ""invest"",
  ""confidence"": 80,
  ""rubric_scores"": {
    ""market_potential"": 4,
    ""technical_feasibility"": 3,
    ""business_viability"": 4
  },
  ""reasoning"": ""FitSwap has a clear and unique value proposition, addressing a common pain point in the fitness industry. With a well-designed peer-to-peer marketplace, it has the potential to disrupt the traditional gym class reservation model.""
}",7,invest,80,4,3,4,"FitSwap has a clear and unique value proposition, addressing a common pain point in the fitness industry. With a well-designed peer-to-peer marketplace, it has the potential to disrupt the traditional gym class reservation model.",True
CASE_SYN_008,models/Meta-Llama-3-8B-Instruct,models/Meta-Llama-3-8B-Instruct,vllm,http://localhost:8000/v1,C1,6,3bb65d16,0.0,2026-08-28T17:44:44.841020,1,"{
  ""score"": 7,
  ""verdict"": ""invest"",
  ""confidence"": 80,
  ""rubric_scores"": {
    ""market_potential"": 4,
    ""technical_feasibility"": 3,
    ""business_viability"": 4
  },
  ""reasoning"": ""FitSwap has a clear and unique value proposition, addressing a common pain point in the fitness industry. With a well-designed peer-to-peer marketplace, it has the potential to disrupt the traditional gym class reservation model.""
}",7,invest,80,4,3,4,"FitSwap has a clear and unique value proposition, addressing a common pain point in the fitness industry. With a well-designed peer-to-peer marketplace, it has the potential to disrupt the traditional gym class reservation model.",True
CASE_SYN_008,models/Meta-Llama-3-8B-Instruct,models/Meta-Llama-3-8B-Instruct,vllm,http://localhost:8000/v1,C1,7,3bb65d16,0.0,2026-08-28T17:44:50.598121,1,"{
  ""score"": 7,
  ""verdict"": ""invest"",
  ""confidence"": 80,
  ""rubric_scores"": {
    ""market_potential"": 4,
    ""technical_feasibility"": 3,
    ""business_viability"": 4
  },
  ""reasoning"": ""FitSwap has a clear and unique value proposition, addressing a common pain point in the fitness industry. With a well-designed peer-to-peer marketplace, it has the potential to disrupt the traditional gym class reservation model.""
}",7,invest,80,4,3,4,"FitSwap has a clear and unique value proposition, addressing a common pain point in the fitness industry. With a well-designed peer-to-peer marketplace, it has the potential to disrupt the traditional gym class reservation model.",True
CASE_SYN_008,models/Meta-Llama-3-8B-Instruct,models/Meta-Llama-3-8B-Instruct,vllm,http://localhost:8000/v1,C1,8,3bb65d16,0.0,2026-08-28T17:45:00.201989,1,"{
  ""score"": 7,
  ""verdict"": ""invest"",
  ""confidence"": 80,
  ""rubric_scores"": {
    ""market_potential"": 4,
    ""technical_feasibility"": 3,
    ""business_viability"": 4
  },
  ""reasoning"": ""FitSwap has a clear and unique value proposition, addressing a common pain point in the fitness industry. With a well-designed peer-to-peer marketplace, it has the potential to disrupt the traditional gym class reservation model.""
}",7,invest,80,4,3,4,"FitSwap has a clear and unique value proposition, addressing a common pain point in the fitness industry. With a well-designed peer-to-peer marketplace, it has the potential to disrupt the traditional gym class reservation model.",True
CASE_SYN_008,models/Meta-Llama-3-8B-Instruct,models/Meta-Llama-3-8B-Instruct,vllm,http://localhost:8000/v1,C1,9,3bb65d16,0.0,2026-08-28T17:45:05.530335,1,"{
  ""score"": 7,
  ""verdict"": ""invest"",
  ""confidence"": 80,
  ""rubric_scores"": {
    ""market_potential"": 4,
    ""technical_feasibility"": 3,
    ""business_viability"": 4
  },
  ""reasoning"": ""FitSwap has a clear and unique value proposition, addressing a common pain point in the fitness industry. With a well-designed peer-to-peer marketplace, it has the potential to disrupt the traditional gym class reservation model.""
}",7,invest,80,4,3,4,"FitSwap has a clear and unique value proposition, addressing a common pain point in the fitness industry. With a well-designed peer-to-peer marketplace, it has the potential to disrupt the traditional gym class reservation model.",True
CASE_SYN_008,models/Meta-Llama-3-8B-Instruct,models/Meta-Llama-3-8B-Instruct,vllm,http://localhost:8000/v1,C1,10,3bb65d16,0.0,2026-08-28T17:45:06.163893,1,"{
  ""score"": 7,
  ""verdict"": ""invest"",
  ""confidence"": 80,
  ""rubric_scores"": {
    ""market_potential"": 4,
    ""technical_feasibility"": 3,
    ""business_viability"": 4
  },
  ""reasoning"": ""FitSwap has a clear and unique value proposition, addressing a common pain point in the fitness industry. With a well-designed peer-to-peer marketplace, it has the potential to disrupt the traditional gym class reservation model.""
}",7,invest,80,4,3,4,"FitSwap has a clear and unique value proposition, addressing a common pain point in the fitness industry. With a well-designed peer-to-peer marketplace, it has the potential to disrupt the traditional gym class reservation model.",True
CASE_SYN_009,models/Meta-Llama-3-8B-Instruct,models/Meta-Llama-3-8B-Instruct,vllm,http://localhost:8000/v1,C1,1,3bb65d16,0.0,2026-08-28T17:45:05.207169,1,"{
  ""score"": 8,
  ""verdict"": ""invest"",
  ""confidence"": 80,
  ""rubric_scores"": {
    ""market_potential"": 4,
    ""technical_feasibility"": 4,
    ""business_viability"": 3
  },
  ""reasoning"": ""ModuDesk has a strong potential to disrupt the traditional office furniture market, with a unique modular design that can adapt to various workspace needs. While there are some technical and business viability concerns, I believe the team can overcome them with the right execution.""
}",8,invest,80,4,4,3,"ModuDesk has a strong potential to disrupt the traditional office furniture market, with a unique modular design that can adapt to various workspace needs. While there are some technical and business viability concerns, I believe the team can overcome them with the right execution.",True
CASE_SYN_009,models/Meta-Llama-3-8B-Instruct,models/Meta-Llama-3-8B-Instruct,vllm,http://localhost:8000/v1,C1,2,3bb65d16,0.0,2026-08-28T17:45:07.983030,1,"{
  ""score"": 8,
  ""verdict"": ""invest"",
  ""confidence"": 80,
  ""rubric_scores"": {
    ""market_potential"": 4,
    ""technical_feasibility"": 4,
    ""business_viability"": 3
  },
  ""reasoning"": ""ModuDesk has a strong potential to disrupt the traditional office furniture market, with a unique modular design that can adapt to various workspace needs. While there are some technical and business viability concerns, I believe the team can overcome them with the right execution.""
}",8,invest,80,4,4,3,"ModuDesk has a strong potential to disrupt the traditional office furniture market, with a unique modular design that can adapt to various workspace needs. While there are some technical and business viability concerns, I believe the team can overcome them with the right execution.",True
CASE_SYN_009,models/Meta-Llama-3-8B-Instruct,models/Meta-Llama-3-8B-Instruct,vllm,http://localhost:8000/v1,C1,3,3bb65d16,0.0,2026-08-28T17:45:10.323891,1,"{
  ""score"": 8,
  ""verdict"": ""invest"",
  ""confidence"": 80,
  ""rubric_scores"": {
    ""market_potential"": 4,
    ""technical_feasibility"": 4,
    ""business_viability"": 3
  },
  ""reasoning"": ""ModuDesk has a strong potential to disrupt the traditional office furniture market, with a unique modular design that can adapt to various workspace needs. While there are some technical and business viability concerns, I believe the team can overcome them with the right execution.""
}",8,invest,80,4,4,3,"ModuDesk has a strong potential to disrupt the traditional office furniture market, with a unique modular design that can adapt to various workspace needs. While there are some technical and business viability concerns, I believe the team can overcome them with the right execution.",True
CASE_SYN_009,models/Meta-Llama-3-8B-Instruct,models/Meta-Llama-3-8B-Instruct,vllm,http://localhost:8000/v1,C1,4,3bb65d16,0.0,2026-08-28T17:45:10.523940,1,"{
  ""score"": 8,
  ""verdict"": ""invest"",
  ""confidence"": 80,
  ""rubric_scores"": {
    ""market_potential"": 4,
    ""technical_feasibility"": 4,
    ""business_viability"": 3
  },
  ""reasoning"": ""ModuDesk has a strong potential to disrupt the traditional office furniture market, with a unique modular design that can adapt to various workspace needs. While there are some technical and business viability concerns, I believe the team can overcome them with the right execution.""
}",8,invest,80,4,4,3,"ModuDesk has a strong potential to disrupt the traditional office furniture market, with a unique modular design that can adapt to various workspace needs. While there are some technical and business viability concerns, I believe the team can overcome them with the right execution.",True
CASE_SYN_009,models/Meta-Llama-3-8B-Instruct,models/Meta-Llama-3-8B-Instruct,vllm,http://localhost:8000/v1,C1,5,3bb65d16,0.0,2026-08-28T17:45:23.531014,1,"{
  ""score"": 8,
  ""verdict"": ""invest"",
  ""confidence"": 80,
  ""rubric_scores"": {
    ""market_potential"": 4,
    ""technical_feasibility"": 4,
    ""business_viability"": 3
  },
  ""reasoning"": ""ModuDesk has a strong potential to disrupt the traditional office furniture market, with a unique modular design that can adapt to various workspace needs. While there are some technical and business viability concerns, I believe the team can overcome them with the right execution.""
}",8,invest,80,4,4,3,"ModuDesk has a strong potential to disrupt the traditional office furniture market, with a unique modular design that can adapt to various workspace needs. While there are some technical and business viability concerns, I believe the team can overcome them with the right execution.",True
CASE_SYN_009,models/Meta-Llama-3-8B-Instruct,models/Meta-Llama-3-8B-Instruct,vllm,http://localhost:8000/v1,C1,6,3bb65d16,0.0,2026-08-28T17:45:33.560316,1,"{
  ""score"": 8,
  ""verdict"": ""invest"",
  ""confidence"": 80,
  ""rubric_scores"": {
    ""market_potential"": 4,
    ""technical_feasibility"": 4,
    ""business_viability"": 3
  },
  ""reasoning"": ""ModuDesk has a strong potential to disrupt the traditional office furniture market, with a unique modular design that can adapt to various workspace needs. While there are some technical and business viability concerns, I believe the team can overcome them with the right execution.""
}",8,invest,80,4,4,3,"ModuDesk has a strong potential to disrupt the traditional office furniture market, with a unique modular design that can adapt to various workspace needs. While there are some technical and business viability concerns, I believe the team can overcome them with the right execution.",True
CASE_SYN_009,models/Meta-Llama-3-8B-Instruct,models/Meta-Llama-3-8B-Instruct,vllm,http://localhost:8000/v1,C1,7,3bb65d16,0.0,2026-08-28T17:45:39.753371,1,"{
  ""score"": 8,
  ""verdict"": ""invest"",
  ""confidence"": 80,
  ""rubric_scores"": {
    ""market_potential"": 4,
    ""technical_feasibility"": 4,
    ""business_viability"": 3
  },
  ""reasoning"": ""ModuDesk has a strong potential to disrupt the traditional office furniture market, with a unique modular design that can adapt to various workspace needs. While there are some technical and business viability concerns, I believe the team can overcome them with the right execution.""
}",8,invest,80,4,4,3,"ModuDesk has a strong potential to disrupt the traditional office furniture market, with a unique modular design that can adapt to various workspace needs. While there are some technical and business viability concerns, I believe the team can overcome them with the right execution.",True
CASE_SYN_009,models/Meta-Llama-3-8B-Instruct,models/Meta-Llama-3-8B-Instruct,vllm,http://localhost:8000/v1,C1,8,3bb65d16,0.0,2026-08-28T17:45:49.370402,1,"{
  ""score"": 8,
  ""verdict"": ""invest"",
  ""confidence"": 80,
  ""rubric_scores"": {
    ""market_potential"": 4,
    ""technical_feasibility"": 4,
    ""business_viability"": 3
  },
  ""reasoning"": ""ModuDesk has a strong potential to disrupt the traditional office furniture market, with a unique modular design that can adapt to various workspace needs. While there are some technical and business viability concerns, I believe the team can overcome them with the right execution.""
}",8,invest,80,4,4,3,"ModuDesk has a strong potential to disrupt the traditional office furniture market, with a unique modular design that can adapt to various workspace needs. While there are some technical and business viability concerns, I believe the team can overcome them with the right execution.",True
CASE_SYN_009,models/Meta-Llama-3-8B-Instruct,models/Meta-Llama-3-8B-Instruct,vllm,http://localhost:8000/v1,C1,9,3bb65d16,0.0,2026-08-28T17:45:55.131985,1,"{
  ""score"": 8,
  ""verdict"": ""invest"",
  ""confidence"": 80,
  ""rubric_scores"": {
    ""market_potential"": 4,
    ""technical_feasibility"": 4,
    ""business_viability"": 3
  },
  ""reasoning"": ""ModuDesk has a strong potential to disrupt the traditional office furniture market, with a unique modular design that can adapt to various workspace needs. While there are some technical and business viability concerns, I believe the team can overcome them with the right execution.""
}",8,invest,80,4,4,3,"ModuDesk has a strong potential to disrupt the traditional office furniture market, with a unique modular design that can adapt to various workspace needs. While there are some technical and business viability concerns, I believe the team can overcome them with the right execution.",True
CASE_SYN_009,models/Meta-Llama-3-8B-Instruct,models/Meta-Llama-3-8B-Instruct,vllm,http://localhost:8000/v1,C1,10,3bb65d16,0.0,2026-08-28T17:45:55.759020,1,"{
  ""score"": 8,
  ""verdict"": ""invest"",
  ""confidence"": 80,
  ""rubric_scores"": {
    ""market_potential"": 4,
    ""technical_feasibility"": 4,
    ""business_viability"": 3
  },
  ""reasoning"": ""ModuDesk has a strong potential to disrupt the traditional office furniture market, with a unique modular design that can adapt to various workspace needs. While there are some technical and business viability concerns, I believe the team can overcome them with the right execution.""
}",8,invest,80,4,4,3,"ModuDesk has a strong potential to disrupt the traditional office furniture market, with a unique modular design that can adapt to various workspace needs. While there are some technical and business viability concerns, I believe the team can overcome them with the right execution.",True
CASE_SYN_010,models/Meta-Llama-3-8B-Instruct,models/Meta-Llama-3-8B-Instruct,vllm,http://localhost:8000/v1,C1,1,3bb65d16,0.0,2026-08-28T17:45:56.507671,1,"{
  ""score"": 8,
  ""verdict"": ""invest"",
  ""confidence"": 80,
  ""rubric_scores"": {
    ""market_potential"": 4,
    ""technical_feasibility"": 5,
    ""business_viability"": 3
  },
  ""reasoning"": ""The idea has strong market potential, as sleep technology is gaining traction, and the unique radar-based sleep tracking and ambient light simulation features could differentiate the product. However, the business viability score is lower due to the need for further market research and competitive analysis.""
}",8,invest,80,4,5,3,"The idea has strong market potential, as sleep technology is gaining traction, and the unique radar-based sleep tracking and ambient light simulation features could differentiate the product. However, the business viability score is lower due to the need for further market research and competitive analysis.",True
CASE_SYN_010,models/Meta-Llama-3-8B-Instruct,models/Meta-Llama-3-8B-Instruct,vllm,http://localhost:8000/v1,C1,2,3bb65d16,0.0,2026-08-28T17:45:59.305010,1,"{
  ""score"": 8,
  ""verdict"": ""invest"",
  ""confidence"": 80,
  ""rubric_scores"": {
    ""market_potential"": 4,
    ""technical_feasibility"": 5,
    ""business_viability"": 3
  },
  ""reasoning"": ""The idea has strong market potential, as sleep technology is gaining traction, and the unique radar-based sleep tracking and ambient light simulation features could differentiate the product. However, the business viability score is lower due to the need for further market research and competitive analysis.""
}",8,invest,80,4,5,3,"The idea has strong market potential, as sleep technology is gaining traction, and the unique radar-based sleep tracking and ambient light simulation features could differentiate the product. However, the business viability score is lower due to the need for further market research and competitive analysis.",True
CASE_SYN_010,models/Meta-Llama-3-8B-Instruct,models/Meta-Llama-3-8B-Instruct,vllm,http://localhost:8000/v1,C1,3,3bb65d16,0.0,2026-08-28T17:46:02.080100,1,"{
  ""score"": 8,
  ""verdict"": ""invest"",
  ""confidence"": 80,
  ""rubric_scores"": {
    ""market_potential"": 4,
    ""technical_feasibility"": 5,
    ""business_viability"": 3
  },
  ""reasoning"": ""The idea has strong market potential, as sleep technology is increasingly popular and the unique features of SleepScore Alarm could differentiate it from existing products. While there are some technical and business viability concerns, I believe the potential rewards outweigh the risks.""
}",8,invest,80,4,5,3,"The idea has strong market potential, as sleep technology is increasingly popular and the unique features of SleepScore Alarm could differentiate it from existing products. While there are some technical and business viability concerns, I believe the potential rewards outweigh the risks.",True
CASE_SYN_010,models/Meta-Llama-3-8B-Instruct,models/Meta-Llama-3-8B-Instruct,vllm,http://localhost:8000/v1,C1,4,3bb65d16,0.0,2026-08-28T17:46:02.282583,1,"{
  ""score"": 8,
  ""verdict"": ""invest"",
  ""confidence"": 80,
  ""rubric_scores"": {
    ""market_potential"": 4,
    ""technical_feasibility"": 5,
    ""business_viability"": 3
  },
  ""reasoning"": ""The idea has strong market potential, as sleep technology is increasingly popular and the unique features of SleepScore Alarm could differentiate it from existing products. While there are some technical and business viability concerns, I believe the potential rewards outweigh the risks.""
}",8,invest,80,4,5,3,"The idea has strong market potential, as sleep technology is increasingly popular and the unique features of SleepScore Alarm could differentiate it from existing products. While there are some technical and business viability concerns, I believe the potential rewards outweigh the risks.",True
CASE_SYN_010,models/Meta-Llama-3-8B-Instruct,models/Meta-Llama-3-8B-Instruct,vllm,http://localhost:8000/v1,C1,5,3bb65d16,0.0,2026-08-28T17:46:15.731997,1,"{
  ""score"": 8,
  ""verdict"": ""invest"",
  ""confidence"": 80,
  ""rubric_scores"": {
    ""market_potential"": 4,
    ""technical_feasibility"": 5,
    ""business_viability"": 3
  },
  ""reasoning"": ""The idea has strong market potential, as sleep technology is gaining traction, and the unique radar-based sleep tracking and ambient light simulation features could differentiate the product. However, the business viability score is lower due to the need for further market research and competitive analysis.""
}",8,invest,80,4,5,3,"The idea has strong market potential, as sleep technology is gaining traction, and the unique radar-based sleep tracking and ambient light simulation features could differentiate the product. However, the business viability score is lower due to the need for further market research and competitive analysis.",True
CASE_SYN_010,models/Meta-Llama-3-8B-Instruct,models/Meta-Llama-3-8B-Instruct,vllm,http://localhost:8000/v1,C1,6,3bb65d16,0.0,2026-08-28T17:46:25.791019,1,"{
  ""score"": 8,
  ""verdict"": ""invest"",
  ""confidence"": 80,
  ""rubric_scores"": {
    ""market_potential"": 4,
    ""technical_feasibility"": 5,
    ""business_viability"": 3
  },
  ""reasoning"": ""The idea has strong market potential, as sleep technology is gaining traction, and the unique radar-based sleep tracking and ambient light simulation features could differentiate the product. However, the business viability score is lower due to the need for further market research and competitive analysis.""
}",8,invest,80,4,5,3,"The idea has strong market potential, as sleep technology is gaining traction, and the unique radar-based sleep tracking and ambient light simulation features could differentiate the product. However, the business viability score is lower due to the need for further market research and competitive analysis.",True
CASE_SYN_010,models/Meta-Llama-3-8B-Instruct,models/Meta-Llama-3-8B-Instruct,vllm,http://localhost:8000/v1,C1,7,3bb65d16,0.0,2026-08-28T17:46:32.404552,1,"{
  ""score"": 8,
  ""verdict"": ""invest"",
  ""confidence"": 80,
  ""rubric_scores"": {
    ""market_potential"": 4,
    ""technical_feasibility"": 5,
    ""business_viability"": 3
  },
  ""reasoning"": ""The idea has strong market potential, as sleep technology is gaining traction, and the unique radar-based sleep tracking and ambient light simulation features could differentiate the product. However, the business viability score is lower due to the need for further market research and competitive analysis.""
}",8,invest,80,4,5,3,"The idea has strong market potential, as sleep technology is gaining traction, and the unique radar-based sleep tracking and ambient light simulation features could differentiate the product. However, the business viability score is lower due to the need for further market research and competitive analysis.",True
CASE_SYN_010,models/Meta-Llama-3-8B-Instruct,models/Meta-Llama-3-8B-Instruct,vllm,http://localhost:8000/v1,C1,8,3bb65d16,0.0,2026-08-28T17:46:42.019518,1,"{
  ""score"": 8,
  ""verdict"": ""invest"",
  ""confidence"": 80,
  ""rubric_scores"": {
    ""market_potential"": 4,
    ""technical_feasibility"": 5,
    ""business_viability"": 3
  },
  ""reasoning"": ""The idea has strong market potential, as sleep technology is gaining traction, and the unique radar-based sleep tracking and ambient light simulation features could differentiate the product. However, the business viability score is lower due to the need for further market research and competitive analysis.""
}",8,invest,80,4,5,3,"The idea has strong market potential, as sleep technology is gaining traction, and the unique radar-based sleep tracking and ambient light simulation features could differentiate the product. However, the business viability score is lower due to the need for further market research and competitive analysis.",True
CASE_SYN_011,models/Meta-Llama-3-8B-Instruct,models/Meta-Llama-3-8B-Instruct,vllm,http://localhost:8000/v1,C1,1,3bb65d16,0.0,2026-08-28T17:46:48.326913,1,"{
  ""score"": 8,
  ""verdict"": ""invest"",
  ""confidence"": 80,
  ""rubric_scores"": {
    ""market_potential"": 4,
    ""technical_feasibility"": 5,
    ""business_viability"": 3
  },
  ""reasoning"": ""CodeCanvas has the potential to disrupt the way kids learn programming, and its unique value proposition of bridging the gap between block-based and text-based coding is compelling. With the right execution, it can become a leading platform in the ed-tech space.""
}",8,invest,80,4,5,3,"CodeCanvas has the potential to disrupt the way kids learn programming, and its unique value proposition of bridging the gap between block-based and text-based coding is compelling. With the right execution, it can become a leading platform in the ed-tech space.",True
CASE_SYN_010,models/Meta-Llama-3-8B-Instruct,models/Meta-Llama-3-8B-Instruct,vllm,http://localhost:8000/v1,C1,9,3bb65d16,0.0,2026-08-28T17:46:48.223988,1,"{
  ""score"": 8,
  ""verdict"": ""invest"",
  ""confidence"": 80,
  ""rubric_scores"": {
    ""market_potential"": 4,
    ""technical_feasibility"": 5,
    ""business_viability"": 3
  },
  ""reasoning"": ""The idea has strong market potential, as sleep technology is gaining traction, and the unique radar-based sleep tracking and ambient light simulation features could differentiate the product. However, the business viability score is lower due to the need for further market research and competitive analysis.""
}",8,invest,80,4,5,3,"The idea has strong market potential, as sleep technology is gaining traction, and the unique radar-based sleep tracking and ambient light simulation features could differentiate the product. However, the business viability score is lower due to the need for further market research and competitive analysis.",True
CASE_SYN_010,models/Meta-Llama-3-8B-Instruct,models/Meta-Llama-3-8B-Instruct,vllm,http://localhost:8000/v1,C1,10,3bb65d16,0.0,2026-08-28T17:46:48.855030,1,"{
  ""score"": 8,
  ""verdict"": ""invest"",
  ""confidence"": 80,
  ""rubric_scores"": {
    ""market_potential"": 4,
    ""technical_feasibility"": 5,
    ""business_viability"": 3
  },
  ""reasoning"": ""The idea has strong market potential, as sleep technology is gaining traction, and the unique radar-based sleep tracking and ambient light simulation features could differentiate the product. However, the business viability score is lower due to the need for further market research and competitive analysis.""
}",8,invest,80,4,5,3,"The idea has strong market potential, as sleep technology is gaining traction, and the unique radar-based sleep tracking and ambient light simulation features could differentiate the product. However, the business viability score is lower due to the need for further market research and competitive analysis.",True
CASE_SYN_011,models/Meta-Llama-3-8B-Instruct,models/Meta-Llama-3-8B-Instruct,vllm,http://localhost:8000/v1,C1,2,3bb65d16,0.0,2026-08-28T17:46:51.127448,1,"{
  ""score"": 8,
  ""verdict"": ""invest"",
  ""confidence"": 80,
  ""rubric_scores"": {
    ""market_potential"": 4,
    ""technical_feasibility"": 5,
    ""business_viability"": 3
  },
  ""reasoning"": ""CodeCanvas has the potential to disrupt the way kids learn programming, and its unique value proposition of bridging the gap between block-based and text-based coding is compelling. With the right execution, it can become a leading platform in the ed-tech space.""
}",8,invest,80,4,5,3,"CodeCanvas has the potential to disrupt the way kids learn programming, and its unique value proposition of bridging the gap between block-based and text-based coding is compelling. With the right execution, it can become a leading platform in the ed-tech space.",True
CASE_SYN_011,models/Meta-Llama-3-8B-Instruct,models/Meta-Llama-3-8B-Instruct,vllm,http://localhost:8000/v1,C1,3,3bb65d16,0.0,2026-08-28T17:46:52.611012,1,"{
  ""score"": 8,
  ""verdict"": ""invest"",
  ""confidence"": 80,
  ""rubric_scores"": {
    ""market_potential"": 4,
    ""technical_feasibility"": 5,
    ""business_viability"": 3
  },
  ""reasoning"": ""CodeCanvas has the potential to disrupt the way kids learn programming, and its unique value proposition of bridging the gap between block-based and text-based coding is compelling. With the right execution, it can become a leading platform in the edtech space.""
}",8,invest,80,4,5,3,"CodeCanvas has the potential to disrupt the way kids learn programming, and its unique value proposition of bridging the gap between block-based and text-based coding is compelling. With the right execution, it can become a leading platform in the edtech space.",True
CASE_SYN_011,models/Meta-Llama-3-8B-Instruct,models/Meta-Llama-3-8B-Instruct,vllm,http://localhost:8000/v1,C1,4,3bb65d16,0.0,2026-08-28T17:46:52.810892,1,"{
  ""score"": 8,
  ""verdict"": ""invest"",
  ""confidence"": 80,
  ""rubric_scores"": {
    ""market_potential"": 4,
    ""technical_feasibility"": 5,
    ""business_viability"": 3
  },
  ""reasoning"": ""CodeCanvas has the potential to disrupt the way kids learn programming, and its unique value proposition of bridging the gap between block-based and text-based coding is compelling. With the right execution, it can become a leading platform in the edtech space.""
}",8,invest,80,4,5,3,"CodeCanvas has the potential to disrupt the way kids learn programming, and its unique value proposition of bridging the gap between block-based and text-based coding is compelling. With the right execution, it can become a leading platform in the edtech space.",True
CASE_SYN_011,models/Meta-Llama-3-8B-Instruct,models/Meta-Llama-3-8B-Instruct,vllm,http://localhost:8000/v1,C1,5,3bb65d16,0.0,2026-08-28T17:47:08.374273,1,"{
  ""score"": 8,
  ""verdict"": ""invest"",
  ""confidence"": 80,
  ""rubric_scores"": {
    ""market_potential"": 4,
    ""technical_feasibility"": 5,
    ""business_viability"": 3
  },
  ""reasoning"": ""CodeCanvas has the potential to disrupt the way kids learn programming, and its unique value proposition of bridging the gap between block-based and text-based coding is compelling. With the right execution, it can become a leading platform in the edtech space.""
}",8,invest,80,4,5,3,"CodeCanvas has the potential to disrupt the way kids learn programming, and its unique value proposition of bridging the gap between block-based and text-based coding is compelling. With the right execution, it can become a leading platform in the edtech space.",True
CASE_SYN_011,models/Meta-Llama-3-8B-Instruct,models/Meta-Llama-3-8B-Instruct,vllm,http://localhost:8000/v1,C1,6,3bb65d16,0.0,2026-08-28T17:47:18.415138,1,"{
  ""score"": 8,
  ""verdict"": ""invest"",
  ""confidence"": 80,
  ""rubric_scores"": {
    ""market_potential"": 4,
    ""technical_feasibility"": 4,
    ""business_viability"": 3
  },
  ""reasoning"": ""CodeCanvas has the potential to disrupt the way kids learn programming, and its unique value proposition of bridging the gap between block-based and text-based coding is compelling. With the right execution, it can become a leading platform in the ed-tech space.""
}",8,invest,80,4,4,3,"CodeCanvas has the potential to disrupt the way kids learn programming, and its unique value proposition of bridging the gap between block-based and text-based coding is compelling. With the right execution, it can become a leading platform in the ed-tech space.",True
CASE_SYN_011,models/Meta-Llama-3-8B-Instruct,models/Meta-Llama-3-8B-Instruct,vllm,http://localhost:8000/v1,C1,7,3bb65d16,0.0,2026-08-28T17:47:25.466018,1,"{
  ""score"": 8,
  ""verdict"": ""invest"",
  ""confidence"": 80,
  ""rubric_scores"": {
    ""market_potential"": 4,
    ""technical_feasibility"": 5,
    ""business_viability"": 3
  },
  ""reasoning"": ""CodeCanvas has the potential to disrupt the way kids learn programming, and its unique value proposition of bridging the gap between block-based and text-based coding is compelling. With the right execution, it can become a leading platform in the ed-tech space.""
}",8,invest,80,4,5,3,"CodeCanvas has the potential to disrupt the way kids learn programming, and its unique value proposition of bridging the gap between block-based and text-based coding is compelling. With the right execution, it can become a leading platform in the ed-tech space.",True
CASE_SYN_011,models/Meta-Llama-3-8B-Instruct,models/Meta-Llama-3-8B-Instruct,vllm,http://localhost:8000/v1,C1,8,3bb65d16,0.0,2026-08-28T17:47:35.073014,1,"{
  ""score"": 8,
  ""verdict"": ""invest"",
  ""confidence"": 80,
  ""rubric_scores"": {
    ""market_potential"": 4,
    ""technical_feasibility"": 5,
    ""business_viability"": 3
  },
  ""reasoning"": ""CodeCanvas has the potential to disrupt the way kids learn programming, and its unique value proposition of bridging the gap between block-based and text-based coding is compelling. With the right execution, it can become a leading platform in the ed-tech space.""
}",8,invest,80,4,5,3,"CodeCanvas has the potential to disrupt the way kids learn programming, and its unique value proposition of bridging the gap between block-based and text-based coding is compelling. With the right execution, it can become a leading platform in the ed-tech space.",True
CASE_SYN_012,models/Meta-Llama-3-8B-Instruct,models/Meta-Llama-3-8B-Instruct,vllm,http://localhost:8000/v1,C1,1,3bb65d16,0.0,2026-08-28T17:47:40.517990,1,"{
  ""score"": 8,
  ""verdict"": ""invest"",
  ""confidence"": 80,
  ""rubric_scores"": {
    ""market_potential"": 4,
    ""technical_feasibility"": 4,
    ""business_viability"": 3
  },
  ""reasoning"": ""LocalLoop has a unique value proposition that addresses a specific pain point in local communities, and its technical feasibility seems reasonable. However, its business viability is uncertain, and further market research is needed to validate its potential.""
}",8,invest,80,4,4,3,"LocalLoop has a unique value proposition that addresses a specific pain point in local communities, and its technical feasibility seems reasonable. However, its business viability is uncertain, and further market research is needed to validate its potential.",True
CASE_SYN_012,models/Meta-Llama-3-8B-Instruct,models/Meta-Llama-3-8B-Instruct,vllm,http://localhost:8000/v1,C1,2,3bb65d16,0.0,2026-08-28T17:47:42.436110,1,"{
  ""score"": 8,
  ""verdict"": ""invest"",
  ""confidence"": 80,
  ""rubric_scores"": {
    ""market_potential"": 4,
    ""technical_feasibility"": 4,
    ""business_viability"": 3
  },
  ""reasoning"": ""LocalLoop has a unique value proposition that addresses a specific pain point in local communities, and its technical feasibility seems reasonable. However, its business viability is uncertain, and further market research is needed to validate its potential.""
}",8,invest,80,4,4,3,"LocalLoop has a unique value proposition that addresses a specific pain point in local communities, and its technical feasibility seems reasonable. However, its business viability is uncertain, and further market research is needed to validate its potential.",True
CASE_SYN_012,models/Meta-Llama-3-8B-Instruct,models/Meta-Llama-3-8B-Instruct,vllm,http://localhost:8000/v1,C1,3,3bb65d16,0.0,2026-08-28T17:47:44.353684,1,"{
  ""score"": 8,
  ""verdict"": ""invest"",
  ""confidence"": 80,
  ""rubric_scores"": {
    ""market_potential"": 4,
    ""technical_feasibility"": 4,
    ""business_viability"": 3
  },
  ""reasoning"": ""LocalLoop has a unique value proposition that addresses a specific pain point in local communities, and its technical feasibility seems reasonable. However, its business viability is uncertain, and further market research is needed to validate its potential.""
}",8,invest,80,4,4,3,"LocalLoop has a unique value proposition that addresses a specific pain point in local communities, and its technical feasibility seems reasonable. However, its business viability is uncertain, and further market research is needed to validate its potential.",True
CASE_SYN_011,models/Meta-Llama-3-8B-Instruct,models/Meta-Llama-3-8B-Instruct,vllm,http://localhost:8000/v1,C1,9,3bb65d16,0.0,2026-08-28T17:47:41.268991,1,"{
  ""score"": 8,
  ""verdict"": ""invest"",
  ""confidence"": 80,
  ""rubric_scores"": {
    ""market_potential"": 4,
    ""technical_feasibility"": 5,
    ""business_viability"": 3
  },
  ""reasoning"": ""CodeCanvas has the potential to disrupt the way kids learn programming, and its unique value proposition of bridging the gap between block-based and text-based coding is compelling. With the right execution, it can become a leading platform in the ed-tech space.""
}",8,invest,80,4,5,3,"CodeCanvas has the potential to disrupt the way kids learn programming, and its unique value proposition of bridging the gap between block-based and text-based coding is compelling. With the right execution, it can become a leading platform in the ed-tech space.",True
CASE_SYN_012,models/Meta-Llama-3-8B-Instruct,models/Meta-Llama-3-8B-Instruct,vllm,http://localhost:8000/v1,C1,4,3bb65d16,0.0,2026-08-28T17:47:44.556018,1,"{
  ""score"": 8,
  ""verdict"": ""invest"",
  ""confidence"": 80,
  ""rubric_scores"": {
    ""market_potential"": 4,
    ""technical_feasibility"": 4,
    ""business_viability"": 3
  },
  ""reasoning"": ""LocalLoop has a unique value proposition that addresses a specific pain point in local communities, and its technical feasibility seems reasonable. However, its business viability is uncertain, and further market research is needed to validate its potential.""
}",8,invest,80,4,4,3,"LocalLoop has a unique value proposition that addresses a specific pain point in local communities, and its technical feasibility seems reasonable. However, its business viability is uncertain, and further market research is needed to validate its potential.",True
CASE_SYN_011,models/Meta-Llama-3-8B-Instruct,models/Meta-Llama-3-8B-Instruct,vllm,http://localhost:8000/v1,C1,10,3bb65d16,0.0,2026-08-28T17:47:41.891016,1,"{
  ""score"": 8,
  ""verdict"": ""invest"",
  ""confidence"": 80,
  ""rubric_scores"": {
    ""market_potential"": 4,
    ""technical_feasibility"": 5,
    ""business_viability"": 3
  },
  ""reasoning"": ""CodeCanvas has the potential to disrupt the way kids learn programming, and its unique value proposition of bridging the gap between block-based and text-based coding is compelling. With the right execution, it can become a leading platform in the ed-tech space.""
}",8,invest,80,4,5,3,"CodeCanvas has the potential to disrupt the way kids learn programming, and its unique value proposition of bridging the gap between block-based and text-based coding is compelling. With the right execution, it can become a leading platform in the ed-tech space.",True
CASE_SYN_012,models/Meta-Llama-3-8B-Instruct,models/Meta-Llama-3-8B-Instruct,vllm,http://localhost:8000/v1,C1,5,3bb65d16,0.0,2026-08-28T17:48:00.547531,1,"{
  ""score"": 8,
  ""verdict"": ""invest"",
  ""confidence"": 80,
  ""rubric_scores"": {
    ""market_potential"": 4,
    ""technical_feasibility"": 4,
    ""business_viability"": 3
  },
  ""reasoning"": ""LocalLoop has a unique value proposition that addresses a specific pain point in local communities, and its technical feasibility seems reasonable. However, its business viability is uncertain, and further market research is needed to validate its potential.""
}",8,invest,80,4,4,3,"LocalLoop has a unique value proposition that addresses a specific pain point in local communities, and its technical feasibility seems reasonable. However, its business viability is uncertain, and further market research is needed to validate its potential.",True
CASE_SYN_012,models/Meta-Llama-3-8B-Instruct,models/Meta-Llama-3-8B-Instruct,vllm,http://localhost:8000/v1,C1,6,3bb65d16,0.0,2026-08-28T17:48:10.593115,1,"{
  ""score"": 8,
  ""verdict"": ""invest"",
  ""confidence"": 80,
  ""rubric_scores"": {
    ""market_potential"": 4,
    ""technical_feasibility"": 4,
    ""business_viability"": 3
  },
  ""reasoning"": ""LocalLoop has a unique value proposition that addresses a specific pain point in local communities, and its technical feasibility seems reasonable. However, its business viability is uncertain, and further market research is needed to validate its potential.""
}",8,invest,80,4,4,3,"LocalLoop has a unique value proposition that addresses a specific pain point in local communities, and its technical feasibility seems reasonable. However, its business viability is uncertain, and further market research is needed to validate its potential.",True
CASE_SYN_012,models/Meta-Llama-3-8B-Instruct,models/Meta-Llama-3-8B-Instruct,vllm,http://localhost:8000/v1,C1,7,3bb65d16,0.0,2026-08-28T17:48:18.086030,1,"{
  ""score"": 8,
  ""verdict"": ""invest"",
  ""confidence"": 80,
  ""rubric_scores"": {
    ""market_potential"": 4,
    ""technical_feasibility"": 4,
    ""business_viability"": 3
  },
  ""reasoning"": ""LocalLoop has a unique value proposition that addresses a specific pain point in local communities, and its technical feasibility seems reasonable. However, its business viability is uncertain, and further market research is needed to validate its potential.""
}",8,invest,80,4,4,3,"LocalLoop has a unique value proposition that addresses a specific pain point in local communities, and its technical feasibility seems reasonable. However, its business viability is uncertain, and further market research is needed to validate its potential.",True
CASE_SYN_012,models/Meta-Llama-3-8B-Instruct,models/Meta-Llama-3-8B-Instruct,vllm,http://localhost:8000/v1,C1,8,3bb65d16,0.0,2026-08-28T17:48:27.710978,1,"{
  ""score"": 8,
  ""verdict"": ""invest"",
  ""confidence"": 80,
  ""rubric_scores"": {
    ""market_potential"": 4,
    ""technical_feasibility"": 4,
    ""business_viability"": 3
  },
  ""reasoning"": ""LocalLoop has a unique value proposition that addresses a specific pain point in local communities, and its technical feasibility seems reasonable. However, its business viability is uncertain, and further market research is needed to validate its potential.""
}",8,invest,80,4,4,3,"LocalLoop has a unique value proposition that addresses a specific pain point in local communities, and its technical feasibility seems reasonable. However, its business viability is uncertain, and further market research is needed to validate its potential.",True
CASE_SYN_012,models/Meta-Llama-3-8B-Instruct,models/Meta-Llama-3-8B-Instruct,vllm,http://localhost:8000/v1,C1,9,3bb65d16,0.0,2026-08-28T17:48:30.484413,1,"{
  ""score"": 8,
  ""verdict"": ""invest"",
  ""confidence"": 80,
  ""rubric_scores"": {
    ""market_potential"": 4,
    ""technical_feasibility"": 4,
    ""business_viability"": 3
  },
  ""reasoning"": ""LocalLoop has a unique value proposition that addresses a specific pain point in local communities, and its technical feasibility seems reasonable. However, its business viability is uncertain, and further market research is needed to validate its potential.""
}",8,invest,80,4,4,3,"LocalLoop has a unique value proposition that addresses a specific pain point in local communities, and its technical feasibility seems reasonable. However, its business viability is uncertain, and further market research is needed to validate its potential.",True
CASE_SYN_012,models/Meta-Llama-3-8B-Instruct,models/Meta-Llama-3-8B-Instruct,vllm,http://localhost:8000/v1,C1,10,3bb65d16,0.0,2026-08-28T17:48:32.393032,1,"{
  ""score"": 8,
  ""verdict"": ""invest"",
  ""confidence"": 80,
  ""rubric_scores"": {
    ""market_potential"": 4,
    ""technical_feasibility"": 4,
    ""business_viability"": 3
  },
  ""reasoning"": ""LocalLoop has a unique value proposition that addresses a specific pain point in local communities, and its technical feasibility seems reasonable. However, its business viability is uncertain, and further market research is needed to validate its potential.""
}",8,invest,80,4,4,3,"LocalLoop has a unique value proposition that addresses a specific pain point in local communities, and its technical feasibility seems reasonable. However, its business viability is uncertain, and further market research is needed to validate its potential.",True
CASE_SYN_013,models/Meta-Llama-3-8B-Instruct,models/Meta-Llama-3-8B-Instruct,vllm,http://localhost:8000/v1,C1,2,3bb65d16,0.0,2026-08-28T17:48:32.936793,1,"{
  ""score"": 8,
  ""verdict"": ""invest"",
  ""confidence"": 80,
  ""rubric_scores"": {
    ""market_potential"": 4,
    ""technical_feasibility"": 5,
    ""business_viability"": 3
  },
  ""reasoning"": ""ThermoMug addresses a common pain point for coffee lovers, and its precise temperature control technology has the potential to disrupt the beverage industry. While there are some technical and business viability concerns, I believe the idea has enough potential to warrant further exploration.""
}",8,invest,80,4,5,3,"ThermoMug addresses a common pain point for coffee lovers, and its precise temperature control technology has the potential to disrupt the beverage industry. While there are some technical and business viability concerns, I believe the idea has enough potential to warrant further exploration.",True
CASE_SYN_013,models/Meta-Llama-3-8B-Instruct,models/Meta-Llama-3-8B-Instruct,vllm,http://localhost:8000/v1,C1,1,3bb65d16,0.0,2026-08-28T17:48:32.736767,1,"{
  ""score"": 8,
  ""verdict"": ""invest"",
  ""confidence"": 80,
  ""rubric_scores"": {
    ""market_potential"": 4,
    ""technical_feasibility"": 5,
    ""business_viability"": 3
  },
  ""reasoning"": ""ThermoMug addresses a common pain point for coffee lovers, and its precise temperature control technology has the potential to disrupt the beverage industry. While there are some technical and business viability concerns, I believe the idea has enough potential to warrant further exploration.""
}",8,invest,80,4,5,3,"ThermoMug addresses a common pain point for coffee lovers, and its precise temperature control technology has the potential to disrupt the beverage industry. While there are some technical and business viability concerns, I believe the idea has enough potential to warrant further exploration.",True
CASE_SYN_013,models/Meta-Llama-3-8B-Instruct,models/Meta-Llama-3-8B-Instruct,vllm,http://localhost:8000/v1,C1,3,3bb65d16,0.0,2026-08-28T17:48:33.137256,1,"{
  ""score"": 8,
  ""verdict"": ""invest"",
  ""confidence"": 80,
  ""rubric_scores"": {
    ""market_potential"": 4,
    ""technical_feasibility"": 5,
    ""business_viability"": 3
  },
  ""reasoning"": ""ThermoMug addresses a common pain point for coffee lovers, and its precise temperature control technology has the potential to disrupt the beverage industry. While there are some technical and business viability concerns, I believe the idea has enough potential to warrant further exploration.""
}",8,invest,80,4,5,3,"ThermoMug addresses a common pain point for coffee lovers, and its precise temperature control technology has the potential to disrupt the beverage industry. While there are some technical and business viability concerns, I believe the idea has enough potential to warrant further exploration.",True
CASE_SYN_013,models/Meta-Llama-3-8B-Instruct,models/Meta-Llama-3-8B-Instruct,vllm,http://localhost:8000/v1,C1,4,3bb65d16,0.0,2026-08-28T17:48:33.758382,1,"{
  ""score"": 8,
  ""verdict"": ""invest"",
  ""confidence"": 80,
  ""rubric_scores"": {
    ""market_potential"": 4,
    ""technical_feasibility"": 4,
    ""business_viability"": 3
  },
  ""reasoning"": ""ThermoMug addresses a common pain point for coffee lovers, and its precise temperature control technology has the potential to disrupt the beverage industry. While there are some technical and business viability concerns, I believe the idea has enough potential to warrant further exploration.""
}",8,invest,80,4,4,3,"ThermoMug addresses a common pain point for coffee lovers, and its precise temperature control technology has the potential to disrupt the beverage industry. While there are some technical and business viability concerns, I believe the idea has enough potential to warrant further exploration.",True
CASE_SYN_013,models/Meta-Llama-3-8B-Instruct,models/Meta-Llama-3-8B-Instruct,vllm,http://localhost:8000/v1,C1,5,3bb65d16,0.0,2026-08-28T17:48:49.789989,1,"{
  ""score"": 8,
  ""verdict"": ""invest"",
  ""confidence"": 80,
  ""rubric_scores"": {
    ""market_potential"": 4,
    ""technical_feasibility"": 5,
    ""business_viability"": 3
  },
  ""reasoning"": ""ThermoMug addresses a common pain point for coffee lovers, and its precise temperature control technology has the potential to disrupt the beverage industry. While there are some technical and business viability concerns, I believe the idea has enough potential to warrant further exploration.""
}",8,invest,80,4,5,3,"ThermoMug addresses a common pain point for coffee lovers, and its precise temperature control technology has the potential to disrupt the beverage industry. While there are some technical and business viability concerns, I believe the idea has enough potential to warrant further exploration.",True
CASE_SYN_013,models/Meta-Llama-3-8B-Instruct,models/Meta-Llama-3-8B-Instruct,vllm,http://localhost:8000/v1,C1,6,3bb65d16,0.0,2026-08-28T17:48:59.829246,1,"{
  ""score"": 8,
  ""verdict"": ""invest"",
  ""confidence"": 80,
  ""rubric_scores"": {
    ""market_potential"": 4,
    ""technical_feasibility"": 4,
    ""business_viability"": 3
  },
  ""reasoning"": ""ThermoMug addresses a common pain point for coffee lovers, and its precise temperature control technology has the potential to disrupt the beverage industry. While there are some technical and business viability concerns, I believe the idea has enough potential to warrant further exploration.""
}",8,invest,80,4,4,3,"ThermoMug addresses a common pain point for coffee lovers, and its precise temperature control technology has the potential to disrupt the beverage industry. While there are some technical and business viability concerns, I believe the idea has enough potential to warrant further exploration.",True
CASE_SYN_013,models/Meta-Llama-3-8B-Instruct,models/Meta-Llama-3-8B-Instruct,vllm,http://localhost:8000/v1,C1,7,3bb65d16,0.0,2026-08-28T17:49:07.746987,1,"{
  ""score"": 8,
  ""verdict"": ""invest"",
  ""confidence"": 80,
  ""rubric_scores"": {
    ""market_potential"": 4,
    ""technical_feasibility"": 5,
    ""business_viability"": 3
  },
  ""reasoning"": ""ThermoMug addresses a common pain point for coffee lovers, and its precise temperature control technology has the potential to disrupt the beverage industry. While there are some technical and business viability concerns, I believe the idea has enough potential to warrant further exploration.""
}",8,invest,80,4,5,3,"ThermoMug addresses a common pain point for coffee lovers, and its precise temperature control technology has the potential to disrupt the beverage industry. While there are some technical and business viability concerns, I believe the idea has enough potential to warrant further exploration.",True
CASE_SYN_013,models/Meta-Llama-3-8B-Instruct,models/Meta-Llama-3-8B-Instruct,vllm,http://localhost:8000/v1,C1,8,3bb65d16,0.0,2026-08-28T17:49:17.367113,1,"{
  ""score"": 8,
  ""verdict"": ""invest"",
  ""confidence"": 80,
  ""rubric_scores"": {
    ""market_potential"": 4,
    ""technical_feasibility"": 5,
    ""business_viability"": 3
  },
  ""reasoning"": ""ThermoMug addresses a common pain point for coffee lovers, and its precise temperature control technology has the potential to disrupt the beverage industry. While there are some technical and business viability concerns, I believe the idea has enough potential to warrant further exploration.""
}",8,invest,80,4,5,3,"ThermoMug addresses a common pain point for coffee lovers, and its precise temperature control technology has the potential to disrupt the beverage industry. While there are some technical and business viability concerns, I believe the idea has enough potential to warrant further exploration.",True
CASE_SYN_013,models/Meta-Llama-3-8B-Instruct,models/Meta-Llama-3-8B-Instruct,vllm,http://localhost:8000/v1,C1,9,3bb65d16,0.0,2026-08-28T17:49:20.561589,1,"{
  ""score"": 8,
  ""verdict"": ""invest"",
  ""confidence"": 80,
  ""rubric_scores"": {
    ""market_potential"": 4,
    ""technical_feasibility"": 5,
    ""business_viability"": 3
  },
  ""reasoning"": ""ThermoMug addresses a common pain point for coffee lovers, and its precise temperature control technology has the potential to disrupt the beverage industry. While there are some technical and business viability concerns, I believe the idea has enough potential to warrant further exploration.""
}",8,invest,80,4,5,3,"ThermoMug addresses a common pain point for coffee lovers, and its precise temperature control technology has the potential to disrupt the beverage industry. While there are some technical and business viability concerns, I believe the idea has enough potential to warrant further exploration.",True
CASE_SYN_014,models/Meta-Llama-3-8B-Instruct,models/Meta-Llama-3-8B-Instruct,vllm,http://localhost:8000/v1,C1,2,3bb65d16,0.0,2026-08-28T17:49:24.303618,1,"{
  ""score"": 8,
  ""verdict"": ""invest"",
  ""confidence"": 80,
  ""rubric_scores"": {
    ""market_potential"": 4,
    ""technical_feasibility"": 5,
    ""business_viability"": 3
  },
  ""reasoning"": ""The AirPure Mask addresses a pressing need in the market, combining a reusable design with advanced air quality monitoring. While there are some technical and business viability challenges to overcome, the potential for growth and impact is significant.""
}",8,invest,80,4,5,3,"The AirPure Mask addresses a pressing need in the market, combining a reusable design with advanced air quality monitoring. While there are some technical and business viability challenges to overcome, the potential for growth and impact is significant.",True
CASE_SYN_014,models/Meta-Llama-3-8B-Instruct,models/Meta-Llama-3-8B-Instruct,vllm,http://localhost:8000/v1,C1,1,3bb65d16,0.0,2026-08-28T17:49:24.103457,1,"{
  ""score"": 8,
  ""verdict"": ""invest"",
  ""confidence"": 80,
  ""rubric_scores"": {
    ""market_potential"": 4,
    ""technical_feasibility"": 5,
    ""business_viability"": 3
  },
  ""reasoning"": ""The AirPure Mask addresses a pressing need in the market, combining a reusable design with advanced air quality monitoring. While there are some technical and business viability challenges to overcome, the potential for growth and impact is significant.""
}",8,invest,80,4,5,3,"The AirPure Mask addresses a pressing need in the market, combining a reusable design with advanced air quality monitoring. While there are some technical and business viability challenges to overcome, the potential for growth and impact is significant.",True
CASE_SYN_014,models/Meta-Llama-3-8B-Instruct,models/Meta-Llama-3-8B-Instruct,vllm,http://localhost:8000/v1,C1,3,3bb65d16,0.0,2026-08-28T17:49:24.934292,1,"{
  ""score"": 8,
  ""verdict"": ""invest"",
  ""confidence"": 80,
  ""rubric_scores"": {
    ""market_potential"": 4,
    ""technical_feasibility"": 5,
    ""business_viability"": 3
  },
  ""reasoning"": ""The AirPure Mask addresses a pressing need in the market, combining a reusable design with advanced air quality monitoring. While there are some technical and business viability challenges to overcome, the potential for growth and impact is significant.""
}",8,invest,80,4,5,3,"The AirPure Mask addresses a pressing need in the market, combining a reusable design with advanced air quality monitoring. While there are some technical and business viability challenges to overcome, the potential for growth and impact is significant.",True
CASE_SYN_014,models/Meta-Llama-3-8B-Instruct,models/Meta-Llama-3-8B-Instruct,vllm,http://localhost:8000/v1,C1,4,3bb65d16,0.0,2026-08-28T17:49:25.560026,1,"{
  ""score"": 8,
  ""verdict"": ""invest"",
  ""confidence"": 80,
  ""rubric_scores"": {
    ""market_potential"": 4,
    ""technical_feasibility"": 5,
    ""business_viability"": 3
  },
  ""reasoning"": ""The AirPure Mask addresses a pressing need in the market, combining a reusable design with advanced air quality monitoring. While there are some technical and business viability challenges to overcome, the potential for growth and impact is significant.""
}",8,invest,80,4,5,3,"The AirPure Mask addresses a pressing need in the market, combining a reusable design with advanced air quality monitoring. While there are some technical and business viability challenges to overcome, the potential for growth and impact is significant.",True
CASE_SYN_013,models/Meta-Llama-3-8B-Instruct,models/Meta-Llama-3-8B-Instruct,vllm,http://localhost:8000/v1,C1,10,3bb65d16,0.0,2026-08-28T17:49:22.470385,1,"{
  ""score"": 8,
  ""verdict"": ""invest"",
  ""confidence"": 80,
  ""rubric_scores"": {
    ""market_potential"": 4,
    ""technical_feasibility"": 5,
    ""business_viability"": 3
  },
  ""reasoning"": ""ThermoMug addresses a common pain point for coffee lovers, and its precise temperature control technology has the potential to disrupt the beverage industry. While there are some technical and business viability concerns, I believe the idea has enough potential to warrant further exploration.""
}",8,invest,80,4,5,3,"ThermoMug addresses a common pain point for coffee lovers, and its precise temperature control technology has the potential to disrupt the beverage industry. While there are some technical and business viability concerns, I believe the idea has enough potential to warrant further exploration.",True
CASE_SYN_014,models/Meta-Llama-3-8B-Instruct,models/Meta-Llama-3-8B-Instruct,vllm,http://localhost:8000/v1,C1,5,3bb65d16,0.0,2026-08-28T17:49:42.013346,1,"{
  ""score"": 8,
  ""verdict"": ""invest"",
  ""confidence"": 80,
  ""rubric_scores"": {
    ""market_potential"": 4,
    ""technical_feasibility"": 5,
    ""business_viability"": 3
  },
  ""reasoning"": ""The AirPure Mask addresses a pressing need in the market, combining a reusable design with advanced air quality monitoring. While there are some technical and business viability challenges to overcome, the potential for growth and impact is significant.""
}",8,invest,80,4,5,3,"The AirPure Mask addresses a pressing need in the market, combining a reusable design with advanced air quality monitoring. While there are some technical and business viability challenges to overcome, the potential for growth and impact is significant.",True
CASE_SYN_014,models/Meta-Llama-3-8B-Instruct,models/Meta-Llama-3-8B-Instruct,vllm,http://localhost:8000/v1,C1,6,3bb65d16,0.0,2026-08-28T17:49:52.047039,1,"{
  ""score"": 8,
  ""verdict"": ""invest"",
  ""confidence"": 80,
  ""rubric_scores"": {
    ""market_potential"": 4,
    ""technical_feasibility"": 5,
    ""business_viability"": 3
  },
  ""reasoning"": ""The AirPure Mask addresses a pressing need in the market, combining a reusable design with advanced air quality monitoring. While there are some technical and business viability challenges to overcome, the potential for growth and impact is significant.""
}",8,invest,80,4,5,3,"The AirPure Mask addresses a pressing need in the market, combining a reusable design with advanced air quality monitoring. While there are some technical and business viability challenges to overcome, the potential for growth and impact is significant.",True
CASE_SYN_014,models/Meta-Llama-3-8B-Instruct,models/Meta-Llama-3-8B-Instruct,vllm,http://localhost:8000/v1,C1,7,3bb65d16,0.0,2026-08-28T17:50:00.393992,1,"{
  ""score"": 8,
  ""verdict"": ""invest"",
  ""confidence"": 80,
  ""rubric_scores"": {
    ""market_potential"": 4,
    ""technical_feasibility"": 5,
    ""business_viability"": 3
  },
  ""reasoning"": ""The AirPure Mask addresses a pressing need in the market, combining a reusable design with advanced air quality monitoring. While there are some technical and business viability challenges to overcome, the potential for growth and impact is significant.""
}",8,invest,80,4,5,3,"The AirPure Mask addresses a pressing need in the market, combining a reusable design with advanced air quality monitoring. While there are some technical and business viability challenges to overcome, the potential for growth and impact is significant.",True
CASE_SYN_014,models/Meta-Llama-3-8B-Instruct,models/Meta-Llama-3-8B-Instruct,vllm,http://localhost:8000/v1,C1,8,3bb65d16,0.0,2026-08-28T17:50:10.007037,1,"{
  ""score"": 8,
  ""verdict"": ""invest"",
  ""confidence"": 80,
  ""rubric_scores"": {
    ""market_potential"": 4,
    ""technical_feasibility"": 5,
    ""business_viability"": 3
  },
  ""reasoning"": ""The AirPure Mask addresses a pressing need in the market, combining a reusable design with advanced air quality monitoring. While there are some technical and business viability challenges to overcome, the potential for growth and impact is significant.""
}",8,invest,80,4,5,3,"The AirPure Mask addresses a pressing need in the market, combining a reusable design with advanced air quality monitoring. While there are some technical and business viability challenges to overcome, the potential for growth and impact is significant.",True
CASE_SYN_015,models/Meta-Llama-3-8B-Instruct,models/Meta-Llama-3-8B-Instruct,vllm,http://localhost:8000/v1,C1,1,3bb65d16,0.0,2026-08-28T17:50:12.473209,1,"{
  ""score"": 8,
  ""verdict"": ""invest"",
  ""confidence"": 80,
  ""rubric_scores"": {
    ""market_potential"": 4,
    ""technical_feasibility"": 4,
    ""business_viability"": 3
  },
  ""reasoning"": ""BookBuddy has a strong potential to improve children's reading skills and foster a love for reading. While there are some technical and business viability concerns, the idea's potential impact and scalability make it an attractive investment opportunity.""
}",8,invest,80,4,4,3,"BookBuddy has a strong potential to improve children's reading skills and foster a love for reading. While there are some technical and business viability concerns, the idea's potential impact and scalability make it an attractive investment opportunity.",True
CASE_SYN_014,models/Meta-Llama-3-8B-Instruct,models/Meta-Llama-3-8B-Instruct,vllm,http://localhost:8000/v1,C1,9,3bb65d16,0.0,2026-08-28T17:50:13.639594,1,"{
  ""score"": 8,
  ""verdict"": ""invest"",
  ""confidence"": 80,
  ""rubric_scores"": {
    ""market_potential"": 4,
    ""technical_feasibility"": 5,
    ""business_viability"": 3
  },
  ""reasoning"": ""The AirPure Mask addresses a pressing need in the market, combining a reusable design with advanced air quality monitoring. While there are some technical and business viability challenges to overcome, the potential for growth and impact is significant.""
}",8,invest,80,4,5,3,"The AirPure Mask addresses a pressing need in the market, combining a reusable design with advanced air quality monitoring. While there are some technical and business viability challenges to overcome, the potential for growth and impact is significant.",True
CASE_SYN_014,models/Meta-Llama-3-8B-Instruct,models/Meta-Llama-3-8B-Instruct,vllm,http://localhost:8000/v1,C1,10,3bb65d16,0.0,2026-08-28T17:50:14.273014,1,"{
  ""score"": 8,
  ""verdict"": ""invest"",
  ""confidence"": 80,
  ""rubric_scores"": {
    ""market_potential"": 4,
    ""technical_feasibility"": 5,
    ""business_viability"": 3
  },
  ""reasoning"": ""The AirPure Mask addresses a pressing need in the market, combining a reusable design with advanced air quality monitoring. While there are some technical and business viability challenges to overcome, the potential for growth and impact is significant.""
}",8,invest,80,4,5,3,"The AirPure Mask addresses a pressing need in the market, combining a reusable design with advanced air quality monitoring. While there are some technical and business viability challenges to overcome, the potential for growth and impact is significant.",True
CASE_SYN_015,models/Meta-Llama-3-8B-Instruct,models/Meta-Llama-3-8B-Instruct,vllm,http://localhost:8000/v1,C1,2,3bb65d16,0.0,2026-08-28T17:50:13.519410,1,"{
  ""score"": 8,
  ""verdict"": ""invest"",
  ""confidence"": 80,
  ""rubric_scores"": {
    ""market_potential"": 4,
    ""technical_feasibility"": 4,
    ""business_viability"": 3
  },
  ""reasoning"": ""BookBuddy has a strong potential to improve children's reading skills and foster a love for reading. While there are some technical and business viability concerns, the idea's potential to make a positive impact on children's education outweighs these risks.""
}",8,invest,80,4,4,3,"BookBuddy has a strong potential to improve children's reading skills and foster a love for reading. While there are some technical and business viability concerns, the idea's potential to make a positive impact on children's education outweighs these risks.",True
CASE_SYN_015,models/Meta-Llama-3-8B-Instruct,models/Meta-Llama-3-8B-Instruct,vllm,http://localhost:8000/v1,C1,4,3bb65d16,0.0,2026-08-28T17:50:14.375763,1,"{
  ""score"": 8,
  ""verdict"": ""invest"",
  ""confidence"": 80,
  ""rubric_scores"": {
    ""market_potential"": 4,
    ""technical_feasibility"": 4,
    ""business_viability"": 3
  },
  ""reasoning"": ""BookBuddy has a strong potential to improve children's reading skills and foster a love for reading. While there are some technical and business viability concerns, the idea's potential to make a positive impact on children's education outweighs these risks.""
}",8,invest,80,4,4,3,"BookBuddy has a strong potential to improve children's reading skills and foster a love for reading. While there are some technical and business viability concerns, the idea's potential to make a positive impact on children's education outweighs these risks.",True
CASE_SYN_015,models/Meta-Llama-3-8B-Instruct,models/Meta-Llama-3-8B-Instruct,vllm,http://localhost:8000/v1,C1,3,3bb65d16,0.0,2026-08-28T17:50:14.173990,1,"{
  ""score"": 8,
  ""verdict"": ""invest"",
  ""confidence"": 80,
  ""rubric_scores"": {
    ""market_potential"": 4,
    ""technical_feasibility"": 4,
    ""business_viability"": 3
  },
  ""reasoning"": ""BookBuddy has a strong potential to improve children's reading skills and foster a love for reading. While there are some technical and business viability concerns, the idea's potential to make a positive impact on children's education outweighs these risks.""
}",8,invest,80,4,4,3,"BookBuddy has a strong potential to improve children's reading skills and foster a love for reading. While there are some technical and business viability concerns, the idea's potential to make a positive impact on children's education outweighs these risks.",True
CASE_SYN_015,models/Meta-Llama-3-8B-Instruct,models/Meta-Llama-3-8B-Instruct,vllm,http://localhost:8000/v1,C1,5,3bb65d16,0.0,2026-08-28T17:50:31.212978,1,"{
  ""score"": 8,
  ""verdict"": ""invest"",
  ""confidence"": 80,
  ""rubric_scores"": {
    ""market_potential"": 4,
    ""technical_feasibility"": 4,
    ""business_viability"": 3
  },
  ""reasoning"": ""BookBuddy has a strong potential to improve children's reading skills and foster a love for reading. While there are some technical and business viability concerns, the idea's potential to make a positive impact on children's education outweighs these risks.""
}",8,invest,80,4,4,3,"BookBuddy has a strong potential to improve children's reading skills and foster a love for reading. While there are some technical and business viability concerns, the idea's potential to make a positive impact on children's education outweighs these risks.",True
CASE_SYN_015,models/Meta-Llama-3-8B-Instruct,models/Meta-Llama-3-8B-Instruct,vllm,http://localhost:8000/v1,C1,6,3bb65d16,0.0,2026-08-28T17:50:41.242995,1,"{
  ""score"": 8,
  ""verdict"": ""invest"",
  ""confidence"": 80,
  ""rubric_scores"": {
    ""market_potential"": 4,
    ""technical_feasibility"": 4,
    ""business_viability"": 3
  },
  ""reasoning"": ""BookBuddy has a strong potential to improve children's reading skills and foster a love for reading. While there are some technical and business viability concerns, the idea's potential to make a positive impact on children's education outweighs these risks.""
}",8,invest,80,4,4,3,"BookBuddy has a strong potential to improve children's reading skills and foster a love for reading. While there are some technical and business viability concerns, the idea's potential to make a positive impact on children's education outweighs these risks.",True
CASE_SYN_015,models/Meta-Llama-3-8B-Instruct,models/Meta-Llama-3-8B-Instruct,vllm,http://localhost:8000/v1,C1,7,3bb65d16,0.0,2026-08-28T17:50:49.994017,1,"{
  ""score"": 8,
  ""verdict"": ""invest"",
  ""confidence"": 80,
  ""rubric_scores"": {
    ""market_potential"": 4,
    ""technical_feasibility"": 4,
    ""business_viability"": 3
  },
  ""reasoning"": ""BookBuddy has a strong potential to improve children's reading skills and foster a love for reading. While there are some technical and business viability concerns, the idea's potential to make a positive impact on children's education outweighs these risks.""
}",8,invest,80,4,4,3,"BookBuddy has a strong potential to improve children's reading skills and foster a love for reading. While there are some technical and business viability concerns, the idea's potential to make a positive impact on children's education outweighs these risks.",True
CASE_SYN_015,models/Meta-Llama-3-8B-Instruct,models/Meta-Llama-3-8B-Instruct,vllm,http://localhost:8000/v1,C1,8,3bb65d16,0.0,2026-08-28T17:50:59.599032,1,"{
  ""score"": 8,
  ""verdict"": ""invest"",
  ""confidence"": 80,
  ""rubric_scores"": {
    ""market_potential"": 4,
    ""technical_feasibility"": 4,
    ""business_viability"": 3
  },
  ""reasoning"": ""BookBuddy has a strong potential to improve children's reading skills and foster a love for reading. While there are some technical and business viability concerns, the idea's potential to positively impact children's education outweighs these risks.""
}",8,invest,80,4,4,3,"BookBuddy has a strong potential to improve children's reading skills and foster a love for reading. While there are some technical and business viability concerns, the idea's potential to positively impact children's education outweighs these risks.",True
CASE_SYN_015,models/Meta-Llama-3-8B-Instruct,models/Meta-Llama-3-8B-Instruct,vllm,http://localhost:8000/v1,C1,9,3bb65d16,0.0,2026-08-28T17:51:02.796944,1,"{
  ""score"": 8,
  ""verdict"": ""invest"",
  ""confidence"": 80,
  ""rubric_scores"": {
    ""market_potential"": 4,
    ""technical_feasibility"": 4,
    ""business_viability"": 3
  },
  ""reasoning"": ""BookBuddy has a strong potential to improve children's reading skills and foster a love for reading. While there are some technical and business viability concerns, the idea's potential to make a positive impact on children's education outweighs these risks.""
}",8,invest,80,4,4,3,"BookBuddy has a strong potential to improve children's reading skills and foster a love for reading. While there are some technical and business viability concerns, the idea's potential to make a positive impact on children's education outweighs these risks.",True
CASE_SYN_016,models/Meta-Llama-3-8B-Instruct,models/Meta-Llama-3-8B-Instruct,vllm,http://localhost:8000/v1,C1,1,3bb65d16,0.0,2026-08-28T17:51:02.477648,1,"{
  ""score"": 8,
  ""verdict"": ""invest"",
  ""confidence"": 80,
  ""rubric_scores"": {
    ""market_potential"": 5,
    ""technical_feasibility"": 4,
    ""business_viability"": 4
  },
  ""reasoning"": ""ParkEasy addresses a common pain point for urban drivers, and its predictive algorithm has the potential to significantly improve the parking experience. With a solid business model and a clear path to monetization, I'm willing to take a calculated risk on this idea.""
}",8,invest,80,5,4,4,"ParkEasy addresses a common pain point for urban drivers, and its predictive algorithm has the potential to significantly improve the parking experience. With a solid business model and a clear path to monetization, I'm willing to take a calculated risk on this idea.",True
CASE_SYN_015,models/Meta-Llama-3-8B-Instruct,models/Meta-Llama-3-8B-Instruct,vllm,http://localhost:8000/v1,C1,10,3bb65d16,0.0,2026-08-28T17:51:03.851011,1,"{
  ""score"": 8,
  ""verdict"": ""invest"",
  ""confidence"": 80,
  ""rubric_scores"": {
    ""market_potential"": 4,
    ""technical_feasibility"": 4,
    ""business_viability"": 3
  },
  ""reasoning"": ""BookBuddy has a strong potential to improve children's reading skills and foster a love for reading. While there are some technical and business viability concerns, the idea's potential to make a positive impact on children's education outweighs these risks.""
}",8,invest,80,4,4,3,"BookBuddy has a strong potential to improve children's reading skills and foster a love for reading. While there are some technical and business viability concerns, the idea's potential to make a positive impact on children's education outweighs these risks.",True
CASE_SYN_016,models/Meta-Llama-3-8B-Instruct,models/Meta-Llama-3-8B-Instruct,vllm,http://localhost:8000/v1,C1,2,3bb65d16,0.0,2026-08-28T17:51:03.974518,1,"{
  ""score"": 8,
  ""verdict"": ""invest"",
  ""confidence"": 80,
  ""rubric_scores"": {
    ""market_potential"": 5,
    ""technical_feasibility"": 4,
    ""business_viability"": 4
  },
  ""reasoning"": ""ParkEasy addresses a common pain point for urban drivers, and its predictive algorithm has the potential to significantly improve the parking experience. With a solid business model and a clear path to monetization, I'm willing to take a calculated risk on this idea.""
}",8,invest,80,5,4,4,"ParkEasy addresses a common pain point for urban drivers, and its predictive algorithm has the potential to significantly improve the parking experience. With a solid business model and a clear path to monetization, I'm willing to take a calculated risk on this idea.",True
CASE_SYN_016,models/Meta-Llama-3-8B-Instruct,models/Meta-Llama-3-8B-Instruct,vllm,http://localhost:8000/v1,C1,4,3bb65d16,0.0,2026-08-28T17:51:05.228151,1,"{
  ""score"": 8,
  ""verdict"": ""invest"",
  ""confidence"": 80,
  ""rubric_scores"": {
    ""market_potential"": 5,
    ""technical_feasibility"": 4,
    ""business_viability"": 4
  },
  ""reasoning"": ""ParkEasy addresses a common pain point for urban drivers, and its predictive algorithm has the potential to significantly improve the parking experience. With a solid business model and a clear path to monetization, I'm willing to take a calculated risk on this idea.""
}",8,invest,80,5,4,4,"ParkEasy addresses a common pain point for urban drivers, and its predictive algorithm has the potential to significantly improve the parking experience. With a solid business model and a clear path to monetization, I'm willing to take a calculated risk on this idea.",True
CASE_SYN_016,models/Meta-Llama-3-8B-Instruct,models/Meta-Llama-3-8B-Instruct,vllm,http://localhost:8000/v1,C1,3,3bb65d16,0.0,2026-08-28T17:51:05.026202,1,"{
  ""score"": 8,
  ""verdict"": ""invest"",
  ""confidence"": 80,
  ""rubric_scores"": {
    ""market_potential"": 5,
    ""technical_feasibility"": 4,
    ""business_viability"": 4
  },
  ""reasoning"": ""ParkEasy addresses a common pain point for urban drivers, and its predictive algorithm has the potential to significantly improve the parking experience. With a solid business model and a clear path to monetization, I'm willing to take a calculated risk on this idea.""
}",8,invest,80,5,4,4,"ParkEasy addresses a common pain point for urban drivers, and its predictive algorithm has the potential to significantly improve the parking experience. With a solid business model and a clear path to monetization, I'm willing to take a calculated risk on this idea.",True
CASE_SYN_016,models/Meta-Llama-3-8B-Instruct,models/Meta-Llama-3-8B-Instruct,vllm,http://localhost:8000/v1,C1,5,3bb65d16,0.0,2026-08-28T17:51:22.484990,1,"{
  ""score"": 8,
  ""verdict"": ""invest"",
  ""confidence"": 80,
  ""rubric_scores"": {
    ""market_potential"": 5,
    ""technical_feasibility"": 4,
    ""business_viability"": 4
  },
  ""reasoning"": ""ParkEasy addresses a common pain point for urban drivers, and its predictive algorithm has the potential to significantly improve the parking experience. With a solid business model and a clear path to monetization, I'm willing to take a calculated risk on this idea.""
}",8,invest,80,5,4,4,"ParkEasy addresses a common pain point for urban drivers, and its predictive algorithm has the potential to significantly improve the parking experience. With a solid business model and a clear path to monetization, I'm willing to take a calculated risk on this idea.",True
CASE_SYN_016,models/Meta-Llama-3-8B-Instruct,models/Meta-Llama-3-8B-Instruct,vllm,http://localhost:8000/v1,C1,6,3bb65d16,0.0,2026-08-28T17:51:32.504658,1,"{
  ""score"": 8,
  ""verdict"": ""invest"",
  ""confidence"": 80,
  ""rubric_scores"": {
    ""market_potential"": 5,
    ""technical_feasibility"": 4,
    ""business_viability"": 4
  },
  ""reasoning"": ""ParkEasy addresses a common pain point for urban drivers, and its predictive algorithm has the potential to significantly improve the parking experience. With a solid business model and a clear path to monetization, I'm willing to take a calculated risk on this idea.""
}",8,invest,80,5,4,4,"ParkEasy addresses a common pain point for urban drivers, and its predictive algorithm has the potential to significantly improve the parking experience. With a solid business model and a clear path to monetization, I'm willing to take a calculated risk on this idea.",True
CASE_SYN_016,models/Meta-Llama-3-8B-Instruct,models/Meta-Llama-3-8B-Instruct,vllm,http://localhost:8000/v1,C1,7,3bb65d16,0.0,2026-08-28T17:51:41.683861,1,"{
  ""score"": 8,
  ""verdict"": ""invest"",
  ""confidence"": 80,
  ""rubric_scores"": {
    ""market_potential"": 5,
    ""technical_feasibility"": 4,
    ""business_viability"": 4
  },
  ""reasoning"": ""ParkEasy addresses a common pain point for urban drivers, and its predictive algorithm has the potential to significantly improve the parking experience. With a solid business model and a clear path to monetization, I'm willing to take a calculated risk on this idea.""
}",8,invest,80,5,4,4,"ParkEasy addresses a common pain point for urban drivers, and its predictive algorithm has the potential to significantly improve the parking experience. With a solid business model and a clear path to monetization, I'm willing to take a calculated risk on this idea.",True
CASE_SYN_016,models/Meta-Llama-3-8B-Instruct,models/Meta-Llama-3-8B-Instruct,vllm,http://localhost:8000/v1,C1,8,3bb65d16,0.0,2026-08-28T17:51:49.997994,1,"{
  ""score"": 8,
  ""verdict"": ""invest"",
  ""confidence"": 80,
  ""rubric_scores"": {
    ""market_potential"": 5,
    ""technical_feasibility"": 4,
    ""business_viability"": 4
  },
  ""reasoning"": ""ParkEasy addresses a common pain point for urban drivers, and its predictive algorithm has the potential to significantly improve the parking experience. With a solid business model and a clear path to monetization, I'm willing to take a calculated risk on this idea.""
}",8,invest,80,5,4,4,"ParkEasy addresses a common pain point for urban drivers, and its predictive algorithm has the potential to significantly improve the parking experience. With a solid business model and a clear path to monetization, I'm willing to take a calculated risk on this idea.",True
CASE_SYN_017,models/Meta-Llama-3-8B-Instruct,models/Meta-Llama-3-8B-Instruct,vllm,http://localhost:8000/v1,C1,1,3bb65d16,0.0,2026-08-28T17:51:54.164018,1,"{
  ""score"": 7,
  ""verdict"": ""invest"",
  ""confidence"": 80,
  ""rubric_scores"": {
    ""market_potential"": 4,
    ""technical_feasibility"": 5,
    ""business_viability"": 3
  },
  ""reasoning"": ""I'm investing in FlexiFrame because it addresses a common pain point in the photo display market, and the technical feasibility seems high. However, I'm less confident in the business viability, as the market size and competition are unclear.""
}",7,invest,80,4,5,3,"I'm investing in FlexiFrame because it addresses a common pain point in the photo display market, and the technical feasibility seems high. However, I'm less confident in the business viability, as the market size and competition are unclear.",True
CASE_SYN_017,models/Meta-Llama-3-8B-Instruct,models/Meta-Llama-3-8B-Instruct,vllm,http://localhost:8000/v1,C1,2,3bb65d16,0.0,2026-08-28T17:51:55.214997,1,"{
  ""score"": 7,
  ""verdict"": ""invest"",
  ""confidence"": 80,
  ""rubric_scores"": {
    ""market_potential"": 4,
    ""technical_feasibility"": 5,
    ""business_viability"": 3
  },
  ""reasoning"": ""I'm investing in FlexiFrame because it addresses a common pain point in the photo display market, and the technical feasibility seems high. However, I'm less confident in the business viability, as the market size and competition are unclear.""
}",7,invest,80,4,5,3,"I'm investing in FlexiFrame because it addresses a common pain point in the photo display market, and the technical feasibility seems high. However, I'm less confident in the business viability, as the market size and competition are unclear.",True
CASE_SYN_016,models/Meta-Llama-3-8B-Instruct,models/Meta-Llama-3-8B-Instruct,vllm,http://localhost:8000/v1,C1,9,3bb65d16,0.0,2026-08-28T17:51:54.910999,1,"{
  ""score"": 8,
  ""verdict"": ""invest"",
  ""confidence"": 80,
  ""rubric_scores"": {
    ""market_potential"": 5,
    ""technical_feasibility"": 4,
    ""business_viability"": 4
  },
  ""reasoning"": ""ParkEasy addresses a common pain point for urban drivers, and its predictive algorithm has the potential to significantly improve the parking experience. With a solid business model and a clear path to monetization, I'm willing to take a calculated risk on this idea.""
}",8,invest,80,5,4,4,"ParkEasy addresses a common pain point for urban drivers, and its predictive algorithm has the potential to significantly improve the parking experience. With a solid business model and a clear path to monetization, I'm willing to take a calculated risk on this idea.",True
CASE_SYN_016,models/Meta-Llama-3-8B-Instruct,models/Meta-Llama-3-8B-Instruct,vllm,http://localhost:8000/v1,C1,10,3bb65d16,0.0,2026-08-28T17:51:55.538012,1,"{
  ""score"": 8,
  ""verdict"": ""invest"",
  ""confidence"": 80,
  ""rubric_scores"": {
    ""market_potential"": 5,
    ""technical_feasibility"": 4,
    ""business_viability"": 4
  },
  ""reasoning"": ""ParkEasy addresses a common pain point for urban drivers, and its predictive algorithm has the potential to significantly improve the parking experience. With a solid business model and a clear path to monetization, I'm willing to take a calculated risk on this idea.""
}",8,invest,80,5,4,4,"ParkEasy addresses a common pain point for urban drivers, and its predictive algorithm has the potential to significantly improve the parking experience. With a solid business model and a clear path to monetization, I'm willing to take a calculated risk on this idea.",True
CASE_SYN_017,models/Meta-Llama-3-8B-Instruct,models/Meta-Llama-3-8B-Instruct,vllm,http://localhost:8000/v1,C1,4,3bb65d16,0.0,2026-08-28T17:51:56.918777,1,"{
  ""score"": 7,
  ""verdict"": ""invest"",
  ""confidence"": 80,
  ""rubric_scores"": {
    ""market_potential"": 4,
    ""technical_feasibility"": 5,
    ""business_viability"": 3
  },
  ""reasoning"": ""I'm investing in FlexiFrame because it addresses a common pain point in the photo display market, and the technical feasibility seems high. However, I'm less confident in the business viability, as the market size and competition are unclear.""
}",7,invest,80,4,5,3,"I'm investing in FlexiFrame because it addresses a common pain point in the photo display market, and the technical feasibility seems high. However, I'm less confident in the business viability, as the market size and competition are unclear.",True
CASE_SYN_017,models/Meta-Llama-3-8B-Instruct,models/Meta-Llama-3-8B-Instruct,vllm,http://localhost:8000/v1,C1,3,3bb65d16,0.0,2026-08-28T17:51:56.719018,1,"{
  ""score"": 7,
  ""verdict"": ""invest"",
  ""confidence"": 80,
  ""rubric_scores"": {
    ""market_potential"": 4,
    ""technical_feasibility"": 5,
    ""business_viability"": 3
  },
  ""reasoning"": ""I'm investing in FlexiFrame because it addresses a common pain point in the photo display market, and the technical feasibility seems high. However, I'm less confident in the business viability, as the market size and competition are unclear.""
}",7,invest,80,4,5,3,"I'm investing in FlexiFrame because it addresses a common pain point in the photo display market, and the technical feasibility seems high. However, I'm less confident in the business viability, as the market size and competition are unclear.",True
CASE_SYN_017,models/Meta-Llama-3-8B-Instruct,models/Meta-Llama-3-8B-Instruct,vllm,http://localhost:8000/v1,C1,5,3bb65d16,0.0,2026-08-28T17:52:14.594112,1,"{
  ""score"": 7,
  ""verdict"": ""invest"",
  ""confidence"": 80,
  ""rubric_scores"": {
    ""market_potential"": 4,
    ""technical_feasibility"": 5,
    ""business_viability"": 3
  },
  ""reasoning"": ""I'm investing in FlexiFrame because it addresses a common pain point in the photo display market, and the technical feasibility seems high. However, I'm less confident in the business viability, as the market size and competition are unclear.""
}",7,invest,80,4,5,3,"I'm investing in FlexiFrame because it addresses a common pain point in the photo display market, and the technical feasibility seems high. However, I'm less confident in the business viability, as the market size and competition are unclear.",True
CASE_SYN_017,models/Meta-Llama-3-8B-Instruct,models/Meta-Llama-3-8B-Instruct,vllm,http://localhost:8000/v1,C1,6,3bb65d16,0.0,2026-08-28T17:52:24.623261,1,"{
  ""score"": 7,
  ""verdict"": ""invest"",
  ""confidence"": 80,
  ""rubric_scores"": {
    ""market_potential"": 4,
    ""technical_feasibility"": 5,
    ""business_viability"": 3
  },
  ""reasoning"": ""I'm investing in FlexiFrame because it addresses a common pain point in the photo display market, and the technical feasibility seems high. However, I'm less confident in the business viability, as the market size and competition are unclear.""
}",7,invest,80,4,5,3,"I'm investing in FlexiFrame because it addresses a common pain point in the photo display market, and the technical feasibility seems high. However, I'm less confident in the business viability, as the market size and competition are unclear.",True
CASE_SYN_017,models/Meta-Llama-3-8B-Instruct,models/Meta-Llama-3-8B-Instruct,vllm,http://localhost:8000/v1,C1,7,3bb65d16,0.0,2026-08-28T17:52:34.206009,1,"{
  ""score"": 7,
  ""verdict"": ""invest"",
  ""confidence"": 80,
  ""rubric_scores"": {
    ""market_potential"": 4,
    ""technical_feasibility"": 5,
    ""business_viability"": 3
  },
  ""reasoning"": ""I'm investing in FlexiFrame because it addresses a common pain point in the photo display market, and the technical feasibility seems high. However, I'm less confident in the business viability, as the market size and competition are unclear.""
}",7,invest,80,4,5,3,"I'm investing in FlexiFrame because it addresses a common pain point in the photo display market, and the technical feasibility seems high. However, I'm less confident in the business viability, as the market size and competition are unclear.",True
CASE_SYN_017,models/Meta-Llama-3-8B-Instruct,models/Meta-Llama-3-8B-Instruct,vllm,http://localhost:8000/v1,C1,8,3bb65d16,0.0,2026-08-28T17:52:42.528162,1,"{
  ""score"": 7,
  ""verdict"": ""invest"",
  ""confidence"": 80,
  ""rubric_scores"": {
    ""market_potential"": 4,
    ""technical_feasibility"": 5,
    ""business_viability"": 3
  },
  ""reasoning"": ""I'm investing in FlexiFrame because it addresses a common pain point in the photo display market, and the technical feasibility seems high. However, I'm less confident in the business viability, as the market size and competition are unclear.""
}",7,invest,80,4,5,3,"I'm investing in FlexiFrame because it addresses a common pain point in the photo display market, and the technical feasibility seems high. However, I'm less confident in the business viability, as the market size and competition are unclear.",True
CASE_SYN_017,models/Meta-Llama-3-8B-Instruct,models/Meta-Llama-3-8B-Instruct,vllm,http://localhost:8000/v1,C1,9,3bb65d16,0.0,2026-08-28T17:52:45.724055,1,"{
  ""score"": 7,
  ""verdict"": ""invest"",
  ""confidence"": 80,
  ""rubric_scores"": {
    ""market_potential"": 4,
    ""technical_feasibility"": 5,
    ""business_viability"": 3
  },
  ""reasoning"": ""I'm investing in FlexiFrame because it addresses a common pain point in the photo display market, and the technical feasibility seems high. However, I'm less confident in the business viability, as the market size and competition are unclear.""
}",7,invest,80,4,5,3,"I'm investing in FlexiFrame because it addresses a common pain point in the photo display market, and the technical feasibility seems high. However, I'm less confident in the business viability, as the market size and competition are unclear.",True
CASE_SYN_017,models/Meta-Llama-3-8B-Instruct,models/Meta-Llama-3-8B-Instruct,vllm,http://localhost:8000/v1,C1,10,3bb65d16,0.0,2026-08-28T17:52:46.778986,1,"{
  ""score"": 7,
  ""verdict"": ""invest"",
  ""confidence"": 80,
  ""rubric_scores"": {
    ""market_potential"": 4,
    ""technical_feasibility"": 5,
    ""business_viability"": 3
  },
  ""reasoning"": ""I'm investing in FlexiFrame because it addresses a common pain point in the photo display market, and the technical feasibility seems straightforward. However, I'm less confident in the business viability, as the market size and competition in this space are unclear.""
}",7,invest,80,4,5,3,"I'm investing in FlexiFrame because it addresses a common pain point in the photo display market, and the technical feasibility seems straightforward. However, I'm less confident in the business viability, as the market size and competition in this space are unclear.",True
CASE_SYN_018,models/Meta-Llama-3-8B-Instruct,models/Meta-Llama-3-8B-Instruct,vllm,http://localhost:8000/v1,C1,1,3bb65d16,0.0,2026-08-28T17:52:46.249825,1,"{
  ""score"": 8,
  ""verdict"": ""invest"",
  ""confidence"": 80,
  ""rubric_scores"": {
    ""market_potential"": 4,
    ""technical_feasibility"": 5,
    ""business_viability"": 3
  },
  ""reasoning"": ""I'm investing because VoiceVault addresses a significant pain point in password management, leveraging a unique voice biometrics authentication method. While there's still work to be done to refine the business model, the technical feasibility is high, and the market potential is substantial.""
}",8,invest,80,4,5,3,"I'm investing because VoiceVault addresses a significant pain point in password management, leveraging a unique voice biometrics authentication method. While there's still work to be done to refine the business model, the technical feasibility is high, and the market potential is substantial.",True
CASE_SYN_018,models/Meta-Llama-3-8B-Instruct,models/Meta-Llama-3-8B-Instruct,vllm,http://localhost:8000/v1,C1,2,3bb65d16,0.0,2026-08-28T17:52:46.879617,1,"{
  ""score"": 8,
  ""verdict"": ""invest"",
  ""confidence"": 80,
  ""rubric_scores"": {
    ""market_potential"": 4,
    ""technical_feasibility"": 5,
    ""business_viability"": 3
  },
  ""reasoning"": ""I'm investing because VoiceVault addresses a significant pain point in password management, leveraging a unique voice biometrics authentication method. While there's still work to be done to refine the business model, the technical feasibility is high, and the market potential is substantial.""
}",8,invest,80,4,5,3,"I'm investing because VoiceVault addresses a significant pain point in password management, leveraging a unique voice biometrics authentication method. While there's still work to be done to refine the business model, the technical feasibility is high, and the market potential is substantial.",True
CASE_SYN_018,models/Meta-Llama-3-8B-Instruct,models/Meta-Llama-3-8B-Instruct,vllm,http://localhost:8000/v1,C1,3,3bb65d16,0.0,2026-08-28T17:52:47.079666,1,"{
  ""score"": 8,
  ""verdict"": ""invest"",
  ""confidence"": 80,
  ""rubric_scores"": {
    ""market_potential"": 4,
    ""technical_feasibility"": 5,
    ""business_viability"": 3
  },
  ""reasoning"": ""I'm investing because VoiceVault addresses a significant pain point in password management, leveraging a unique voice biometrics authentication method. While there's still work to be done to refine the business model, the technical feasibility is high, and the market potential is substantial.""
}",8,invest,80,4,5,3,"I'm investing because VoiceVault addresses a significant pain point in password management, leveraging a unique voice biometrics authentication method. While there's still work to be done to refine the business model, the technical feasibility is high, and the market potential is substantial.",True
CASE_SYN_018,models/Meta-Llama-3-8B-Instruct,models/Meta-Llama-3-8B-Instruct,vllm,http://localhost:8000/v1,C1,4,3bb65d16,0.0,2026-08-28T17:52:47.279566,1,"{
  ""score"": 8,
  ""verdict"": ""invest"",
  ""confidence"": 80,
  ""rubric_scores"": {
    ""market_potential"": 4,
    ""technical_feasibility"": 5,
    ""business_viability"": 3
  },
  ""reasoning"": ""I'm investing because VoiceVault addresses a significant pain point in password management, leveraging a unique voice biometrics authentication method. While there's still work to be done to refine the business model, the technical feasibility is high, and the market potential is substantial.""
}",8,invest,80,4,5,3,"I'm investing because VoiceVault addresses a significant pain point in password management, leveraging a unique voice biometrics authentication method. While there's still work to be done to refine the business model, the technical feasibility is high, and the market potential is substantial.",True
CASE_SYN_018,models/Meta-Llama-3-8B-Instruct,models/Meta-Llama-3-8B-Instruct,vllm,http://localhost:8000/v1,C1,5,3bb65d16,0.0,2026-08-28T17:53:05.438055,1,"{
  ""score"": 8,
  ""verdict"": ""invest"",
  ""confidence"": 80,
  ""rubric_scores"": {
    ""market_potential"": 4,
    ""technical_feasibility"": 5,
    ""business_viability"": 3
  },
  ""reasoning"": ""I'm investing because VoiceVault addresses a significant pain point in password management, leveraging a unique voice biometrics authentication method. While there's still work to be done to refine the business model, the technical feasibility is high, and the market potential is substantial.""
}",8,invest,80,4,5,3,"I'm investing because VoiceVault addresses a significant pain point in password management, leveraging a unique voice biometrics authentication method. While there's still work to be done to refine the business model, the technical feasibility is high, and the market potential is substantial.",True
CASE_SYN_018,models/Meta-Llama-3-8B-Instruct,models/Meta-Llama-3-8B-Instruct,vllm,http://localhost:8000/v1,C1,6,3bb65d16,0.0,2026-08-28T17:53:15.469022,1,"{
  ""score"": 8,
  ""verdict"": ""invest"",
  ""confidence"": 80,
  ""rubric_scores"": {
    ""market_potential"": 4,
    ""technical_feasibility"": 5,
    ""business_viability"": 3
  },
  ""reasoning"": ""I'm investing because VoiceVault addresses a significant pain point in password management, leveraging a unique voice biometrics authentication method. While there's still work to be done to refine the business model, the technical feasibility is high, and the market potential is substantial.""
}",8,invest,80,4,5,3,"I'm investing because VoiceVault addresses a significant pain point in password management, leveraging a unique voice biometrics authentication method. While there's still work to be done to refine the business model, the technical feasibility is high, and the market potential is substantial.",True
CASE_SYN_018,models/Meta-Llama-3-8B-Instruct,models/Meta-Llama-3-8B-Instruct,vllm,http://localhost:8000/v1,C1,7,3bb65d16,0.0,2026-08-28T17:53:25.507068,1,"{
  ""score"": 8,
  ""verdict"": ""invest"",
  ""confidence"": 80,
  ""rubric_scores"": {
    ""market_potential"": 4,
    ""technical_feasibility"": 5,
    ""business_viability"": 3
  },
  ""reasoning"": ""I'm investing because VoiceVault addresses a significant pain point in password management, leveraging a unique voice biometrics authentication method. While there's still work to be done to refine the business model, the technical feasibility is promising.""
}",8,invest,80,4,5,3,"I'm investing because VoiceVault addresses a significant pain point in password management, leveraging a unique voice biometrics authentication method. While there's still work to be done to refine the business model, the technical feasibility is promising.",True
CASE_SYN_018,models/Meta-Llama-3-8B-Instruct,models/Meta-Llama-3-8B-Instruct,vllm,http://localhost:8000/v1,C1,8,3bb65d16,0.0,2026-08-28T17:53:33.828071,1,"{
  ""score"": 8,
  ""verdict"": ""invest"",
  ""confidence"": 80,
  ""rubric_scores"": {
    ""market_potential"": 4,
    ""technical_feasibility"": 5,
    ""business_viability"": 3
  },
  ""reasoning"": ""I'm investing because VoiceVault addresses a significant pain point in password management, leveraging a unique voice biometrics authentication method. While there's still work to be done to refine the business model, the technical feasibility is high, and the market potential is substantial.""
}",8,invest,80,4,5,3,"I'm investing because VoiceVault addresses a significant pain point in password management, leveraging a unique voice biometrics authentication method. While there's still work to be done to refine the business model, the technical feasibility is high, and the market potential is substantial.",True
CASE_SYN_019,models/Meta-Llama-3-8B-Instruct,models/Meta-Llama-3-8B-Instruct,vllm,http://localhost:8000/v1,C1,1,3bb65d16,0.0,2026-08-28T17:53:37.992312,1,"{
  ""score"": 8,
  ""verdict"": ""invest"",
  ""confidence"": 80,
  ""rubric_scores"": {
    ""market_potential"": 4,
    ""technical_feasibility"": 5,
    ""business_viability"": 3
  },
  ""reasoning"": ""I'm investing in CycleSafe because the idea addresses a real pain point for cyclists, and the technical feasibility seems high. However, I'm less confident in the business viability, as the market size and competitive landscape are unclear.""
}",8,invest,80,4,5,3,"I'm investing in CycleSafe because the idea addresses a real pain point for cyclists, and the technical feasibility seems high. However, I'm less confident in the business viability, as the market size and competitive landscape are unclear.",True
CASE_SYN_019,models/Meta-Llama-3-8B-Instruct,models/Meta-Llama-3-8B-Instruct,vllm,http://localhost:8000/v1,C1,2,3bb65d16,0.0,2026-08-28T17:53:38.617579,1,"{
  ""score"": 8,
  ""verdict"": ""invest"",
  ""confidence"": 80,
  ""rubric_scores"": {
    ""market_potential"": 4,
    ""technical_feasibility"": 5,
    ""business_viability"": 3
  },
  ""reasoning"": ""I'm investing in CycleSafe because the idea addresses a real pain point for cyclists, and the technical feasibility seems high. However, I'm less confident in the business viability, as the market size and competitive landscape are unclear.""
}",8,invest,80,4,5,3,"I'm investing in CycleSafe because the idea addresses a real pain point for cyclists, and the technical feasibility seems high. However, I'm less confident in the business viability, as the market size and competitive landscape are unclear.",True
CASE_SYN_019,models/Meta-Llama-3-8B-Instruct,models/Meta-Llama-3-8B-Instruct,vllm,http://localhost:8000/v1,C1,4,3bb65d16,0.0,2026-08-28T17:53:39.457657,1,"{
  ""score"": 8,
  ""verdict"": ""invest"",
  ""confidence"": 80,
  ""rubric_scores"": {
    ""market_potential"": 4,
    ""technical_feasibility"": 5,
    ""business_viability"": 3
  },
  ""reasoning"": ""I'm investing in CycleSafe because the idea addresses a real pain point for cyclists, and the technical feasibility seems high. However, I'm less confident in the business viability, as the market size and competitive landscape are unclear.""
}",8,invest,80,4,5,3,"I'm investing in CycleSafe because the idea addresses a real pain point for cyclists, and the technical feasibility seems high. However, I'm less confident in the business viability, as the market size and competitive landscape are unclear.",True
CASE_SYN_018,models/Meta-Llama-3-8B-Instruct,models/Meta-Llama-3-8B-Instruct,vllm,http://localhost:8000/v1,C1,10,3bb65d16,0.0,2026-08-28T17:53:39.791812,1,"{
  ""score"": 8,
  ""verdict"": ""invest"",
  ""confidence"": 80,
  ""rubric_scores"": {
    ""market_potential"": 4,
    ""technical_feasibility"": 5,
    ""business_viability"": 3
  },
  ""reasoning"": ""I'm investing because VoiceVault addresses a significant pain point in password management, leveraging a unique voice biometrics authentication method. While there's still work to be done to refine the business model, the technical feasibility is promising.""
}",8,invest,80,4,5,3,"I'm investing because VoiceVault addresses a significant pain point in password management, leveraging a unique voice biometrics authentication method. While there's still work to be done to refine the business model, the technical feasibility is promising.",True
CASE_SYN_018,models/Meta-Llama-3-8B-Instruct,models/Meta-Llama-3-8B-Instruct,vllm,http://localhost:8000/v1,C1,9,3bb65d16,0.0,2026-08-28T17:53:37.467708,1,"{
  ""score"": 8,
  ""verdict"": ""invest"",
  ""confidence"": 80,
  ""rubric_scores"": {
    ""market_potential"": 4,
    ""technical_feasibility"": 5,
    ""business_viability"": 3
  },
  ""reasoning"": ""I'm investing because VoiceVault addresses a significant pain point in password management, leveraging a unique voice biometrics authentication method. While there's still work to be done on business viability, the technical feasibility is high, and the market potential is substantial.""
}",8,invest,80,4,5,3,"I'm investing because VoiceVault addresses a significant pain point in password management, leveraging a unique voice biometrics authentication method. While there's still work to be done on business viability, the technical feasibility is high, and the market potential is substantial.",True
CASE_SYN_019,models/Meta-Llama-3-8B-Instruct,models/Meta-Llama-3-8B-Instruct,vllm,http://localhost:8000/v1,C1,3,3bb65d16,0.0,2026-08-28T17:53:39.256735,1,"{
  ""score"": 8,
  ""verdict"": ""invest"",
  ""confidence"": 80,
  ""rubric_scores"": {
    ""market_potential"": 4,
    ""technical_feasibility"": 5,
    ""business_viability"": 3
  },
  ""reasoning"": ""I'm investing in CycleSafe because the idea addresses a real pain point for cyclists, and the technical feasibility seems high. However, I'm less confident in the business viability, as the market size and competitive landscape are unclear.""
}",8,invest,80,4,5,3,"I'm investing in CycleSafe because the idea addresses a real pain point for cyclists, and the technical feasibility seems high. However, I'm less confident in the business viability, as the market size and competitive landscape are unclear.",True
CASE_SYN_019,models/Meta-Llama-3-8B-Instruct,models/Meta-Llama-3-8B-Instruct,vllm,http://localhost:8000/v1,C1,5,3bb65d16,0.0,2026-08-28T17:53:58.028979,1,"{
  ""score"": 8,
  ""verdict"": ""invest"",
  ""confidence"": 80,
  ""rubric_scores"": {
    ""market_potential"": 4,
    ""technical_feasibility"": 5,
    ""business_viability"": 3
  },
  ""reasoning"": ""I'm investing in CycleSafe because the idea addresses a real pain point for cyclists, and the technical feasibility seems high. However, I'm less confident in the business viability, as the market size and competitive landscape are unclear.""
}",8,invest,80,4,5,3,"I'm investing in CycleSafe because the idea addresses a real pain point for cyclists, and the technical feasibility seems high. However, I'm less confident in the business viability, as the market size and competitive landscape are unclear.",True
CASE_SYN_019,models/Meta-Llama-3-8B-Instruct,models/Meta-Llama-3-8B-Instruct,vllm,http://localhost:8000/v1,C1,6,3bb65d16,0.0,2026-08-28T17:54:08.048081,1,"{
  ""score"": 8,
  ""verdict"": ""invest"",
  ""confidence"": 80,
  ""rubric_scores"": {
    ""market_potential"": 4,
    ""technical_feasibility"": 5,
    ""business_viability"": 3
  },
  ""reasoning"": ""I'm investing in CycleSafe because the idea addresses a real pain point for cyclists, and the technical feasibility seems high. However, I'm less confident in the business viability, as the market size and competitive landscape are unclear.""
}",8,invest,80,4,5,3,"I'm investing in CycleSafe because the idea addresses a real pain point for cyclists, and the technical feasibility seems high. However, I'm less confident in the business viability, as the market size and competitive landscape are unclear.",True
CASE_SYN_019,models/Meta-Llama-3-8B-Instruct,models/Meta-Llama-3-8B-Instruct,vllm,http://localhost:8000/v1,C1,7,3bb65d16,0.0,2026-08-28T17:54:15.521584,1,"{
  ""score"": 8,
  ""verdict"": ""invest"",
  ""confidence"": 80,
  ""rubric_scores"": {
    ""market_potential"": 4,
    ""technical_feasibility"": 5,
    ""business_viability"": 3
  },
  ""reasoning"": ""I'm investing in CycleSafe because the idea addresses a real pain point for cyclists, and the technical feasibility seems high. However, I'm less confident in the business viability, as the market size and competitive landscape are unclear.""
}",8,invest,80,4,5,3,"I'm investing in CycleSafe because the idea addresses a real pain point for cyclists, and the technical feasibility seems high. However, I'm less confident in the business viability, as the market size and competitive landscape are unclear.",True
CASE_SYN_020,models/Meta-Llama-3-8B-Instruct,models/Meta-Llama-3-8B-Instruct,vllm,http://localhost:8000/v1,C1,2,3bb65d16,0.0,2026-08-28T17:54:28.638852,1,"{
  ""score"": 8,
  ""verdict"": ""invest"",
  ""confidence"": 80,
  ""rubric_scores"": {
    ""market_potential"": 4,
    ""technical_feasibility"": 4,
    ""business_viability"": 4
  },
  ""reasoning"": ""RecipeRadar addresses a common pain point for many consumers, and its unique features, such as auto-generated shopping lists, have the potential to drive user engagement and retention.""
}",8,invest,80,4,4,4,"RecipeRadar addresses a common pain point for many consumers, and its unique features, such as auto-generated shopping lists, have the potential to drive user engagement and retention.",True
CASE_SYN_020,models/Meta-Llama-3-8B-Instruct,models/Meta-Llama-3-8B-Instruct,vllm,http://localhost:8000/v1,C1,1,3bb65d16,0.0,2026-08-28T17:54:28.438732,1,"{
  ""score"": 8,
  ""verdict"": ""invest"",
  ""confidence"": 80,
  ""rubric_scores"": {
    ""market_potential"": 4,
    ""technical_feasibility"": 4,
    ""business_viability"": 4
  },
  ""reasoning"": ""RecipeRadar addresses a common pain point for many consumers, and its unique features, such as auto-generated shopping lists, have the potential to drive user engagement and retention.""
}",8,invest,80,4,4,4,"RecipeRadar addresses a common pain point for many consumers, and its unique features, such as auto-generated shopping lists, have the potential to drive user engagement and retention.",True
CASE_SYN_020,models/Meta-Llama-3-8B-Instruct,models/Meta-Llama-3-8B-Instruct,vllm,http://localhost:8000/v1,C1,4,3bb65d16,0.0,2026-08-28T17:54:29.039282,1,"{
  ""score"": 8,
  ""verdict"": ""invest"",
  ""confidence"": 80,
  ""rubric_scores"": {
    ""market_potential"": 4,
    ""technical_feasibility"": 4,
    ""business_viability"": 4
  },
  ""reasoning"": ""RecipeRadar addresses a common pain point for many consumers, and its unique features, such as auto-generated shopping lists, have the potential to drive user engagement and retention.""
}",8,invest,80,4,4,4,"RecipeRadar addresses a common pain point for many consumers, and its unique features, such as auto-generated shopping lists, have the potential to drive user engagement and retention.",True
CASE_SYN_020,models/Meta-Llama-3-8B-Instruct,models/Meta-Llama-3-8B-Instruct,vllm,http://localhost:8000/v1,C1,3,3bb65d16,0.0,2026-08-28T17:54:28.838802,1,"{
  ""score"": 8,
  ""verdict"": ""invest"",
  ""confidence"": 80,
  ""rubric_scores"": {
    ""market_potential"": 4,
    ""technical_feasibility"": 4,
    ""business_viability"": 4
  },
  ""reasoning"": ""RecipeRadar addresses a common pain point for many consumers, and its unique features, such as auto-generated shopping lists, have the potential to drive user engagement and retention.""
}",8,invest,80,4,4,4,"RecipeRadar addresses a common pain point for many consumers, and its unique features, such as auto-generated shopping lists, have the potential to drive user engagement and retention.",True
CASE_SYN_019,models/Meta-Llama-3-8B-Instruct,models/Meta-Llama-3-8B-Instruct,vllm,http://localhost:8000/v1,C1,8,3bb65d16,0.0,2026-08-28T17:54:26.848987,1,"{
  ""score"": 8,
  ""verdict"": ""invest"",
  ""confidence"": 80,
  ""rubric_scores"": {
    ""market_potential"": 4,
    ""technical_feasibility"": 5,
    ""business_viability"": 3
  },
  ""reasoning"": ""I'm investing in CycleSafe because the idea addresses a real pain point for cyclists, and the technical feasibility seems high. However, I'd like to see more clarity on the business model and competitive landscape.""
}",8,invest,80,4,5,3,"I'm investing in CycleSafe because the idea addresses a real pain point for cyclists, and the technical feasibility seems high. However, I'd like to see more clarity on the business model and competitive landscape.",True
CASE_SYN_019,models/Meta-Llama-3-8B-Instruct,models/Meta-Llama-3-8B-Instruct,vllm,http://localhost:8000/v1,C1,9,3bb65d16,0.0,2026-08-28T17:54:28.757856,1,"{
  ""score"": 8,
  ""verdict"": ""invest"",
  ""confidence"": 80,
  ""rubric_scores"": {
    ""market_potential"": 4,
    ""technical_feasibility"": 5,
    ""business_viability"": 3
  },
  ""reasoning"": ""I'm investing in CycleSafe because the idea addresses a real pain point for cyclists, and the technical feasibility seems high. However, I'm less confident in the business viability, as the market size and competitive landscape are unclear.""
}",8,invest,80,4,5,3,"I'm investing in CycleSafe because the idea addresses a real pain point for cyclists, and the technical feasibility seems high. However, I'm less confident in the business viability, as the market size and competitive landscape are unclear.",True
CASE_SYN_019,models/Meta-Llama-3-8B-Instruct,models/Meta-Llama-3-8B-Instruct,vllm,http://localhost:8000/v1,C1,10,3bb65d16,0.0,2026-08-28T17:54:29.385811,1,"{
  ""score"": 8,
  ""verdict"": ""invest"",
  ""confidence"": 80,
  ""rubric_scores"": {
    ""market_potential"": 4,
    ""technical_feasibility"": 5,
    ""business_viability"": 3
  },
  ""reasoning"": ""I'm investing in CycleSafe because the idea addresses a real pain point for cyclists, and the technical feasibility seems high. However, I'm less confident in the business viability, as the market size and competitive landscape are unclear.""
}",8,invest,80,4,5,3,"I'm investing in CycleSafe because the idea addresses a real pain point for cyclists, and the technical feasibility seems high. However, I'm less confident in the business viability, as the market size and competitive landscape are unclear.",True
CASE_SYN_020,models/Meta-Llama-3-8B-Instruct,models/Meta-Llama-3-8B-Instruct,vllm,http://localhost:8000/v1,C1,5,3bb65d16,0.0,2026-08-28T17:54:47.772377,1,"{
  ""score"": 8,
  ""verdict"": ""invest"",
  ""confidence"": 80,
  ""rubric_scores"": {
    ""market_potential"": 4,
    ""technical_feasibility"": 4,
    ""business_viability"": 4
  },
  ""reasoning"": ""RecipeRadar addresses a common pain point for many consumers, and its unique features, such as auto-generated shopping lists, have the potential to drive user engagement and retention.""
}",8,invest,80,4,4,4,"RecipeRadar addresses a common pain point for many consumers, and its unique features, such as auto-generated shopping lists, have the potential to drive user engagement and retention.",True
CASE_SYN_020,models/Meta-Llama-3-8B-Instruct,models/Meta-Llama-3-8B-Instruct,vllm,http://localhost:8000/v1,C1,6,3bb65d16,0.0,2026-08-28T17:54:57.794428,1,"{
  ""score"": 8,
  ""verdict"": ""invest"",
  ""confidence"": 80,
  ""rubric_scores"": {
    ""market_potential"": 4,
    ""technical_feasibility"": 4,
    ""business_viability"": 4
  },
  ""reasoning"": ""RecipeRadar addresses a common pain point for many consumers, and its unique features, such as auto-generated shopping lists, have the potential to drive user engagement and retention.""
}",8,invest,80,4,4,4,"RecipeRadar addresses a common pain point for many consumers, and its unique features, such as auto-generated shopping lists, have the potential to drive user engagement and retention.",True
CASE_SYN_020,models/Meta-Llama-3-8B-Instruct,models/Meta-Llama-3-8B-Instruct,vllm,http://localhost:8000/v1,C1,7,3bb65d16,0.0,2026-08-28T17:55:05.695019,1,"{
  ""score"": 8,
  ""verdict"": ""invest"",
  ""confidence"": 80,
  ""rubric_scores"": {
    ""market_potential"": 4,
    ""technical_feasibility"": 4,
    ""business_viability"": 4
  },
  ""reasoning"": ""RecipeRadar addresses a common pain point for many consumers, and its unique features, such as auto-generated shopping lists, have the potential to drive user engagement and retention.""
}",8,invest,80,4,4,4,"RecipeRadar addresses a common pain point for many consumers, and its unique features, such as auto-generated shopping lists, have the potential to drive user engagement and retention.",True
CASE_SYN_020,models/Meta-Llama-3-8B-Instruct,models/Meta-Llama-3-8B-Instruct,vllm,http://localhost:8000/v1,C1,8,3bb65d16,0.0,2026-08-28T17:55:14.030639,1,"{
  ""score"": 8,
  ""verdict"": ""invest"",
  ""confidence"": 80,
  ""rubric_scores"": {
    ""market_potential"": 4,
    ""technical_feasibility"": 4,
    ""business_viability"": 4
  },
  ""reasoning"": ""RecipeRadar addresses a common pain point for many consumers, and its unique features, such as auto-generated shopping lists, have the potential to drive user engagement and retention.""
}",8,invest,80,4,4,4,"RecipeRadar addresses a common pain point for many consumers, and its unique features, such as auto-generated shopping lists, have the potential to drive user engagement and retention.",True
CASE_SYN_020,models/Meta-Llama-3-8B-Instruct,models/Meta-Llama-3-8B-Instruct,vllm,http://localhost:8000/v1,C1,9,3bb65d16,0.0,2026-08-28T17:55:14.232565,1,"{
  ""score"": 8,
  ""verdict"": ""invest"",
  ""confidence"": 80,
  ""rubric_scores"": {
    ""market_potential"": 4,
    ""technical_feasibility"": 4,
    ""business_viability"": 4
  },
  ""reasoning"": ""RecipeRadar addresses a common pain point for many consumers, and its unique features, such as auto-generated shopping lists, have the potential to drive user engagement and retention.""
}",8,invest,80,4,4,4,"RecipeRadar addresses a common pain point for many consumers, and its unique features, such as auto-generated shopping lists, have the potential to drive user engagement and retention.",True
CASE_SYN_020,models/Meta-Llama-3-8B-Instruct,models/Meta-Llama-3-8B-Instruct,vllm,http://localhost:8000/v1,C1,10,3bb65d16,0.0,2026-08-28T17:55:15.296562,1,"{
  ""score"": 8,
  ""verdict"": ""invest"",
  ""confidence"": 80,
  ""rubric_scores"": {
    ""market_potential"": 4,
    ""technical_feasibility"": 4,
    ""business_viability"": 4
  },
  ""reasoning"": ""RecipeRadar addresses a common pain point for many consumers, and its unique features, such as auto-generated shopping lists, have the potential to drive user engagement and retention.""
}",8,invest,80,4,4,4,"RecipeRadar addresses a common pain point for many consumers, and its unique features, such as auto-generated shopping lists, have the potential to drive user engagement and retention.",True
CASE_SYN_021,models/Meta-Llama-3-8B-Instruct,models/Meta-Llama-3-8B-Instruct,vllm,http://localhost:8000/v1,C1,1,3bb65d16,0.0,2026-08-28T17:55:13.497394,1,"{
  ""score"": 8,
  ""verdict"": ""invest"",
  ""confidence"": 80,
  ""rubric_scores"": {
    ""market_potential"": 4,
    ""technical_feasibility"": 5,
    ""business_viability"": 3
  },
  ""reasoning"": ""I'm investing in LumiLantern because it addresses a specific pain point for campers and outdoor enthusiasts, and its unique features like wireless charging and SOS beacon provide a competitive edge. With a solid technical foundation and a clear target market, I believe this startup has the potential for growth.""
}",8,invest,80,4,5,3,"I'm investing in LumiLantern because it addresses a specific pain point for campers and outdoor enthusiasts, and its unique features like wireless charging and SOS beacon provide a competitive edge. With a solid technical foundation and a clear target market, I believe this startup has the potential for growth.",True
CASE_SYN_021,models/Meta-Llama-3-8B-Instruct,models/Meta-Llama-3-8B-Instruct,vllm,http://localhost:8000/v1,C1,2,3bb65d16,0.0,2026-08-28T17:55:14.107029,1,"{
  ""score"": 8,
  ""verdict"": ""invest"",
  ""confidence"": 80,
  ""rubric_scores"": {
    ""market_potential"": 4,
    ""technical_feasibility"": 5,
    ""business_viability"": 3
  },
  ""reasoning"": ""I'm investing in LumiLantern because it addresses a specific pain point for campers and outdoor enthusiasts, and its unique features like wireless charging and SOS beacon provide a competitive edge. With a solid technical foundation and a clear target market, I believe this startup has the potential for growth.""
}",8,invest,80,4,5,3,"I'm investing in LumiLantern because it addresses a specific pain point for campers and outdoor enthusiasts, and its unique features like wireless charging and SOS beacon provide a competitive edge. With a solid technical foundation and a clear target market, I believe this startup has the potential for growth.",True
CASE_SYN_021,models/Meta-Llama-3-8B-Instruct,models/Meta-Llama-3-8B-Instruct,vllm,http://localhost:8000/v1,C1,3,3bb65d16,0.0,2026-08-28T17:55:18.188403,1,"{
  ""score"": 8,
  ""verdict"": ""invest"",
  ""confidence"": 80,
  ""rubric_scores"": {
    ""market_potential"": 4,
    ""technical_feasibility"": 5,
    ""business_viability"": 3
  },
  ""reasoning"": ""I'm investing in LumiLantern because it addresses a specific pain point for campers and outdoor enthusiasts, and its unique features like wireless charging and SOS beacon provide a competitive edge. With a solid technical foundation and a clear target market, I believe this startup has the potential for growth.""
}",8,invest,80,4,5,3,"I'm investing in LumiLantern because it addresses a specific pain point for campers and outdoor enthusiasts, and its unique features like wireless charging and SOS beacon provide a competitive edge. With a solid technical foundation and a clear target market, I believe this startup has the potential for growth.",True
CASE_SYN_021,models/Meta-Llama-3-8B-Instruct,models/Meta-Llama-3-8B-Instruct,vllm,http://localhost:8000/v1,C1,4,3bb65d16,0.0,2026-08-28T17:55:19.242502,1,"{
  ""score"": 8,
  ""verdict"": ""invest"",
  ""confidence"": 80,
  ""rubric_scores"": {
    ""market_potential"": 4,
    ""technical_feasibility"": 5,
    ""business_viability"": 3
  },
  ""reasoning"": ""I'm investing in LumiLantern because it addresses a specific pain point for campers and outdoor enthusiasts, and its unique features like wireless charging and SOS beacon provide a competitive edge. With a solid technical foundation and a clear target market, I believe this startup has the potential to scale.""
}",8,invest,80,4,5,3,"I'm investing in LumiLantern because it addresses a specific pain point for campers and outdoor enthusiasts, and its unique features like wireless charging and SOS beacon provide a competitive edge. With a solid technical foundation and a clear target market, I believe this startup has the potential to scale.",True
CASE_SYN_021,models/Meta-Llama-3-8B-Instruct,models/Meta-Llama-3-8B-Instruct,vllm,http://localhost:8000/v1,C1,5,3bb65d16,0.0,2026-08-28T17:55:33.080642,1,"{
  ""score"": 8,
  ""verdict"": ""invest"",
  ""confidence"": 80,
  ""rubric_scores"": {
    ""market_potential"": 4,
    ""technical_feasibility"": 5,
    ""business_viability"": 3
  },
  ""reasoning"": ""I'm investing in LumiLantern because it addresses a specific pain point for campers and outdoor enthusiasts, and its unique features like wireless charging and SOS beacon provide a competitive edge. With a solid technical foundation and a clear target market, I believe this startup has the potential for growth.""
}",8,invest,80,4,5,3,"I'm investing in LumiLantern because it addresses a specific pain point for campers and outdoor enthusiasts, and its unique features like wireless charging and SOS beacon provide a competitive edge. With a solid technical foundation and a clear target market, I believe this startup has the potential for growth.",True
CASE_SYN_021,models/Meta-Llama-3-8B-Instruct,models/Meta-Llama-3-8B-Instruct,vllm,http://localhost:8000/v1,C1,6,3bb65d16,0.0,2026-08-28T17:55:43.088026,1,"{
  ""score"": 8,
  ""verdict"": ""invest"",
  ""confidence"": 80,
  ""rubric_scores"": {
    ""market_potential"": 4,
    ""technical_feasibility"": 5,
    ""business_viability"": 3
  },
  ""reasoning"": ""I'm investing in LumiLantern because it addresses a specific pain point for campers and outdoor enthusiasts, and its unique features like wireless charging and SOS beacon provide a competitive edge. With a solid technical foundation and a clear target market, I believe this startup has the potential for growth.""
}",8,invest,80,4,5,3,"I'm investing in LumiLantern because it addresses a specific pain point for campers and outdoor enthusiasts, and its unique features like wireless charging and SOS beacon provide a competitive edge. With a solid technical foundation and a clear target market, I believe this startup has the potential for growth.",True
CASE_SYN_021,models/Meta-Llama-3-8B-Instruct,models/Meta-Llama-3-8B-Instruct,vllm,http://localhost:8000/v1,C1,7,3bb65d16,0.0,2026-08-28T17:55:51.397993,1,"{
  ""score"": 8,
  ""verdict"": ""invest"",
  ""confidence"": 80,
  ""rubric_scores"": {
    ""market_potential"": 4,
    ""technical_feasibility"": 5,
    ""business_viability"": 3
  },
  ""reasoning"": ""I'm investing in LumiLantern because it addresses a specific pain point for campers and outdoor enthusiasts, and its unique features like wireless charging and SOS beacon provide a competitive edge. With a solid technical foundation and a clear target market, I believe this startup has the potential for growth.""
}",8,invest,80,4,5,3,"I'm investing in LumiLantern because it addresses a specific pain point for campers and outdoor enthusiasts, and its unique features like wireless charging and SOS beacon provide a competitive edge. With a solid technical foundation and a clear target market, I believe this startup has the potential for growth.",True
CASE_SYN_021,models/Meta-Llama-3-8B-Instruct,models/Meta-Llama-3-8B-Instruct,vllm,http://localhost:8000/v1,C1,8,3bb65d16,0.0,2026-08-28T17:55:59.727021,1,"{
  ""score"": 8,
  ""verdict"": ""invest"",
  ""confidence"": 80,
  ""rubric_scores"": {
    ""market_potential"": 4,
    ""technical_feasibility"": 5,
    ""business_viability"": 3
  },
  ""reasoning"": ""I'm investing in LumiLantern because it addresses a specific pain point for campers and outdoor enthusiasts, and its unique features like wireless charging and SOS beacon provide a competitive edge. With a solid technical foundation and a clear target market, I believe this startup has the potential for growth.""
}",8,invest,80,4,5,3,"I'm investing in LumiLantern because it addresses a specific pain point for campers and outdoor enthusiasts, and its unique features like wireless charging and SOS beacon provide a competitive edge. With a solid technical foundation and a clear target market, I believe this startup has the potential for growth.",True
CASE_SYN_021,models/Meta-Llama-3-8B-Instruct,models/Meta-Llama-3-8B-Instruct,vllm,http://localhost:8000/v1,C1,9,3bb65d16,0.0,2026-08-28T17:56:00.347049,1,"{
  ""score"": 8,
  ""verdict"": ""invest"",
  ""confidence"": 80,
  ""rubric_scores"": {
    ""market_potential"": 4,
    ""technical_feasibility"": 5,
    ""business_viability"": 3
  },
  ""reasoning"": ""I'm investing in LumiLantern because it addresses a specific pain point for campers and outdoor enthusiasts, and its unique features like wireless charging and SOS beacon provide a competitive edge. With a solid technical foundation and a clear target market, I believe this startup has the potential for growth.""
}",8,invest,80,4,5,3,"I'm investing in LumiLantern because it addresses a specific pain point for campers and outdoor enthusiasts, and its unique features like wireless charging and SOS beacon provide a competitive edge. With a solid technical foundation and a clear target market, I believe this startup has the potential for growth.",True
CASE_SYN_021,models/Meta-Llama-3-8B-Instruct,models/Meta-Llama-3-8B-Instruct,vllm,http://localhost:8000/v1,C1,10,3bb65d16,0.0,2026-08-28T17:56:01.399832,1,"{
  ""score"": 8,
  ""verdict"": ""invest"",
  ""confidence"": 80,
  ""rubric_scores"": {
    ""market_potential"": 4,
    ""technical_feasibility"": 5,
    ""business_viability"": 3
  },
  ""reasoning"": ""I'm investing in LumiLantern because it addresses a specific pain point for campers and outdoor enthusiasts, and its unique features like wireless charging and SOS beacon provide a competitive edge. With a solid technical foundation and a clear target market, I believe this startup has the potential for growth.""
}",8,invest,80,4,5,3,"I'm investing in LumiLantern because it addresses a specific pain point for campers and outdoor enthusiasts, and its unique features like wireless charging and SOS beacon provide a competitive edge. With a solid technical foundation and a clear target market, I believe this startup has the potential for growth.",True
CASE_SYN_022,models/Meta-Llama-3-8B-Instruct,models/Meta-Llama-3-8B-Instruct,vllm,http://localhost:8000/v1,C1,1,3bb65d16,0.0,2026-08-28T17:56:08.542529,1,"{
  ""score"": 7,
  ""verdict"": ""invest"",
  ""confidence"": 80,
  ""rubric_scores"": {
    ""market_potential"": 4,
    ""technical_feasibility"": 3,
    ""business_viability"": 4
  },
  ""reasoning"": ""While the idea is not revolutionary, it addresses a common problem and has a clear value proposition. With a well-designed app and marketing strategy, PosturePro has the potential to attract a loyal user base and generate revenue.""
}",7,invest,80,4,3,4,"While the idea is not revolutionary, it addresses a common problem and has a clear value proposition. With a well-designed app and marketing strategy, PosturePro has the potential to attract a loyal user base and generate revenue.",True
CASE_SYN_022,models/Meta-Llama-3-8B-Instruct,models/Meta-Llama-3-8B-Instruct,vllm,http://localhost:8000/v1,C1,2,3bb65d16,0.0,2026-08-28T17:56:09.169203,1,"{
  ""score"": 7,
  ""verdict"": ""invest"",
  ""confidence"": 80,
  ""rubric_scores"": {
    ""market_potential"": 4,
    ""technical_feasibility"": 4,
    ""business_viability"": 3
  },
  ""reasoning"": ""While the idea is not revolutionary, it addresses a common problem and has a clear value proposition. With a well-designed app and marketing strategy, PosturePro has the potential to attract a loyal user base and generate revenue.""
}",7,invest,80,4,4,3,"While the idea is not revolutionary, it addresses a common problem and has a clear value proposition. With a well-designed app and marketing strategy, PosturePro has the potential to attract a loyal user base and generate revenue.",True
CASE_SYN_022,models/Meta-Llama-3-8B-Instruct,models/Meta-Llama-3-8B-Instruct,vllm,http://localhost:8000/v1,C1,3,3bb65d16,0.0,2026-08-28T17:56:13.679602,1,"{
  ""score"": 7,
  ""verdict"": ""invest"",
  ""confidence"": 80,
  ""rubric_scores"": {
    ""market_potential"": 4,
    ""technical_feasibility"": 3,
    ""business_viability"": 4
  },
  ""reasoning"": ""While the idea is not revolutionary, it addresses a common problem and has a clear value proposition. With a well-designed app and marketing strategy, PosturePro has the potential to attract a loyal user base and generate revenue.""
}",7,invest,80,4,3,4,"While the idea is not revolutionary, it addresses a common problem and has a clear value proposition. With a well-designed app and marketing strategy, PosturePro has the potential to attract a loyal user base and generate revenue.",True
CASE_SYN_022,models/Meta-Llama-3-8B-Instruct,models/Meta-Llama-3-8B-Instruct,vllm,http://localhost:8000/v1,C1,4,3bb65d16,0.0,2026-08-28T17:56:14.741000,1,"{
  ""score"": 7,
  ""verdict"": ""invest"",
  ""confidence"": 80,
  ""rubric_scores"": {
    ""market_potential"": 4,
    ""technical_feasibility"": 4,
    ""business_viability"": 3
  },
  ""reasoning"": ""While the idea is not revolutionary, it addresses a common problem and has a clear value proposition. With a well-designed app and marketing strategy, PosturePro has the potential to attract a loyal user base and generate revenue.""
}",7,invest,80,4,4,3,"While the idea is not revolutionary, it addresses a common problem and has a clear value proposition. With a well-designed app and marketing strategy, PosturePro has the potential to attract a loyal user base and generate revenue.",True
CASE_SYN_022,models/Meta-Llama-3-8B-Instruct,models/Meta-Llama-3-8B-Instruct,vllm,http://localhost:8000/v1,C1,5,3bb65d16,0.0,2026-08-28T17:56:29.020124,1,"{
  ""score"": 7,
  ""verdict"": ""invest"",
  ""confidence"": 80,
  ""rubric_scores"": {
    ""market_potential"": 4,
    ""technical_feasibility"": 4,
    ""business_viability"": 3
  },
  ""reasoning"": ""While the idea is not revolutionary, it addresses a common problem and has a clear value proposition. With a well-designed app and marketing strategy, PosturePro has the potential to attract a loyal user base and generate revenue.""
}",7,invest,80,4,4,3,"While the idea is not revolutionary, it addresses a common problem and has a clear value proposition. With a well-designed app and marketing strategy, PosturePro has the potential to attract a loyal user base and generate revenue.",True
CASE_SYN_022,models/Meta-Llama-3-8B-Instruct,models/Meta-Llama-3-8B-Instruct,vllm,http://localhost:8000/v1,C1,6,3bb65d16,0.0,2026-08-28T17:56:39.052005,1,"{
  ""score"": 7,
  ""verdict"": ""invest"",
  ""confidence"": 80,
  ""rubric_scores"": {
    ""market_potential"": 4,
    ""technical_feasibility"": 3,
    ""business_viability"": 4
  },
  ""reasoning"": ""While the idea is not revolutionary, it addresses a common problem and has a clear value proposition. With a well-designed app and marketing strategy, PosturePro has the potential to attract a loyal user base and generate revenue.""
}",7,invest,80,4,3,4,"While the idea is not revolutionary, it addresses a common problem and has a clear value proposition. With a well-designed app and marketing strategy, PosturePro has the potential to attract a loyal user base and generate revenue.",True
CASE_SYN_022,models/Meta-Llama-3-8B-Instruct,models/Meta-Llama-3-8B-Instruct,vllm,http://localhost:8000/v1,C1,7,3bb65d16,0.0,2026-08-28T17:56:47.823207,1,"{
  ""score"": 7,
  ""verdict"": ""invest"",
  ""confidence"": 80,
  ""rubric_scores"": {
    ""market_potential"": 4,
    ""technical_feasibility"": 3,
    ""business_viability"": 4
  },
  ""reasoning"": ""While the idea is not revolutionary, it addresses a common problem and has a clear value proposition. With a well-designed app and marketing strategy, PosturePro has the potential to attract a loyal user base and generate revenue.""
}",7,invest,80,4,3,4,"While the idea is not revolutionary, it addresses a common problem and has a clear value proposition. With a well-designed app and marketing strategy, PosturePro has the potential to attract a loyal user base and generate revenue.",True
CASE_SYN_022,models/Meta-Llama-3-8B-Instruct,models/Meta-Llama-3-8B-Instruct,vllm,http://localhost:8000/v1,C1,8,3bb65d16,0.0,2026-08-28T17:56:56.157934,1,"{
  ""score"": 7,
  ""verdict"": ""invest"",
  ""confidence"": 80,
  ""rubric_scores"": {
    ""market_potential"": 4,
    ""technical_feasibility"": 4,
    ""business_viability"": 3
  },
  ""reasoning"": ""While the idea is not revolutionary, it addresses a common problem and has a clear value proposition. With a well-designed app and marketing strategy, PosturePro has the potential to attract a loyal user base and generate revenue.""
}",7,invest,80,4,4,3,"While the idea is not revolutionary, it addresses a common problem and has a clear value proposition. With a well-designed app and marketing strategy, PosturePro has the potential to attract a loyal user base and generate revenue.",True
CASE_SYN_022,models/Meta-Llama-3-8B-Instruct,models/Meta-Llama-3-8B-Instruct,vllm,http://localhost:8000/v1,C1,9,3bb65d16,0.0,2026-08-28T17:56:57.208598,1,"{
  ""score"": 7,
  ""verdict"": ""invest"",
  ""confidence"": 80,
  ""rubric_scores"": {
    ""market_potential"": 4,
    ""technical_feasibility"": 4,
    ""business_viability"": 3
  },
  ""reasoning"": ""While the idea is not revolutionary, it addresses a common problem and has a clear value proposition. With a well-designed app and marketing strategy, PosturePro has the potential to attract a loyal user base and generate revenue.""
}",7,invest,80,4,4,3,"While the idea is not revolutionary, it addresses a common problem and has a clear value proposition. With a well-designed app and marketing strategy, PosturePro has the potential to attract a loyal user base and generate revenue.",True
CASE_SYN_022,models/Meta-Llama-3-8B-Instruct,models/Meta-Llama-3-8B-Instruct,vllm,http://localhost:8000/v1,C1,10,3bb65d16,0.0,2026-08-28T17:56:58.262727,1,"{
  ""score"": 7,
  ""verdict"": ""invest"",
  ""confidence"": 80,
  ""rubric_scores"": {
    ""market_potential"": 4,
    ""technical_feasibility"": 4,
    ""business_viability"": 3
  },
  ""reasoning"": ""While the idea is not revolutionary, it addresses a common problem and has a clear value proposition. With a well-designed app and marketing strategy, PosturePro has the potential to attract a loyal user base and generate revenue.""
}",7,invest,80,4,4,3,"While the idea is not revolutionary, it addresses a common problem and has a clear value proposition. With a well-designed app and marketing strategy, PosturePro has the potential to attract a loyal user base and generate revenue.",True
CASE_SYN_023,models/Meta-Llama-3-8B-Instruct,models/Meta-Llama-3-8B-Instruct,vllm,http://localhost:8000/v1,C1,1,3bb65d16,0.0,2026-08-28T17:56:57.315587,1,"{
  ""score"": 7,
  ""verdict"": ""invest"",
  ""confidence"": 80,
  ""rubric_scores"": {
    ""market_potential"": 4,
    ""technical_feasibility"": 3,
    ""business_viability"": 4
  },
  ""reasoning"": ""I'm investing in ArtisanBox because it combines the growing demand for subscription boxes with the unique value proposition of showcasing local artisans. The video tutorials and artist stories add an educational and emotional layer to the experience, making it a compelling offering.""
}",7,invest,80,4,3,4,"I'm investing in ArtisanBox because it combines the growing demand for subscription boxes with the unique value proposition of showcasing local artisans. The video tutorials and artist stories add an educational and emotional layer to the experience, making it a compelling offering.",True
CASE_SYN_023,models/Meta-Llama-3-8B-Instruct,models/Meta-Llama-3-8B-Instruct,vllm,http://localhost:8000/v1,C1,2,3bb65d16,0.0,2026-08-28T17:56:57.937457,1,"{
  ""score"": 7,
  ""verdict"": ""invest"",
  ""confidence"": 80,
  ""rubric_scores"": {
    ""market_potential"": 4,
    ""technical_feasibility"": 3,
    ""business_viability"": 4
  },
  ""reasoning"": ""I'm investing in ArtisanBox because it combines the growing demand for subscription boxes with the unique value proposition of showcasing local artisans. The video tutorials and artist stories add an educational and emotional layer to the experience, making it a compelling offering.""
}",7,invest,80,4,3,4,"I'm investing in ArtisanBox because it combines the growing demand for subscription boxes with the unique value proposition of showcasing local artisans. The video tutorials and artist stories add an educational and emotional layer to the experience, making it a compelling offering.",True
CASE_SYN_023,models/Meta-Llama-3-8B-Instruct,models/Meta-Llama-3-8B-Instruct,vllm,http://localhost:8000/v1,C1,3,3bb65d16,0.0,2026-08-28T17:57:02.867579,1,"{
  ""score"": 7,
  ""verdict"": ""invest"",
  ""confidence"": 80,
  ""rubric_scores"": {
    ""market_potential"": 4,
    ""technical_feasibility"": 3,
    ""business_viability"": 4
  },
  ""reasoning"": ""I'm investing in ArtisanBox because it combines the growing demand for subscription boxes with the unique value proposition of showcasing local artisans. The video tutorials and artist stories add an educational and emotional layer to the experience, making it a compelling offering.""
}",7,invest,80,4,3,4,"I'm investing in ArtisanBox because it combines the growing demand for subscription boxes with the unique value proposition of showcasing local artisans. The video tutorials and artist stories add an educational and emotional layer to the experience, making it a compelling offering.",True
CASE_SYN_023,models/Meta-Llama-3-8B-Instruct,models/Meta-Llama-3-8B-Instruct,vllm,http://localhost:8000/v1,C1,4,3bb65d16,0.0,2026-08-28T17:57:03.926007,1,"{
  ""score"": 7,
  ""verdict"": ""invest"",
  ""confidence"": 80,
  ""rubric_scores"": {
    ""market_potential"": 4,
    ""technical_feasibility"": 3,
    ""business_viability"": 4
  },
  ""reasoning"": ""I'm investing in ArtisanBox because it combines the growing demand for subscription boxes with the unique value proposition of showcasing local artisans. The video tutorials and artist stories add an educational and emotional layer to the experience, making it a compelling offering.""
}",7,invest,80,4,3,4,"I'm investing in ArtisanBox because it combines the growing demand for subscription boxes with the unique value proposition of showcasing local artisans. The video tutorials and artist stories add an educational and emotional layer to the experience, making it a compelling offering.",True
CASE_SYN_023,models/Meta-Llama-3-8B-Instruct,models/Meta-Llama-3-8B-Instruct,vllm,http://localhost:8000/v1,C1,5,3bb65d16,0.0,2026-08-28T17:57:18.611982,1,"{
  ""score"": 7,
  ""verdict"": ""invest"",
  ""confidence"": 80,
  ""rubric_scores"": {
    ""market_potential"": 4,
    ""technical_feasibility"": 3,
    ""business_viability"": 4
  },
  ""reasoning"": ""I'm investing in ArtisanBox because it combines the growing demand for subscription boxes with the unique value proposition of showcasing local artisans. The video tutorials and artist stories add an educational and emotional layer to the experience, making it a compelling offering.""
}",7,invest,80,4,3,4,"I'm investing in ArtisanBox because it combines the growing demand for subscription boxes with the unique value proposition of showcasing local artisans. The video tutorials and artist stories add an educational and emotional layer to the experience, making it a compelling offering.",True
CASE_SYN_023,models/Meta-Llama-3-8B-Instruct,models/Meta-Llama-3-8B-Instruct,vllm,http://localhost:8000/v1,C1,6,3bb65d16,0.0,2026-08-28T17:57:28.621623,1,"{
  ""score"": 7,
  ""verdict"": ""invest"",
  ""confidence"": 80,
  ""rubric_scores"": {
    ""market_potential"": 4,
    ""technical_feasibility"": 3,
    ""business_viability"": 4
  },
  ""reasoning"": ""I'm investing in ArtisanBox because it combines the growing demand for subscription boxes with the unique value proposition of showcasing local artisans. The video tutorials and artist stories add an educational and emotional layer to the experience, making it a compelling offering.""
}",7,invest,80,4,3,4,"I'm investing in ArtisanBox because it combines the growing demand for subscription boxes with the unique value proposition of showcasing local artisans. The video tutorials and artist stories add an educational and emotional layer to the experience, making it a compelling offering.",True
CASE_SYN_023,models/Meta-Llama-3-8B-Instruct,models/Meta-Llama-3-8B-Instruct,vllm,http://localhost:8000/v1,C1,7,3bb65d16,0.0,2026-08-28T17:57:37.797999,1,"{
  ""score"": 7,
  ""verdict"": ""invest"",
  ""confidence"": 80,
  ""rubric_scores"": {
    ""market_potential"": 4,
    ""technical_feasibility"": 3,
    ""business_viability"": 4
  },
  ""reasoning"": ""I'm investing in ArtisanBox because it combines the growing demand for subscription boxes with the unique value proposition of showcasing local artisans. The video tutorials and artist stories add an educational and emotional layer to the experience, making it a compelling offering.""
}",7,invest,80,4,3,4,"I'm investing in ArtisanBox because it combines the growing demand for subscription boxes with the unique value proposition of showcasing local artisans. The video tutorials and artist stories add an educational and emotional layer to the experience, making it a compelling offering.",True
CASE_SYN_023,models/Meta-Llama-3-8B-Instruct,models/Meta-Llama-3-8B-Instruct,vllm,http://localhost:8000/v1,C1,8,3bb65d16,0.0,2026-08-28T17:57:46.109171,1,"{
  ""score"": 7,
  ""verdict"": ""invest"",
  ""confidence"": 80,
  ""rubric_scores"": {
    ""market_potential"": 4,
    ""technical_feasibility"": 3,
    ""business_viability"": 4
  },
  ""reasoning"": ""I'm investing in ArtisanBox because it combines the growing demand for subscription boxes with the unique value proposition of showcasing local artisans. The video tutorials and artist stories add an educational and emotional layer to the experience, making it a compelling offering.""
}",7,invest,80,4,3,4,"I'm investing in ArtisanBox because it combines the growing demand for subscription boxes with the unique value proposition of showcasing local artisans. The video tutorials and artist stories add an educational and emotional layer to the experience, making it a compelling offering.",True
CASE_SYN_023,models/Meta-Llama-3-8B-Instruct,models/Meta-Llama-3-8B-Instruct,vllm,http://localhost:8000/v1,C1,9,3bb65d16,0.0,2026-08-28T17:57:47.589386,1,"{
  ""score"": 7,
  ""verdict"": ""invest"",
  ""confidence"": 80,
  ""rubric_scores"": {
    ""market_potential"": 4,
    ""technical_feasibility"": 3,
    ""business_viability"": 4
  },
  ""reasoning"": ""I'm investing in ArtisanBox because it combines the growing demand for subscription boxes with the unique value proposition of showcasing local artisans. The video tutorials and artist stories add an educational and emotional layer to the experience, making it a compelling offering.""
}",7,invest,80,4,3,4,"I'm investing in ArtisanBox because it combines the growing demand for subscription boxes with the unique value proposition of showcasing local artisans. The video tutorials and artist stories add an educational and emotional layer to the experience, making it a compelling offering.",True
CASE_SYN_023,models/Meta-Llama-3-8B-Instruct,models/Meta-Llama-3-8B-Instruct,vllm,http://localhost:8000/v1,C1,10,3bb65d16,0.0,2026-08-28T17:57:48.636435,1,"{
  ""score"": 7,
  ""verdict"": ""invest"",
  ""confidence"": 80,
  ""rubric_scores"": {
    ""market_potential"": 4,
    ""technical_feasibility"": 3,
    ""business_viability"": 4
  },
  ""reasoning"": ""I'm investing in ArtisanBox because it combines the growing demand for subscription boxes with the unique value proposition of showcasing local artisans. The video tutorials and artist stories add an educational and emotional layer to the experience, making it a compelling offering.""
}",7,invest,80,4,3,4,"I'm investing in ArtisanBox because it combines the growing demand for subscription boxes with the unique value proposition of showcasing local artisans. The video tutorials and artist stories add an educational and emotional layer to the experience, making it a compelling offering.",True
CASE_SYN_024,models/Meta-Llama-3-8B-Instruct,models/Meta-Llama-3-8B-Instruct,vllm,http://localhost:8000/v1,C1,1,3bb65d16,0.0,2026-08-28T17:57:47.683373,1,"{
  ""score"": 8,
  ""verdict"": ""invest"",
  ""confidence"": 80,
  ""rubric_scores"": {
    ""market_potential"": 4,
    ""technical_feasibility"": 5,
    ""business_viability"": 3
  },
  ""reasoning"": ""I'm investing in NoiseNest because it addresses a common problem (noise disturbance) with a unique solution (adaptive soundscapes). While the market potential is significant, I'm less confident in the business viability due to the competitive white noise machine market.""
}",8,invest,80,4,5,3,"I'm investing in NoiseNest because it addresses a common problem (noise disturbance) with a unique solution (adaptive soundscapes). While the market potential is significant, I'm less confident in the business viability due to the competitive white noise machine market.",True
CASE_SYN_024,models/Meta-Llama-3-8B-Instruct,models/Meta-Llama-3-8B-Instruct,vllm,http://localhost:8000/v1,C1,2,3bb65d16,0.0,2026-08-28T17:57:48.306516,1,"{
  ""score"": 8,
  ""verdict"": ""invest"",
  ""confidence"": 80,
  ""rubric_scores"": {
    ""market_potential"": 4,
    ""technical_feasibility"": 5,
    ""business_viability"": 3
  },
  ""reasoning"": ""I'm investing in NoiseNest because it addresses a common problem (noise disturbance) with a unique solution (adaptive soundscapes). While the market potential is significant, I'm less confident in the business viability due to the competitive white noise machine market.""
}",8,invest,80,4,5,3,"I'm investing in NoiseNest because it addresses a common problem (noise disturbance) with a unique solution (adaptive soundscapes). While the market potential is significant, I'm less confident in the business viability due to the competitive white noise machine market.",True
CASE_SYN_024,models/Meta-Llama-3-8B-Instruct,models/Meta-Llama-3-8B-Instruct,vllm,http://localhost:8000/v1,C1,3,3bb65d16,0.0,2026-08-28T17:57:53.637010,1,"{
  ""score"": 8,
  ""verdict"": ""invest"",
  ""confidence"": 80,
  ""rubric_scores"": {
    ""market_potential"": 4,
    ""technical_feasibility"": 5,
    ""business_viability"": 3
  },
  ""reasoning"": ""I'm investing in NoiseNest because it addresses a common problem (noise disturbance) with a unique solution (adaptive soundscapes). While the market potential is significant, I'm less confident in the business viability due to the competitive white noise machine market.""
}",8,invest,80,4,5,3,"I'm investing in NoiseNest because it addresses a common problem (noise disturbance) with a unique solution (adaptive soundscapes). While the market potential is significant, I'm less confident in the business viability due to the competitive white noise machine market.",True
CASE_SYN_024,models/Meta-Llama-3-8B-Instruct,models/Meta-Llama-3-8B-Instruct,vllm,http://localhost:8000/v1,C1,4,3bb65d16,0.0,2026-08-28T17:57:54.686241,1,"{
  ""score"": 8,
  ""verdict"": ""invest"",
  ""confidence"": 80,
  ""rubric_scores"": {
    ""market_potential"": 4,
    ""technical_feasibility"": 5,
    ""business_viability"": 3
  },
  ""reasoning"": ""I'm investing in NoiseNest because it addresses a common problem (noise disturbance) with a unique solution (adaptive soundscapes). While the market potential is significant, I'm less confident in the business viability due to the competitive white noise machine market.""
}",8,invest,80,4,5,3,"I'm investing in NoiseNest because it addresses a common problem (noise disturbance) with a unique solution (adaptive soundscapes). While the market potential is significant, I'm less confident in the business viability due to the competitive white noise machine market.",True
CASE_SYN_024,models/Meta-Llama-3-8B-Instruct,models/Meta-Llama-3-8B-Instruct,vllm,http://localhost:8000/v1,C1,5,3bb65d16,0.0,2026-08-28T17:58:09.801986,1,"{
  ""score"": 8,
  ""verdict"": ""invest"",
  ""confidence"": 80,
  ""rubric_scores"": {
    ""market_potential"": 4,
    ""technical_feasibility"": 5,
    ""business_viability"": 3
  },
  ""reasoning"": ""I'm investing in NoiseNest because it addresses a common problem (noise disturbance) with a unique solution (adaptive soundscapes). While the market potential is significant, I'm less confident in the business viability due to the competitive white noise machine market.""
}",8,invest,80,4,5,3,"I'm investing in NoiseNest because it addresses a common problem (noise disturbance) with a unique solution (adaptive soundscapes). While the market potential is significant, I'm less confident in the business viability due to the competitive white noise machine market.",True
CASE_SYN_024,models/Meta-Llama-3-8B-Instruct,models/Meta-Llama-3-8B-Instruct,vllm,http://localhost:8000/v1,C1,6,3bb65d16,0.0,2026-08-28T17:58:19.813012,1,"{
  ""score"": 8,
  ""verdict"": ""invest"",
  ""confidence"": 80,
  ""rubric_scores"": {
    ""market_potential"": 4,
    ""technical_feasibility"": 5,
    ""business_viability"": 3
  },
  ""reasoning"": ""I'm investing in NoiseNest because it addresses a common problem (noise disturbance) with a unique solution (adaptive soundscapes). While the market potential is significant, I'm less confident in the business viability due to the competitive white noise machine market.""
}",8,invest,80,4,5,3,"I'm investing in NoiseNest because it addresses a common problem (noise disturbance) with a unique solution (adaptive soundscapes). While the market potential is significant, I'm less confident in the business viability due to the competitive white noise machine market.",True
CASE_SYN_024,models/Meta-Llama-3-8B-Instruct,models/Meta-Llama-3-8B-Instruct,vllm,http://localhost:8000/v1,C1,7,3bb65d16,0.0,2026-08-28T17:58:29.424118,1,"{
  ""score"": 8,
  ""verdict"": ""invest"",
  ""confidence"": 80,
  ""rubric_scores"": {
    ""market_potential"": 4,
    ""technical_feasibility"": 5,
    ""business_viability"": 3
  },
  ""reasoning"": ""I'm investing in NoiseNest because it addresses a common problem (noise disturbance) with a unique solution (adaptive soundscapes). While the market potential is significant, I'm less confident in the business viability due to the competitive white noise machine market.""
}",8,invest,80,4,5,3,"I'm investing in NoiseNest because it addresses a common problem (noise disturbance) with a unique solution (adaptive soundscapes). While the market potential is significant, I'm less confident in the business viability due to the competitive white noise machine market.",True
CASE_SYN_025,models/Meta-Llama-3-8B-Instruct,models/Meta-Llama-3-8B-Instruct,vllm,http://localhost:8000/v1,C1,1,3bb65d16,0.0,2026-08-28T17:58:39.328919,1,"{
  ""score"": 8,
  ""verdict"": ""invest"",
  ""confidence"": 80,
  ""rubric_scores"": {
    ""market_potential"": 4,
    ""technical_feasibility"": 4,
    ""business_viability"": 4
  },
  ""reasoning"": ""TaskTally's gamified approach to task management has the potential to engage users and drive adoption. With a clear path to monetization through partner rewards, the business model appears viable.""
}",8,invest,80,4,4,4,"TaskTally's gamified approach to task management has the potential to engage users and drive adoption. With a clear path to monetization through partner rewards, the business model appears viable.",True
CASE_SYN_025,models/Meta-Llama-3-8B-Instruct,models/Meta-Llama-3-8B-Instruct,vllm,http://localhost:8000/v1,C1,2,3bb65d16,0.0,2026-08-28T17:58:39.954478,1,"{
  ""score"": 8,
  ""verdict"": ""invest"",
  ""confidence"": 80,
  ""rubric_scores"": {
    ""market_potential"": 4,
    ""technical_feasibility"": 4,
    ""business_viability"": 4
  },
  ""reasoning"": ""TaskTally's gamified approach to task management has the potential to engage users and drive adoption. With a clear path to monetization through partner rewards, the business model appears viable.""
}",8,invest,80,4,4,4,"TaskTally's gamified approach to task management has the potential to engage users and drive adoption. With a clear path to monetization through partner rewards, the business model appears viable.",True
CASE_SYN_024,models/Meta-Llama-3-8B-Instruct,models/Meta-Llama-3-8B-Instruct,vllm,http://localhost:8000/v1,C1,8,3bb65d16,0.0,2026-08-28T17:58:37.742361,1,"{
  ""score"": 8,
  ""verdict"": ""invest"",
  ""confidence"": 80,
  ""rubric_scores"": {
    ""market_potential"": 4,
    ""technical_feasibility"": 5,
    ""business_viability"": 3
  },
  ""reasoning"": ""I'm investing in NoiseNest because it addresses a common problem (noise disturbance) with a unique solution (adaptive soundscapes). While the market potential is significant, I'm less confident in the business viability due to the competitive white noise machine market.""
}",8,invest,80,4,5,3,"I'm investing in NoiseNest because it addresses a common problem (noise disturbance) with a unique solution (adaptive soundscapes). While the market potential is significant, I'm less confident in the business viability due to the competitive white noise machine market.",True
CASE_SYN_025,models/Meta-Llama-3-8B-Instruct,models/Meta-Llama-3-8B-Instruct,vllm,http://localhost:8000/v1,C1,3,3bb65d16,0.0,2026-08-28T17:58:45.727382,1,"{
  ""score"": 8,
  ""verdict"": ""invest"",
  ""confidence"": 80,
  ""rubric_scores"": {
    ""market_potential"": 4,
    ""technical_feasibility"": 4,
    ""business_viability"": 4
  },
  ""reasoning"": ""TaskTally's gamified approach to task management has the potential to engage users and drive adoption. With a clear path to monetization through partner rewards, the business model appears viable.""
}",8,invest,80,4,4,4,"TaskTally's gamified approach to task management has the potential to engage users and drive adoption. With a clear path to monetization through partner rewards, the business model appears viable.",True
CASE_SYN_024,models/Meta-Llama-3-8B-Instruct,models/Meta-Llama-3-8B-Instruct,vllm,http://localhost:8000/v1,C1,9,3bb65d16,0.0,2026-08-28T17:58:39.648296,1,"{
  ""score"": 8,
  ""verdict"": ""invest"",
  ""confidence"": 80,
  ""rubric_scores"": {
    ""market_potential"": 4,
    ""technical_feasibility"": 5,
    ""business_viability"": 3
  },
  ""reasoning"": ""I'm investing in NoiseNest because it addresses a common problem (noise disturbance) with a unique solution (adaptive soundscapes). While the market potential is significant, I'm less confident in the business viability due to the competitive white noise machine market.""
}",8,invest,80,4,5,3,"I'm investing in NoiseNest because it addresses a common problem (noise disturbance) with a unique solution (adaptive soundscapes). While the market potential is significant, I'm less confident in the business viability due to the competitive white noise machine market.",True
CASE_SYN_024,models/Meta-Llama-3-8B-Instruct,models/Meta-Llama-3-8B-Instruct,vllm,http://localhost:8000/v1,C1,10,3bb65d16,0.0,2026-08-28T17:58:40.702055,1,"{
  ""score"": 8,
  ""verdict"": ""invest"",
  ""confidence"": 80,
  ""rubric_scores"": {
    ""market_potential"": 4,
    ""technical_feasibility"": 5,
    ""business_viability"": 3
  },
  ""reasoning"": ""I'm investing in NoiseNest because it addresses a common problem (noise disturbance) with a unique solution (adaptive soundscapes). While the market potential is significant, I'm less confident in the business viability due to the competitive white noise machine market.""
}",8,invest,80,4,5,3,"I'm investing in NoiseNest because it addresses a common problem (noise disturbance) with a unique solution (adaptive soundscapes). While the market potential is significant, I'm less confident in the business viability due to the competitive white noise machine market.",True
CASE_SYN_025,models/Meta-Llama-3-8B-Instruct,models/Meta-Llama-3-8B-Instruct,vllm,http://localhost:8000/v1,C1,4,3bb65d16,0.0,2026-08-28T17:58:46.784206,1,"{
  ""score"": 8,
  ""verdict"": ""invest"",
  ""confidence"": 80,
  ""rubric_scores"": {
    ""market_potential"": 4,
    ""technical_feasibility"": 4,
    ""business_viability"": 4
  },
  ""reasoning"": ""TaskTally's gamified approach to task management has the potential to engage users and drive adoption. With a clear path to monetization through partner rewards, the business model appears viable.""
}",8,invest,80,4,4,4,"TaskTally's gamified approach to task management has the potential to engage users and drive adoption. With a clear path to monetization through partner rewards, the business model appears viable.",True
CASE_SYN_025,models/Meta-Llama-3-8B-Instruct,models/Meta-Llama-3-8B-Instruct,vllm,http://localhost:8000/v1,C1,5,3bb65d16,0.0,2026-08-28T17:59:02.323141,1,"{
  ""score"": 8,
  ""verdict"": ""invest"",
  ""confidence"": 80,
  ""rubric_scores"": {
    ""market_potential"": 4,
    ""technical_feasibility"": 4,
    ""business_viability"": 4
  },
  ""reasoning"": ""TaskTally's gamified approach to task management has the potential to engage users and drive adoption. With a clear path to monetization through partner rewards, the business model appears viable.""
}",8,invest,80,4,4,4,"TaskTally's gamified approach to task management has the potential to engage users and drive adoption. With a clear path to monetization through partner rewards, the business model appears viable.",True
CASE_SYN_025,models/Meta-Llama-3-8B-Instruct,models/Meta-Llama-3-8B-Instruct,vllm,http://localhost:8000/v1,C1,6,3bb65d16,0.0,2026-08-28T17:59:12.343611,1,"{
  ""score"": 8,
  ""verdict"": ""invest"",
  ""confidence"": 80,
  ""rubric_scores"": {
    ""market_potential"": 4,
    ""technical_feasibility"": 4,
    ""business_viability"": 4
  },
  ""reasoning"": ""TaskTally's gamified approach to task management has the potential to engage users and drive adoption. With a clear path to monetization through partner rewards, the business model appears viable.""
}",8,invest,80,4,4,4,"TaskTally's gamified approach to task management has the potential to engage users and drive adoption. With a clear path to monetization through partner rewards, the business model appears viable.",True
CASE_SYN_025,models/Meta-Llama-3-8B-Instruct,models/Meta-Llama-3-8B-Instruct,vllm,http://localhost:8000/v1,C1,7,3bb65d16,0.0,2026-08-28T17:59:22.378650,1,"{
  ""score"": 8,
  ""verdict"": ""invest"",
  ""confidence"": 80,
  ""rubric_scores"": {
    ""market_potential"": 4,
    ""technical_feasibility"": 4,
    ""business_viability"": 4
  },
  ""reasoning"": ""TaskTally's gamified approach to task management has the potential to engage users and drive adoption. With a clear path to monetization through partner rewards, the business model appears viable.""
}",8,invest,80,4,4,4,"TaskTally's gamified approach to task management has the potential to engage users and drive adoption. With a clear path to monetization through partner rewards, the business model appears viable.",True
CASE_SYN_025,models/Meta-Llama-3-8B-Instruct,models/Meta-Llama-3-8B-Instruct,vllm,http://localhost:8000/v1,C1,8,3bb65d16,0.0,2026-08-28T17:59:26.426452,1,"{
  ""score"": 8,
  ""verdict"": ""invest"",
  ""confidence"": 80,
  ""rubric_scores"": {
    ""market_potential"": 4,
    ""technical_feasibility"": 4,
    ""business_viability"": 4
  },
  ""reasoning"": ""TaskTally's gamified approach to task management has the potential to engage users and drive adoption. With a clear path to monetization through partner rewards, the business model appears viable.""
}",8,invest,80,4,4,4,"TaskTally's gamified approach to task management has the potential to engage users and drive adoption. With a clear path to monetization through partner rewards, the business model appears viable.",True
CASE_SYN_025,models/Meta-Llama-3-8B-Instruct,models/Meta-Llama-3-8B-Instruct,vllm,http://localhost:8000/v1,C1,9,3bb65d16,0.0,2026-08-28T17:59:27.050023,1,"{
  ""score"": 8,
  ""verdict"": ""invest"",
  ""confidence"": 80,
  ""rubric_scores"": {
    ""market_potential"": 4,
    ""technical_feasibility"": 4,
    ""business_viability"": 4
  },
  ""reasoning"": ""TaskTally's gamified approach to task management has the potential to engage users and drive adoption. With a clear path to monetization through partner rewards, the business model appears viable.""
}",8,invest,80,4,4,4,"TaskTally's gamified approach to task management has the potential to engage users and drive adoption. With a clear path to monetization through partner rewards, the business model appears viable.",True
CASE_SYN_025,models/Meta-Llama-3-8B-Instruct,models/Meta-Llama-3-8B-Instruct,vllm,http://localhost:8000/v1,C1,10,3bb65d16,0.0,2026-08-28T17:59:31.082035,1,"{
  ""score"": 8,
  ""verdict"": ""invest"",
  ""confidence"": 80,
  ""rubric_scores"": {
    ""market_potential"": 4,
    ""technical_feasibility"": 4,
    ""business_viability"": 4
  },
  ""reasoning"": ""TaskTally's gamified approach to task management has the potential to engage users and drive adoption. With a clear path to monetization through partner rewards, the business model appears viable.""
}",8,invest,80,4,4,4,"TaskTally's gamified approach to task management has the potential to engage users and drive adoption. With a clear path to monetization through partner rewards, the business model appears viable.",True
